# ICT-FaceKit generic neutral mesh, MIT License, Copyright (c) 2020 USC Institute for Creative Technologies
# https://github.com/USC-ICT/ICT-FaceKit — trimmed by scripts/ict-face.ts
v -0.405 -8.4 6.834
v -0.812 -8.349 6.826
v -0.804 -8.42 6.474
v -0.4 -8.472 6.484
v -1.219 -8.269 6.809
v -1.207 -8.335 6.452
v -5.151 1.835 8.584
v -5.221 2.058 8.425
v -5.567 1.959 8.187
v -5.51 1.724 8.353
v -3.329 -1.159 9.972
v -3.053 -1.396 10.069
v -2.841 -1.16 10.117
v -3.115 -0.916 10.04
v -2.608 -1.384 10.226
v -2.817 -1.614 10.192
v -3.627 -0.907 9.855
v -3.405 -0.659 9.941
v -2.64 -0.935 10.139
v -2.897 -0.689 10.082
v -4.515 -0.05 9.358
v -4.236 0.193 9.489
v -4.477 0.491 9.335
v -4.778 0.263 9.183
v -3.947 0.409 9.578
v -4.169 0.693 9.438
v -3.691 -0.386 9.808
v -3.445 -0.156 9.88
v -3.705 0.124 9.731
v -3.971 -0.102 9.651
v -3.174 -0.428 10.002
v -3.199 0.058 9.926
v -2.962 0.259 9.956
v -3.186 0.518 9.823
v -3.441 0.329 9.786
v -3.93 -0.637 9.707
v -4.228 -0.35 9.536
v -5.554 2.972 7.833
v -5.798 2.959 7.592
v -5.753 2.766 7.671
v -5.49 2.8 7.91
v -5.901 3.454 7.508
v -5.873 3.3 7.515
v -5.658 3.278 7.754
v -5.702 3.415 7.747
v -5.923 3.603 7.521
v -5.737 3.547 7.756
v -5.762 3.678 7.781
v -5.935 3.752 7.551
v -5.775 3.936 7.881
v -5.76 4.066 7.969
v -5.906 4.198 7.766
v -5.928 4.046 7.667
v -5.839 3.135 7.541
v -5.609 3.131 7.782
v -5.464 3.275 7.939
v -5.411 3.145 7.963
v -5.709 2.573 7.77
v -5.429 2.627 8.007
v -5.726 4.199 8.085
v -5.865 4.353 7.891
v -5.611 3.959 8.124
v -5.58 4.071 8.23
v -5.624 3.85 8.048
v -5.561 3.514 7.942
v -5.409 3.5 8.087
v -5.452 3.602 8.101
v -5.594 3.627 7.963
v -5.52 3.397 7.932
v -5.364 3.398 8.078
v -5.303 3.289 8.084
v -5.239 3.174 8.11
v -5.159 3.314 8.209
v -5.227 3.411 8.201
v -5.088 3.211 8.237
v -5.493 3.796 8.17
v -5.484 3.886 8.233
v -5.456 3.98 8.324
v -5.388 3.837 8.306
v -5.388 3.764 8.261
v -5.285 3.505 8.204
v -5.328 3.594 8.214
v -5.406 4.077 8.438
v -5.526 4.187 8.362
v -5.455 4.3 8.51
v -5.605 4.469 8.384
v -5.672 4.334 8.228
v -5.331 4.173 8.573
v -5.812 4.508 8.039
v -5.303 3.983 8.481
v -5.359 3.906 8.377
v -5.23 4.067 8.604
v -5.74 4.66 8.2
v -2.945 -0.21 10.038
v -2.689 -0.469 10.107
v -2.487 -0.257 10.131
v -2.725 -0.002 10.065
v -2.288 -0.042 10.162
v -2.08 -0.285 10.2
v -1.893 -0.039 10.314
v -2.103 0.188 10.21
v -2.448 -0.715 10.152
v -2.248 -0.941 10.235
v -2.086 -0.735 10.239
v -2.263 -0.502 10.167
v -1.948 -0.539 10.266
v -1.873 -0.356 10.367
v -1.276 -0.967 10.88
v -1.412 -0.96 10.777
v -1.4 -1.121 10.741
v -1.253 -1.145 10.871
v -1.133 -0.943 11.003
v -1.105 -1.154 11.005
v -0.969 -0.976 11.127
v -0.972 -1.149 11.133
v -0.847 -0.983 11.236
v -0.85 -1.144 11.245
v -2.315 0.418 10.122
v -1.95 0.443 10.285
v -2.13 0.638 10.164
v -1.963 0.856 10.234
v -1.815 0.68 10.383
v -2.512 0.203 10.09
v -2.425 -1.163 10.235
v -5.296 4.885 8.885
v -5.425 5.103 8.716
v -5.55 4.959 8.541
v -5.417 4.748 8.717
v -5.125 5.362 9.053
v -5.001 5.138 9.205
v -4.835 5.249 9.35
v -4.954 5.472 9.208
v -4.122 5.754 9.784
v -4.009 5.527 9.866
v -3.767 5.555 9.981
v -3.876 5.787 9.917
v -4.852 4.926 9.302
v -4.687 5.035 9.439
v -5.145 4.683 8.994
v -5.268 4.554 8.831
v -5.655 4.811 8.368
v -5.521 4.609 8.547
v -5.371 4.426 8.666
v -2.733 0.452 9.982
v -2.515 0.647 10.006
v -2.703 0.872 9.875
v -2.939 0.698 9.851
v -2.309 0.842 10.037
v -2.48 1.045 9.901
v -2.117 1.037 10.085
v -2.27 1.219 9.938
v -1.396 -1.884 11.155
v -1.599 -1.887 11.024
v -1.6 -2.121 11.124
v -1.402 -2.097 11.246
v -1.223 -2.082 11.355
v -1.216 -1.88 11.269
v -1.821 -2.146 10.984
v -1.842 -1.873 10.862
v -5.236 4.282 8.729
v -5.125 4.399 8.894
v -5.007 4.277 8.921
v -5.122 4.167 8.76
v -4.883 4.387 9.073
v -5.003 4.52 9.05
v -4.707 4.747 9.346
v -4.539 4.851 9.477
v -4.587 4.601 9.358
v -4.416 4.699 9.486
v -1.938 1.232 10.148
v -2.072 1.396 9.985
v -3.627 5.806 10.042
v -3.523 5.572 10.089
v -3.283 5.582 10.189
v -3.384 5.815 10.155
v -2.507 5.386 10.413
v -2.415 5.201 10.339
v -2.177 5.257 10.449
v -2.277 5.407 10.494
v -2.294 5.028 10.244
v -2.036 5.106 10.395
v -3.297 5.138 10.021
v -3.196 4.953 9.927
v -2.982 4.953 9.975
v -3.078 5.146 10.088
v -3.404 5.345 10.085
v -3.174 5.355 10.167
v -3.882 5.303 9.898
v -3.752 5.104 9.874
v -3.523 5.127 9.952
v -3.645 5.33 9.994
v -3.636 4.927 9.826
v -3.415 4.946 9.88
v -1.743 2.823 9.474
v -1.64 2.962 9.465
v -1.707 3.007 9.424
v -1.813 2.882 9.441
v -1.949 2.77 9.447
v -1.882 2.695 9.476
v -0.728 -1.14 11.34
v -0.729 -0.979 11.33
v -0.346 -1.169 11.526
v -0.338 -1.017 11.569
v -0.472 -0.948 11.513
v -0.472 -1.142 11.483
v -0.111 -1.08 11.623
v -0.113 -1.203 11.563
v 0 -1.203 11.566
v 0 -1.088 11.633
v -0.879 -1.498 11.327
v -0.744 -1.501 11.41
v -0.734 -1.313 11.367
v -0.862 -1.313 11.275
v -0.482 -1.51 11.513
v -0.359 -1.514 11.532
v -0.353 -1.337 11.52
v -0.479 -1.326 11.488
v -0.324 -2.021 11.633
v -0.352 -1.869 11.586
v -0.47 -1.88 11.59
v -0.441 -2.056 11.653
v -0.748 -2.067 11.602
v -0.751 -1.882 11.525
v -0.901 -1.88 11.458
v -0.903 -2.068 11.536
v -0.239 -1.517 11.534
v -0.12 -1.517 11.525
v -0.117 -1.352 11.533
v -0.234 -1.347 11.533
v -1.169 -1.489 11.117
v -1.019 -1.493 11.229
v -0.993 -1.316 11.171
v -1.133 -1.317 11.053
v -1.059 -2.074 11.452
v -1.054 -1.88 11.372
v -1.332 -1.478 10.993
v -1.29 -1.305 10.924
v -1.553 4.381 9.878
v -1.365 4.205 9.811
v -1.144 4.257 10.032
v -1.304 4.452 10.095
v -2.763 4.959 10.034
v -2.864 5.155 10.157
v -3.144 5.818 10.26
v -3.057 5.586 10.28
v -2.958 5.363 10.245
v -1.196 4.002 9.775
v -1.071 3.77 9.775
v -0.913 3.805 10.014
v -1.009 4.04 10.004
v -0.749 3.846 10.259
v -0.817 4.076 10.241
v -0.583 4.119 10.442
v -0.542 3.894 10.469
v -0.224 -1.057 11.603
v -0.228 -1.19 11.55
v 0 -1.513 11.52
v 0 -1.35 11.531
v -0.126 -1.854 11.55
v -0.24 -1.855 11.574
v -0.227 -1.996 11.606
v -0.122 -1.997 11.582
v 0 -1.853 11.539
v 0 -2 11.573
v -2.285 -2.861 10.743
v -2.394 -2.685 10.676
v -2.563 -2.826 10.548
v -2.435 -2.975 10.604
v -2.196 -2.559 10.813
v -2.111 -2.758 10.893
v -1.927 -2.669 11.04
v -1.986 -2.455 10.958
v -2.696 -2.979 10.439
v -2.556 -3.096 10.484
v -2.793 -3.117 10.347
v -2.647 -3.212 10.385
v -2.903 -3.364 10.203
v -2.751 -3.415 10.231
v -2.711 -3.317 10.301
v -2.86 -3.245 10.271
v -1.739 -2.599 11.179
v -1.777 -2.388 11.097
v -1.395 -2.304 11.34
v -1.581 -2.341 11.226
v -1.557 -2.544 11.307
v -1.379 -2.497 11.416
v -1.21 -2.462 11.513
v -1.049 -2.44 11.597
v -1.059 -2.26 11.536
v -1.221 -2.277 11.444
v -2.772 -3.511 10.172
v -2.925 -3.481 10.141
v -2.935 -3.599 10.087
v -2.774 -3.612 10.123
v -2.925 -3.72 10.045
v -2.762 -3.71 10.095
v -2.679 -2.26 10.44
v -2.531 -2.48 10.575
v -2.31 -2.32 10.698
v -2.444 -2.061 10.545
v -2.881 -2.48 10.338
v -2.716 -2.66 10.459
v -0.9 -2.249 11.617
v -0.89 -2.426 11.67
v -0.728 -2.422 11.729
v -0.74 -2.245 11.681
v -3.11 -3.721 9.974
v -3.119 -3.574 10.024
v -2.856 -2.844 10.361
v -3.028 -2.692 10.249
v -2.961 -3.01 10.275
v -3.136 -2.882 10.168
v -3.077 -3.294 10.139
v -3.03 -3.155 10.203
v -3.207 -3.046 10.1
v -3.262 -3.208 10.037
v -2.654 -4.308 10.12
v -2.516 -4.187 10.23
v -2.616 -4.042 10.152
v -2.759 -4.141 10.054
v -2.513 -4.497 10.21
v -2.379 -4.345 10.332
v -3.106 -3.432 10.079
v -3.297 -3.368 9.979
v -3.315 -3.534 9.923
v -3.309 -3.71 9.876
v -2.343 -4.686 10.308
v -2.211 -4.508 10.446
v -2.818 -4.432 9.989
v -2.93 -4.229 9.941
v -3.57 -2.799 9.824
v -3.789 -2.66 9.658
v -3.852 -2.899 9.579
v -3.637 -3.008 9.751
v -2.15 -4.864 10.399
v -2.018 -4.663 10.55
v -2.677 -4.649 10.061
v -3.683 -3.218 9.686
v -3.9 -3.14 9.504
v -3.923 -3.389 9.445
v -3.712 -3.437 9.629
v -3.923 -3.649 9.401
v -3.716 -3.669 9.585
v -4.055 -2.509 9.462
v -4.113 -2.784 9.369
v -4.365 -2.349 9.222
v -4.415 -2.659 9.109
v -1.94 -5.026 10.481
v -1.814 -4.801 10.636
v -2.497 -4.865 10.15
v -2.995 -4.541 9.846
v -3.116 -4.307 9.815
v -2.849 -4.788 9.901
v -4.149 -3.06 9.286
v -4.436 -2.973 9.015
v -4.434 -3.293 8.94
v -4.167 -3.344 9.216
v -4.159 -3.639 9.168
v -4.41 -3.622 8.884
v -5.026 -0.612 8.948
v -4.786 -0.318 9.178
v -5.071 0.008 8.971
v -5.344 -0.271 8.698
v -1.72 -5.173 10.552
v -1.596 -4.924 10.704
v -2.297 -5.066 10.238
v -2.665 -5.033 9.976
v -2.086 -5.25 10.326
v -1.87 -5.42 10.414
v -2.458 -5.259 10.066
v -2.246 -5.469 10.166
v -4.355 -3.957 8.851
v -4.118 -3.943 9.139
v -4.676 -3.596 8.549
v -4.72 -3.234 8.611
v -5.011 -3.174 8.238
v -4.954 -3.567 8.174
v -5.938 2.095 7.723
v -6.212 2.024 7.389
v -6.179 1.758 7.544
v -5.894 1.857 7.885
v -5.843 1.601 8.059
v -6.131 1.476 7.716
v -4.607 -3.965 8.51
v -4.87 -3.97 8.131
v -5.587 -3.051 7.403
v -5.493 -3.512 7.358
v -5.233 -3.539 7.774
v -5.305 -3.113 7.835
v -5.999 2.54 7.464
v -6.021 2.754 7.368
v -6.254 2.751 7.053
v -6.244 2.519 7.145
v -5.376 -3.972 7.33
v -5.132 -3.973 7.735
v -6.044 2.961 7.297
v -6.258 2.973 6.992
v -5.829 -3.006 6.969
v -5.719 -3.487 6.942
v -6.198 -2.944 6.097
v -6.073 -3.457 6.106
v -5.91 -3.472 6.53
v -6.028 -2.975 6.538
v -6.255 3.576 6.951
v -6.259 3.384 6.942
v -6.077 3.337 7.234
v -6.089 3.511 7.233
v -6.064 3.155 7.253
v -6.26 3.184 6.954
v -4.223 -5.6 8.137
v -3.992 -5.997 8.176
v -3.802 -5.866 8.561
v -4.015 -5.49 8.516
v -5.764 -3.973 6.526
v -5.917 -3.973 6.117
v -5.586 -3.973 6.929
v -6.323 -3.411 5.252
v -6.211 -3.436 5.679
v -6.34 -2.914 5.655
v -6.454 -2.875 5.214
v -6.615 2.757 6.423
v -6.631 2.492 6.483
v -6.454 2.503 6.815
v -6.448 2.752 6.74
v -6.899 2.49 5.828
v -6.877 2.783 5.79
v -6.984 2.804 5.462
v -7.008 2.498 5.485
v -6.093 3.847 7.288
v -6.228 3.95 7.026
v -6.244 3.765 6.977
v -6.096 3.68 7.251
v -6.047 -3.967 5.703
v -6.151 -3.957 5.288
v -6.408 -3.38 4.826
v -6.542 -2.831 4.772
v -7.108 2.514 5.116
v -7.085 2.831 5.106
v -7.174 2.863 4.73
v -7.191 2.535 4.726
v -6.848 3.064 5.77
v -6.955 3.098 5.451
v -6.441 2.989 6.687
v -6.597 3.01 6.381
v -6.06 4.18 7.428
v -6.026 4.35 7.537
v -6.125 4.501 7.295
v -6.169 4.317 7.183
v -3.738 -6.377 8.225
v -3.454 -6.73 8.279
v -3.322 -6.584 8.695
v -3.572 -6.233 8.622
v -6.229 -3.94 4.875
v -7.15 3.182 4.744
v -7.056 3.137 5.109
v -7.249 2.899 4.345
v -7.261 2.56 4.33
v -6.785 3.596 5.782
v -6.747 3.851 5.817
v -6.849 3.924 5.52
v -6.888 3.656 5.478
v -6.524 3.712 6.387
v -6.553 3.486 6.362
v -6.417 3.435 6.651
v -6.398 3.644 6.668
v -6.576 3.253 6.361
v -6.429 3.216 6.658
v -6.818 3.334 5.767
v -6.923 3.381 5.456
v -6.066 4.683 7.426
v -5.978 4.519 7.666
v -5.914 4.688 7.814
v -5.995 4.862 7.577
v -7.233 3.229 4.37
v -6.987 3.719 5.157
v -6.946 3.999 5.208
v -7.043 4.081 4.876
v -7.083 3.788 4.814
v -7.12 3.489 4.771
v -7.023 3.432 5.125
v -7.314 2.941 3.949
v -7.315 2.591 3.921
v -6.759 4.447 5.667
v -6.805 4.188 5.582
v -6.706 4.101 5.872
v -6.66 4.347 5.949
v -6.458 4.152 6.494
v -6.492 3.933 6.431
v -6.374 3.85 6.705
v -6.348 4.052 6.761
v -3.164 -6.414 9.064
v -2.985 -6.233 9.373
v -3.191 -5.916 9.266
v -3.387 -6.075 8.973
v -3.626 -6.934 7.398
v -3.246 -7.226 7.434
v -3.206 -7.151 7.884
v -3.553 -6.847 7.839
v -7.176 3.86 4.457
v -7.209 3.549 4.405
v -7.138 4.164 4.531
v -7.306 3.281 3.987
v -7.001 4.37 4.96
v -6.903 4.276 5.28
v -6.858 4.549 5.374
v -6.958 4.656 5.066
v -6.303 4.787 6.804
v -6.363 4.578 6.681
v -6.268 4.45 6.934
v -6.215 4.646 7.051
v -6.553 4.827 6.169
v -6.486 5.059 6.31
v -6.584 5.197 6.054
v -6.651 4.953 5.904
v -5.745 5.009 8.145
v -5.815 5.199 7.91
v -5.912 5.034 7.739
v -5.838 4.851 7.976
v -7.23 4.248 4.178
v -7.263 3.933 4.093
v -7.098 4.466 4.626
v -7.056 4.764 4.743
v -6.75 5.082 5.631
v -6.684 5.338 5.79
v -6.785 5.481 5.515
v -6.852 5.213 5.345
v -6.421 5.658 6.406
v -6.507 5.433 6.223
v -6.411 5.285 6.469
v -6.326 5.5 6.643
v -6.15 5.188 7.107
v -6.231 4.991 6.948
v -6.148 4.839 7.186
v -6.071 5.029 7.339
v -5.638 5.162 8.323
v -5.706 5.354 8.091
v -0.827 -8.253 7.66
v -0.413 -8.296 7.666
v -0.414 -8.237 8.127
v -0.829 -8.193 8.119
v -1.235 -8.222 7.208
v -0.822 -8.297 7.223
v -3.392 -5.589 9.184
v -3.598 -5.728 8.9
v -7.194 4.561 4.282
v -7.153 4.872 4.41
v -6.886 5.627 5.227
v -6.951 5.346 5.046
v -6.709 5.739 5.703
v -6.608 5.585 5.968
v -6.52 5.821 6.16
v -6.621 5.987 5.904
v -5.212 5.569 8.857
v -5.281 5.765 8.648
v -5.439 5.639 8.463
v -5.371 5.445 8.683
v -5.514 5.309 8.503
v -5.581 5.501 8.276
v -0.41 -8.347 7.23
v -6.985 5.774 4.926
v -7.05 5.481 4.734
v -6.81 5.897 5.426
v -6.723 6.156 5.637
v -6.23 5.703 6.829
v -6.122 5.893 7.024
v -6.215 6.069 6.803
v -6.323 5.871 6.601
v -5.881 5.376 7.681
v -5.954 5.549 7.458
v -6.058 5.373 7.277
v -5.982 5.206 7.504
v -4.74 6.06 9.153
v -4.933 5.977 8.989
v -4.864 5.777 9.178
v -4.67 5.858 9.332
v -5.041 5.681 9.023
v -5.111 5.878 8.822
v -6.821 6.327 5.357
v -6.909 6.057 5.135
v -6.311 6.25 6.576
v -6.412 6.435 6.338
v -6.523 6.22 6.118
v -6.422 6.043 6.366
v -6.004 6.069 7.225
v -6.095 6.253 7.011
v -5.838 5.713 7.647
v -5.768 5.534 7.866
v -3.793 6.255 9.828
v -3.717 6.036 9.949
v -3.467 6.047 10.078
v -3.542 6.268 9.971
v -4.289 6.186 9.504
v -4.216 5.976 9.657
v -3.969 6.013 9.809
v -4.045 6.227 9.671
v -3.22 6.048 10.197
v -2.964 6.037 10.312
v -2.9 5.811 10.36
v -2.324 7.65 10.012
v -2.373 7.944 9.889
v -2.742 7.971 9.741
v -2.684 7.683 9.867
v -2.234 7.106 10.257
v -2.276 7.371 10.137
v -2.632 7.409 9.994
v -2.584 7.148 10.119
v -6.623 6.401 5.859
v -6.51 6.626 6.087
v -6.19 6.44 6.791
v -6.286 6.634 6.56
v -5.874 6.232 7.429
v -5.964 6.422 7.222
v -5.736 6.383 7.634
v -5.586 6.519 7.838
v -5.673 6.717 7.642
v -5.823 6.578 7.433
v -5.349 5.952 8.437
v -5.422 6.138 8.232
v -5.574 6.005 8.034
v -5.504 5.821 8.244
v -5.644 5.683 8.054
v -5.712 5.864 7.84
v -3.286 6.27 10.106
v -3.02 6.261 10.237
v -1.964 7.606 10.131
v -2.01 7.906 10.012
v -1.883 7.051 10.37
v -1.923 7.322 10.254
v -2.427 8.252 9.771
v -2.48 8.574 9.643
v -2.86 8.588 9.481
v -2.801 8.273 9.616
v -6.717 6.581 5.586
v -6.602 6.817 5.821
v -6.383 6.833 6.316
v -6.057 6.617 7.008
v -6.151 6.817 6.784
v -5.76 6.923 7.44
v -5.85 7.135 7.228
v -6.004 6.986 7.008
v -5.913 6.779 7.226
v -5.508 6.845 7.852
v -5.419 6.646 8.047
v -5.233 6.761 8.255
v -5.03 6.862 8.458
v -5.123 7.072 8.278
v -5.325 6.964 8.066
v -4.869 6.457 8.803
v -5.068 6.365 8.617
v -4.998 6.171 8.8
v -4.801 6.258 8.977
v -5.252 6.257 8.427
v -5.179 6.067 8.621
v -1.275 7.498 10.296
v -1.306 7.806 10.184
v -1.652 7.857 10.109
v -1.614 7.553 10.225
v -0.647 7.706 10.282
v -0.972 7.755 10.242
v -0.947 7.442 10.35
v -0.631 7.394 10.385
v -0.616 7.092 10.485
v -0.925 7.146 10.455
v -0.905 6.861 10.552
v -0.604 6.805 10.575
v -1.216 6.923 10.514
v -1.244 7.202 10.409
v -1.578 7.264 10.343
v -1.543 6.988 10.454
v -2.056 8.219 9.896
v -2.103 8.546 9.773
v -2.527 8.906 9.497
v -2.912 8.913 9.326
v -6.475 7.034 6.058
v -6.244 7.023 6.547
v -5.94 7.349 7.001
v -6.097 7.196 6.776
v -5.598 7.052 7.651
v -5.689 7.266 7.441
v -5.42 7.172 7.867
v -5.22 7.285 8.084
v -5.317 7.505 7.88
v -5.514 7.388 7.657
v -4.403 7.318 8.901
v -4.658 7.251 8.698
v -4.57 7.027 8.863
v -4.321 7.087 9.059
v -3.873 7.406 9.284
v -4.142 7.369 9.096
v -4.064 7.132 9.248
v -3.8 7.164 9.43
v -3.669 6.707 9.711
v -3.924 6.684 9.543
v -3.86 6.468 9.689
v -3.607 6.486 9.846
v -4.173 6.648 9.366
v -4.418 6.598 9.182
v -4.353 6.391 9.342
v -4.109 6.436 9.52
v -0.317 7.356 10.408
v -0.324 7.669 10.308
v -0.304 6.761 10.592
v -0.31 7.054 10.504
v -1.338 8.128 10.072
v -1.371 8.464 9.955
v -1.732 8.507 9.874
v -1.693 8.176 9.994
v -1.021 8.42 10.019
v -0.997 8.081 10.132
v -0.664 8.037 10.177
v -0.681 8.379 10.065
v -2.145 8.884 9.635
v -2.566 9.242 9.324
v -2.953 9.242 9.146
v -6.335 7.234 6.295
v -6.026 7.57 6.76
v -6.185 7.412 6.53
v -5.779 7.484 7.219
v -5.41 7.733 7.665
v -5.604 7.61 7.437
v -4.842 7.718 8.342
v -4.749 7.481 8.526
v -4.491 7.556 8.738
v -4.58 7.801 8.564
v -4.311 7.868 8.776
v -4.225 7.615 8.94
v -3.951 7.658 9.136
v -4.032 7.92 8.981
v -3.527 7.182 9.608
v -3.592 7.429 9.469
v -3.406 6.717 9.874
v -3.348 6.493 9.996
v -3.235 7.185 9.784
v -3.295 7.438 9.651
v -3.127 6.713 10.033
v -3.074 6.485 10.143
v -0.333 8 10.206
v -0.342 8.345 10.095
v -1.401 8.811 9.825
v -1.768 8.85 9.74
v -1.045 8.772 9.892
v -0.697 8.732 9.943
v -2.18 9.226 9.469
v -5.864 7.708 6.981
v -5.496 7.968 7.437
v -5.692 7.838 7.202
v -4.931 7.963 8.146
v -4.667 8.056 8.379
v -4.395 8.132 8.602
v -4.113 8.191 8.818
v -3.665 7.687 9.327
v -3.74 7.956 9.182
v -3.36 7.702 9.516
v -3.429 7.977 9.378
v -0.35 8.702 9.974
v -1.425 9.162 9.674
v -1.798 9.198 9.582
v -0.711 9.093 9.8
v -1.064 9.127 9.745
v -4.19 8.473 8.641
v -4.474 8.404 8.414
v -4.748 8.319 8.18
v -5.015 8.216 7.937
v -3.817 8.236 9.029
v -3.5 8.265 9.237
v -0.358 9.066 9.834
v -3.145 -7.051 8.337
v -3.051 -6.912 8.771
v -3.89 8.526 8.864
v -3.569 8.564 9.082
v -2.924 -6.737 9.163
v -2.769 -6.537 9.493
v -4.347 -1.198 9.424
v -4.015 -1.451 9.623
v -3.83 -1.171 9.751
v -4.153 -0.908 9.579
v -4.66 5.346 9.483
v -4.461 5.422 9.613
v -4.58 5.646 9.493
v -4.779 5.569 9.351
v -4.514 5.13 9.563
v -4.319 5.206 9.682
v -4.361 4.94 9.594
v -4.172 5.011 9.699
v -4.234 4.781 9.593
v -4.042 4.846 9.687
v -2.647 5.171 10.24
v -2.742 5.371 10.325
v -2.825 5.586 10.366
v -5.282 5.238 8.888
v -5.156 5.015 9.049
v -5.007 4.807 9.155
v -4.863 4.635 9.204
v -4.746 4.497 9.222
v -2.14 4.868 10.146
v -1.957 4.709 10.046
v -1.685 4.801 10.258
v -1.871 4.956 10.331
v -5.618 2.175 8.027
v -0.121 -2.112 11.63
v 0 -2.124 11.625
v -0.207 -2.09 11.637
v -0.263 -2.144 11.68
v -0.367 -2.24 11.744
v -4.165 -1.743 9.486
v -4.508 -1.507 9.252
v -4.283 -2.041 9.349
v -4.625 -1.834 9.081
v -6.128 -2.481 6.55
v -6.222 -1.992 6.568
v -6.391 -1.945 6.077
v -6.299 -2.442 6.088
v -6.002 -2.047 7.069
v -5.915 -2.533 7.017
v -5.658 -2.597 7.475
v -5.722 -2.128 7.563
v -6.442 -2.401 5.629
v -6.528 -1.904 5.601
v -6.641 -1.859 5.133
v -6.557 -2.356 5.174
v -6.728 -1.81 4.672
v -6.644 -2.307 4.721
v -6.463 -3.352 4.402
v -6.278 -3.926 4.467
v -6.6 -2.793 4.335
v -6.703 -2.265 4.275
v -6.788 -1.769 4.227
v -6.635 -2.753 3.479
v -6.758 -2.173 3.386
v -6.755 -2.084 2.88
v -6.615 -2.746 3.054
v -6.857 -1.642 3.361
v -6.873 -1.529 2.946
v -6.48 -1.46 6.063
v -6.319 -1.497 6.578
v -6.714 -1.383 5.092
v -6.609 -1.422 5.569
v -6.799 -1.338 4.624
v -6.861 -1.3 4.183
v -6.938 -1.179 3.343
v -6.958 -1.088 2.965
v -3.387 -5.142 9.367
v -3.2 -5.028 9.561
v -3.37 -4.732 9.53
v -3.567 -4.826 9.346
v -3.194 -5.455 9.418
v -3.009 -5.32 9.618
v -2.994 -5.76 9.507
v -2.806 -5.604 9.708
v -3.588 -5.257 9.136
v -2.793 -6.05 9.624
v -2.603 -5.864 9.826
v -2.59 -6.326 9.759
v -2.401 -6.112 9.967
v -2.037 -5.662 10.281
v -0.143 -2.209 11.69
v -0.176 -2.318 11.769
v 0 -2.231 11.693
v 0 -2.342 11.775
v -0.374 -2.437 11.81
v -0.187 -2.469 11.831
v -0.567 -2.244 11.727
v -0.591 -2.065 11.645
v 0 -2.483 11.839
v -2.072 -2.192 10.829
v -2.157 -1.85 10.652
v -3.252 -1.645 10.008
v -3.526 -1.416 9.889
v -3.705 -1.686 9.788
v -3.436 -1.905 9.929
v -3.027 -1.854 10.136
v -4.475 -0.624 9.385
v -3.216 -2.107 10.065
v -5.359 -2.684 7.916
v -4.74 -2.88 8.692
v -5.048 -2.781 8.323
v -5.396 -2.25 8.023
v -3.702 -2.415 9.745
v -3.482 -2.586 9.901
v -3.368 -2.356 9.982
v -3.585 -2.164 9.837
v -3.851 -1.96 9.678
v -3.968 -2.235 9.566
v -1.107 -7.075 10.636
v -0.752 -7.173 10.704
v -0.693 -6.797 10.9
v -1.016 -6.713 10.824
v -0.377 -7.224 10.737
v -0.349 -6.844 10.931
v 0 -7.235 10.74
v 0 -6.858 10.938
v -1.569 -6.446 10.581
v -1.72 -6.757 10.41
v -1.433 -6.933 10.536
v -1.309 -6.594 10.715
v -0.623 -6.419 10.986
v -0.914 -6.353 10.913
v -0.317 -6.457 11.025
v 0 -6.471 11.036
v -3.8 -5.375 8.853
v -4.687 -0.92 9.194
v -6.095 -1.541 7.121
v -5.784 -1.616 7.679
v -5.412 -1.8 8.165
v -6.373 1.365 7.335
v -6.417 1.671 7.172
v -6.441 1.963 7.035
v -1.853 -7.061 10.161
v -1.537 -7.258 10.271
v -1.958 -7.338 9.831
v -1.608 -7.537 9.91
v -1.223 -7.679 9.965
v -0.82 -7.766 10.002
v -0.795 -7.509 10.402
v -1.18 -7.41 10.351
v -0.409 -7.807 10.021
v -0.398 -7.558 10.427
v 0 -7.82 10.028
v 0 -7.567 10.432
v -3.982 -6.596 7.368
v -3.874 -6.499 7.799
v -4.302 -6.207 7.347
v -4.162 -6.114 7.765
v -7.007 -0.76 3.323
v -7.029 -0.692 2.958
v -6.928 -0.857 4.14
v -6.868 -0.888 4.579
v -6.787 -0.926 5.048
v -6.689 -0.956 5.529
v -5.23 -0.947 8.663
v -5.594 -0.591 8.333
v -4.863 -1.246 8.975
v -4.985 -1.602 8.755
v -5.382 -1.337 8.365
v -5.844 -0.99 7.837
v -4.699 -2.178 8.928
v -5.045 -1.994 8.574
v -3.128 0.935 9.711
v -2.879 1.092 9.742
v -3.036 1.305 9.623
v -3.299 1.166 9.585
v -2.641 1.245 9.77
v -2.786 1.44 9.655
v -4.417 -5.7 7.735
v -4.733 -2.526 8.798
v -5.061 -2.388 8.434
v -2.621 -1.824 10.357
v -2.399 -1.602 10.403
v -1.798 -0.606 10.418
v -1.824 -0.766 10.355
v -1.695 -0.946 10.48
v -1.696 -0.787 10.529
v -2.019 -1.536 10.589
v -2.229 -1.366 10.395
v -1.931 -0.945 10.353
v -2.073 -1.144 10.373
v -1.897 -1.303 10.538
v -1.784 -1.108 10.498
v -3.444 -3.112 9.904
v -3.384 -2.928 9.97
v -3.488 -3.295 9.844
v -3.512 -3.487 9.789
v -3.513 -3.691 9.744
v -3.482 -3.906 9.706
v -3.275 -3.895 9.835
v -3.182 -4.638 9.695
v -3.023 -4.913 9.736
v -2.835 -5.183 9.8
v -2.629 -5.437 9.891
v -2.421 -5.674 10.003
v -2.216 -5.894 10.138
v -2.843 -2.049 10.284
v -3.041 -2.294 10.201
v -3.19 -2.524 10.12
v -3.303 -2.736 10.041
v -1.571 -0.899 10.65
v -1.558 -1.058 10.606
v -3.315 -4.376 9.673
v -1.806 1.066 10.319
v -0.287 3.933 10.614
v -0.306 4.153 10.582
v -1.833 -5.838 10.407
v -1.657 -5.58 10.508
v -1.499 -5.309 10.615
v -0.452 -5.36 10.892
v -0.437 -5.026 10.931
v -0.646 -5.049 10.907
v -0.664 -5.365 10.853
v 0 -5.344 10.925
v 0 -5.018 10.947
v -0.225 -5.016 10.945
v -0.231 -5.348 10.914
v -0.86 -5.082 10.863
v -0.863 -5.369 10.809
v 0 -6.088 11.049
v -0.284 -6.078 11.037
v -0.556 -6.054 10.996
v -0.816 -6.012 10.926
v -1.261 -5.852 10.723
v -1.413 -6.142 10.678
v -1.179 -6.26 10.805
v -1.051 -5.945 10.832
v -1.627 -5.999 10.542
v -1.455 -5.725 10.614
v 0 -5.715 10.999
v -0.255 -5.714 10.987
v -0.497 -5.707 10.95
v -0.727 -5.69 10.893
v -1.121 -5.586 10.74
v -0.937 -5.653 10.819
v -1.287 -5.445 10.678
v -6.044 -4.495 4.529
v -5.737 -5.033 4.586
v -5.713 -5.03 4.965
v -6.002 -4.498 4.923
v -5.663 -5.023 5.353
v -5.936 -4.5 5.323
v -5.59 -5.01 5.744
v -5.841 -4.496 5.725
v -5.724 -4.487 6.127
v -5.49 -4.992 6.139
v -5.367 -4.967 6.532
v -5.585 -4.475 6.529
v -5.421 -4.456 6.922
v -5.221 -4.934 6.919
v -5.046 -4.892 7.305
v -5.229 -4.434 7.308
v -4.837 -4.842 7.706
v -5.002 -4.409 7.712
v -4.377 -4.725 8.483
v -4.512 -4.342 8.49
v -4.757 -4.377 8.11
v -4.61 -4.786 8.102
v -4.148 -4.66 8.824
v -4.272 -4.304 8.833
v -5.182 7.854 7.905
v -5.267 8.098 7.686
v -5.09 7.618 8.112
v -4.995 7.39 8.307
v -4.809 6.952 8.662
v -4.899 7.168 8.489
v -4.585 6.331 9.159
v -4.651 6.534 8.993
v -4.523 6.13 9.329
v -4.451 5.924 9.497
v -4.36 5.709 9.64
v -4.242 5.482 9.742
v -4.106 5.262 9.792
v -3.97 5.066 9.792
v -3.846 4.895 9.762
v -2.013 -6.092 10.284
v -1.8 -6.278 10.434
v -5.287 3.842 8.406
v -5.221 3.901 8.503
v -4.586 3.019 8.751
v -4.483 3.095 8.868
v -4.573 3.175 8.745
v -4.675 3.109 8.628
v -4.335 2.836 9.024
v -4.217 2.936 9.128
v -4.364 3.008 9
v -4.47 2.925 8.893
v -4.153 2.775 9.16
v -4.046 2.884 9.246
v -4.349 3.166 8.965
v -4.225 3.102 9.084
v -4.698 4.179 9.073
v -4.784 4.274 9.078
v -4.914 4.172 8.926
v -4.831 4.08 8.923
v -4.489 4.477 9.356
v -4.314 4.568 9.479
v -3.532 4.768 9.777
v -3.442 4.632 9.737
v -3.238 4.629 9.759
v -3.318 4.776 9.814
v -4.405 4.37 9.345
v -4.231 4.457 9.466
v -3.105 4.77 9.839
v -2.891 4.758 9.859
v -4.755 3.999 8.91
v -4.955 3.986 8.771
v -4.874 3.903 8.763
v -5.033 4.073 8.772
v -5.145 3.975 8.617
v -5.072 3.894 8.622
v -4.636 3.831 8.944
v -4.683 3.917 8.912
v -4.798 3.826 8.762
v -4.743 3.738 8.786
v -4.622 4.097 9.06
v -4.331 4.279 9.33
v -4.16 4.362 9.448
v -3.375 4.522 9.704
v -3.192 4.517 9.714
v -3.031 4.608 9.764
v -2.995 4.488 9.706
v -2.769 4.438 9.679
v -2.806 4.57 9.757
v -2.751 4.331 9.634
v -2.964 4.379 9.666
v -2.941 4.281 9.663
v -2.745 4.231 9.628
v -3.328 4.423 9.676
v -3.295 4.327 9.676
v -3.122 4.311 9.677
v -3.147 4.409 9.677
v -4.268 4.19 9.33
v -4.227 4.101 9.36
v -4.061 4.179 9.463
v -4.103 4.27 9.439
v -4.191 4.009 9.397
v -4.031 4.085 9.496
v -4.47 3.844 9.143
v -4.511 3.929 9.104
v -4.594 3.745 8.988
v -4.558 4.014 9.07
v -4.546 3.519 8.819
v -4.628 3.582 8.829
v -4.731 3.481 8.647
v -4.639 3.402 8.641
v -4.53 3.675 8.992
v -4.458 3.615 8.977
v -4.477 3.517 8.77
v -4.544 3.416 8.624
v -4.394 3.607 8.929
v -2.85 2.971 9.532
v -2.837 2.877 9.535
v -2.66 2.922 9.513
v -2.686 3.01 9.5
v -3.379 2.965 9.471
v -3.396 2.92 9.509
v -3.211 2.924 9.537
v -3.205 2.965 9.503
v -3.579 2.931 9.46
v -3.554 2.975 9.418
v -3.714 2.997 9.352
v -3.735 2.957 9.392
v -3.431 2.81 9.494
v -3.224 2.819 9.528
v -3.696 2.695 9.391
v -3.637 2.818 9.437
v -3.832 2.843 9.358
v -3.925 2.72 9.294
v -3.996 3.111 9.137
v -3.856 3.072 9.229
v -3.85 3.072 9.208
v -3.983 3.108 9.114
v -3.693 3.033 9.32
v -3.537 3.009 9.387
v -3.529 3.008 9.354
v -3.688 3.043 9.292
v -3.919 2.999 9.293
v -3.883 3.036 9.26
v -4.033 3.08 9.163
v -4.078 3.049 9.191
v -4.166 3.137 9.053
v -4.128 3.162 9.032
v -4.12 3.156 9.009
v -3.194 2.991 9.435
v -3.361 2.993 9.406
v -3.367 2.997 9.439
v -3.202 3 9.467
v -2.876 3.045 9.45
v -2.729 3.085 9.414
v -2.728 3.072 9.384
v -2.879 3.032 9.416
v -2.709 3.052 9.454
v -2.864 3.014 9.488
v -2.824 2.777 9.527
v -2.634 2.831 9.511
v -2.433 3.133 9.354
v -2.396 3.094 9.404
v -2.29 3.13 9.351
v -2.323 3.164 9.302
v -2.358 3.182 9.215
v -2.466 3.147 9.276
v -2.461 3.16 9.311
v -2.358 3.196 9.253
v -2.563 3.097 9.406
v -2.532 3.052 9.458
v -2.103 3.186 9.234
v -2.116 3.155 9.282
v -2.055 3.14 9.304
v -2.031 3.173 9.249
v -2.093 3.257 9.146
v -2.102 3.22 9.184
v -2.026 3.205 9.201
v -2.021 3.238 9.168
v -1.96 3.197 9.213
v -1.961 3.227 9.183
v -4.28 3.195 8.944
v -4.226 3.206 8.908
v -4.237 3.215 8.927
v -4.446 3.239 8.842
v -4.088 3.854 9.369
v -4.049 3.834 9.312
v -3.904 3.897 9.418
v -3.939 3.916 9.469
v -4.348 3.708 9.128
v -4.413 3.768 9.148
v -4.143 3.926 9.399
v -3.987 3.993 9.499
v -3.248 4.133 9.711
v -3.232 4.047 9.681
v -3.076 4.04 9.674
v -3.083 4.118 9.703
v -3.227 4.029 9.634
v -3.077 4.017 9.628
v -2.925 4.093 9.679
v -2.921 4.015 9.651
v -2.763 3.974 9.618
v -2.749 4.049 9.638
v -2.594 3.911 9.557
v -2.581 3.985 9.584
v -4.693 3.654 8.817
v -4.295 3.693 9.077
v -4.326 3.603 8.868
v -4.22 3.67 9.017
v -4.246 3.677 9.037
v -4.346 3.598 8.89
v -4.404 3.522 8.708
v -4.419 3.514 8.735
v -2.629 3.87 9.459
v -2.781 3.936 9.531
v -2.785 3.93 9.507
v -2.627 3.872 9.438
v -2.927 3.998 9.607
v -2.773 3.956 9.57
v -2.617 3.889 9.503
v -2.424 3.825 9.483
v -2.448 3.799 9.418
v -2.295 3.704 9.341
v -2.263 3.724 9.407
v -2.392 3.896 9.512
v -2.224 3.793 9.443
v -2.466 3.779 9.373
v -2.465 3.784 9.351
v -2.322 3.686 9.26
v -2.317 3.685 9.282
v -1.913 3.125 9.317
v -1.841 3.157 9.292
v -1.853 3.19 9.244
v -1.905 3.169 9.261
v -1.9 3.283 9.165
v -1.87 3.268 9.178
v -1.873 3.305 9.171
v -1.895 3.304 9.163
v -2.016 3.27 9.146
v -1.958 3.252 9.165
v -1.846 3.303 9.187
v -1.844 3.252 9.196
v -1.88 3.364 9.183
v -1.906 3.35 9.162
v -2.047 3.493 9.189
v -2.045 3.456 9.138
v -1.965 3.402 9.149
v -1.949 3.428 9.181
v -1.998 3.536 9.306
v -2.025 3.518 9.243
v -1.927 3.441 9.229
v -1.895 3.453 9.279
v -1.821 3.374 9.255
v -1.854 3.371 9.215
v -1.812 3.297 9.209
v -1.772 3.288 9.235
v -1.813 3.231 9.22
v -1.788 3.207 9.258
v -3.27 4.231 9.701
v -3.099 4.216 9.695
v -2.93 4.188 9.677
v -2.743 4.138 9.64
v -2.562 4.068 9.591
v -2.546 4.162 9.58
v -2.333 4.056 9.52
v -2.364 3.973 9.522
v -2.182 3.867 9.456
v -2.143 3.943 9.463
v -2.533 4.255 9.585
v -2.304 4.14 9.525
v -2.099 4.014 9.478
v -2.074 3.681 9.383
v -2.024 3.744 9.401
v -1.971 3.813 9.406
v -1.913 3.882 9.423
v -2.526 4.362 9.638
v -2.516 4.512 9.742
v -2.005 3.302 9.133
v -2.067 3.334 9.112
v -2.079 3.293 9.124
v -2.05 3.415 9.118
v -1.98 3.371 9.131
v -2.197 3.583 9.17
v -2.185 3.574 9.19
v -1.924 3.332 9.148
v -3.024 2.842 9.544
v -3.027 2.941 9.544
v -3.031 2.986 9.504
v -3.026 3.012 9.434
v -3.032 3.019 9.468
v -2.362 3.031 9.435
v -2.501 2.975 9.478
v -2.468 2.894 9.483
v -2.319 2.962 9.45
v -2.584 3.126 9.365
v -2.589 3.115 9.328
v -3.469 2.691 9.46
v -2.929 3.975 9.57
v -2.928 3.977 9.544
v -2.121 3.626 9.343
v -1.988 3.122 9.315
v -2.109 3.087 9.354
v -2.041 3.055 9.374
v -2.163 3.121 9.33
v -2.155 3.599 9.27
v -1.846 3.951 9.466
v -1.74 4.032 9.545
v -1.962 4.171 9.591
v -2.045 4.087 9.518
v -1.948 3.578 9.341
v -1.849 3.476 9.315
v -1.889 3.626 9.359
v -1.792 3.507 9.337
v -1.825 3.68 9.364
v -1.725 3.544 9.347
v -1.755 3.739 9.378
v -1.644 3.59 9.36
v -1.553 3.875 9.497
v -1.671 3.802 9.421
v -1.544 3.646 9.393
v -1.406 3.687 9.465
v -1.39 3.943 9.603
v -1.245 3.73 9.587
v -1.964 3.164 9.26
v -4.125 4.645 9.582
v -3.934 4.704 9.665
v -3.842 4.583 9.643
v -4.038 4.53 9.566
v -3.969 4.431 9.547
v -3.77 4.482 9.621
v -3.712 4.388 9.603
v -3.911 4.34 9.532
v -3.872 4.247 9.551
v -3.671 4.296 9.617
v -3.843 4.154 9.586
v -3.641 4.203 9.651
v -3.612 4.103 9.663
v -3.805 4.055 9.594
v -3.765 3.977 9.566
v -3.579 4.02 9.635
v -3.735 3.953 9.511
v -3.56 3.999 9.583
v -3.538 3.974 9.532
v -3.709 3.93 9.462
v -3.694 3.918 9.435
v -3.528 3.963 9.505
v -2.268 4.224 9.568
v -2.21 4.323 9.648
v -4.644 4.375 9.223
v -4.561 4.275 9.214
v -4.487 4.189 9.199
v -4.423 4.103 9.202
v -4.38 4.019 9.238
v -4.339 3.927 9.277
v -4.284 3.849 9.281
v -4.222 3.786 9.255
v -4.177 3.767 9.199
v -4.115 3.741 9.125
v -3.997 3.806 9.236
v -4.008 3.812 9.256
v -4.133 3.744 9.15
v -1.911 3.201 9.219
v -1.917 3.226 9.191
v -1.869 3.217 9.21
v -1.886 3.24 9.187
v -1.911 3.259 9.17
v -1.926 3.245 9.175
v -2.058 3.375 9.11
v -1.994 3.337 9.128
v -1.937 3.305 9.147
v -1.95 3.278 9.154
v -3.738 4.744 9.728
v -3.643 4.617 9.7
v -3.572 4.516 9.675
v -3.479 4.322 9.658
v -3.517 4.416 9.652
v -3.451 4.23 9.687
v -3.423 4.127 9.699
v -3.398 4.044 9.673
v -3.387 4.022 9.623
v -3.365 3.986 9.549
v -3.373 3.997 9.578
v -3.869 3.875 9.363
v -3.852 3.859 9.337
v -4.319 3.27 8.827
v -4.3 3.265 8.806
v -4.374 3.258 8.83
v -4.996 3.81 8.618
v -4.919 3.733 8.612
v -4.799 3.561 8.639
v -4.854 3.647 8.62
v -5.367 3.683 8.232
v -5.482 3.702 8.127
v -5.619 3.741 7.995
v -5.776 3.805 7.82
v -5.938 3.898 7.596
v -6.083 4.013 7.345
v -6.205 4.133 7.091
v -6.312 4.252 6.838
v -6.414 4.366 6.577
v -6.609 4.589 6.049
v -6.708 4.703 5.775
v -6.808 4.819 5.491
v -6.908 4.937 5.195
v -7.009 5.058 4.884
v -7.106 5.18 4.561
v -2.167 3.173 9.268
v -2.18 3.204 9.218
v -2.244 3.188 9.257
v -2.211 3.155 9.302
v -4.814 3.432 8.545
v -4.732 3.353 8.562
v -4.913 3.387 8.431
v -4.834 3.304 8.459
v -4.884 3.51 8.523
v -4.988 3.469 8.413
v -4.95 3.589 8.505
v -5.059 3.549 8.403
v -5.025 3.669 8.501
v -5.095 3.747 8.505
v -5.186 3.704 8.407
v -5.128 3.626 8.403
v -5.157 3.821 8.505
v -5.236 3.777 8.411
v -2.687 -3.921 10.106
v -2.838 -3.988 10.022
v -3.017 -4.044 9.924
v -2.893 -3.849 10.02
v -2.733 -3.813 10.089
v -3.076 -3.876 9.938
v -6.299 -3.904 3.673
v -6.488 -3.329 3.577
v -6.463 -3.339 3.183
v -6.272 -3.911 3.295
v -5.724 -5.045 3.858
v -6.046 -4.489 3.769
v -6.017 -4.501 3.407
v -5.694 -5.059 3.511
v -3.212 -4.092 9.813
v -5.348 -5.556 3.942
v -5.321 -5.58 3.609
v -5.377 -5.536 4.639
v -5.367 -5.528 5.003
v -5.34 -5.519 5.378
v -5.29 -5.503 5.76
v -5.217 -5.481 6.148
v -5.118 -5.449 6.541
v -4.991 -5.404 6.926
v -4.834 -5.347 7.313
v -4.645 -5.278 7.713
v -3.418 -4.133 9.681
v -4.719 -5.855 6.937
v -4.821 -5.905 6.547
v -4.479 -6.324 6.553
v -4.406 -6.275 6.942
v -4.586 -5.787 7.331
v -4.894 -5.94 6.161
v -4.43 -5.196 8.113
v -4.209 -5.109 8.492
v -3.771 -4.923 9.116
v -3.988 -5.018 8.83
v -2.194 -6.342 10.118
v -1.969 -6.558 10.266
v -4.976 -5.989 5.041
v -4.973 -6 4.688
v -5.369 -5.544 4.284
v -4.941 -6.039 4.019
v -4.96 -6.015 4.348
v -4.923 -6.079 3.699
v -4.559 -6.416 5.082
v -4.549 -6.437 4.74
v -4.528 -6.511 4.094
v -4.537 -6.467 4.412
v -4.525 -6.572 3.785
v -4.1 -6.7 6.564
v -4.054 -6.657 6.954
v -4.132 -6.814 5.127
v -4.125 -6.854 4.799
v -4.121 -6.976 4.174
v -4.12 -6.907 4.483
v -4.133 -7.06 3.874
v -4.526 -6.358 6.17
v -4.124 -6.73 6.185
v -3.693 -7.026 6.581
v -3.668 -6.989 6.972
v -3.704 -7.187 5.181
v -3.701 -7.251 4.865
v -3.715 -7.423 4.265
v -3.703 -7.327 4.562
v -3.742 -7.536 3.975
v -3.704 -7.059 6.206
v -3.274 -7.313 6.605
v -3.266 -7.272 7.006
v -2.373 -6.588 9.9
v -2.129 -6.836 10.036
v -2.533 -6.825 9.616
v -2.266 -7.098 9.734
v -1.643 -7.737 9.478
v -2.019 -7.553 9.422
v -0.828 -7.931 9.543
v -1.24 -7.86 9.517
v -0.413 -7.967 9.559
v -3.276 -7.351 6.237
v -2.807 -7.335 8.394
v -2.752 -7.211 8.845
v -2.857 -7.482 7.481
v -2.84 -7.418 7.934
v -2.661 -7.04 9.261
v -2.856 -7.566 6.646
v -2.863 -7.526 7.05
v -2.85 -7.615 6.273
v -2.361 -7.318 9.35
v -2.06 -7.779 8.497
v -2.445 -7.578 8.448
v -2.459 -7.652 7.984
v -2.064 -7.846 8.03
v -1.659 -8.002 8.07
v -1.657 -7.935 8.537
v -2.461 -7.704 7.529
v -2.061 -7.899 7.575
v -1.656 -8.06 7.614
v -1.243 -8.171 7.64
v -1.247 -8.12 8.1
v -2.051 -7.944 7.142
v -2.457 -7.75 7.096
v -2.446 -7.793 6.695
v -2.037 -7.99 6.74
v -1.627 -8.149 6.78
v -1.643 -8.103 7.18
v -2.432 -7.846 6.323
v -2.02 -8.046 6.373
v -1.612 -8.209 6.418
v -2.42 -7.915 5.983
v -2.008 -8.12 6.041
v -2.844 -7.675 5.929
v -3.277 -7.401 5.885
v -3.707 -7.094 5.849
v -4.136 -6.758 5.819
v -4.552 -6.383 5.796
v -4.94 -5.962 5.777
v -1.603 -8.295 6.092
v -7.264 2.209 4.326
v -7.311 2.231 3.907
v -7.202 2.193 4.734
v -7.122 2.183 5.135
v -6.912 2.18 5.88
v -7.024 2.177 5.519
v -6.636 2.211 6.569
v -6.453 2.24 6.914
v -6.234 2.277 7.255
v -5.97 2.322 7.583
v -5.664 2.377 7.89
v -7.258 1.851 4.33
v -7.296 1.862 3.909
v -7.204 1.841 4.751
v -7.122 1.838 5.165
v -7.025 1.841 5.565
v -6.912 1.856 5.945
v -6.628 1.915 6.674
v -2.419 -7.479 8.912
v -1.653 -7.857 9.01
v -2.047 -7.695 8.966
v -1.245 -8.048 8.568
v -0.829 -8.121 8.591
v -0.829 -8.036 9.067
v -1.243 -7.969 9.044
v -0.414 -8.159 8.6
v -0.414 -8.073 9.081
v -1.201 -8.431 6.138
v 0 -8.495 6.481
v 0 -8.419 6.833
v 0 -8.363 7.224
v 0 -8.315 7.665
v 0 -8.255 8.129
v 0 -8.177 8.604
v 0 -8.089 9.087
v 0 -7.98 9.566
v -1.943 3.031 9.389
v -1.823 3.108 9.348
v -1.757 3.182 9.308
v -1.736 3.275 9.276
v -1.78 3.379 9.29
v -1.712 3.16 9.351
v -1.692 3.269 9.32
v -1.728 3.387 9.323
v -2.415 1.399 9.802
v -2.549 1.574 9.686
v -2.201 1.557 9.836
v -2.325 1.713 9.711
v -2 1.722 9.882
v -2.112 1.86 9.744
v -1.775 3.06 9.39
v -1.879 2.95 9.421
v -3.664 0.6 9.638
v -3.39 0.773 9.677
v -3.577 1.025 9.547
v -3.869 0.871 9.503
v -2.073 2.913 9.429
v -2.008 2.843 9.436
v -2.114 2.656 9.456
v -2.053 2.572 9.477
v -4.95 3.257 8.348
v -5.029 3.347 8.321
v -5.325 3.808 8.348
v -5.103 3.434 8.308
v -5.17 3.521 8.307
v -5.226 3.604 8.312
v -5.304 3.755 8.336
v -5.27 3.683 8.322
v -1.458 3.446 9.406
v -1.561 3.422 9.37
v -1.545 3.261 9.402
v -1.444 3.255 9.451
v -1.325 3.463 9.478
v -1.317 3.251 9.524
v -1.17 3.489 9.609
v -1.165 3.252 9.657
v -0.85 3.29 10.146
v -0.858 3.556 10.06
v -1.008 3.518 9.809
v -1.006 3.263 9.87
v -1.576 3.107 9.437
v -1.482 3.083 9.493
v -1.358 3.055 9.564
v -0.514 3.673 10.531
v -0.503 3.454 10.639
v -0.267 3.512 10.785
v -0.274 3.721 10.679
v -0.694 3.373 10.418
v -0.706 3.611 10.315
v 0 4.167 10.639
v 0 3.95 10.67
v 0 6.746 10.597
v 0 7.034 10.511
v 0 7.986 10.216
v 0 8.329 10.107
v 0 8.687 9.987
v 0 9.052 9.849
v 0 7.335 10.418
v 0 7.653 10.319
v 0 3.741 10.734
v 0 3.536 10.837
v -0.261 3.304 10.927
v 0 3.329 10.973
v -0.898 2.972 10.282
v -0.699 3.124 10.576
v -0.499 3.235 10.792
v -1.214 3.032 9.702
v -1.063 3.009 9.931
v -1.683 0.901 10.49
v -1.55 1.109 10.602
v -1.581 0.742 10.664
v -1.462 0.946 10.79
v -1.792 0.276 10.422
v -1.692 0.521 10.541
v -0.397 -8.586 6.186
v 0 -8.61 6.188
v -4.459 3.432 8.603
v -4.444 3.436 8.577
v -2.541 4.983 10.121
v -7.205 1.108 4.371
v -7.241 1.484 4.345
v -7.276 1.491 3.925
v -7.243 1.114 3.952
v -7.146 1.105 4.813
v -7.186 1.48 4.777
v -6.609 1.602 6.791
v -6.571 1.273 6.934
v -6.866 1.156 6.104
v -6.898 1.515 6.018
v -7.009 1.492 5.62
v -6.976 1.126 5.684
v -7.067 1.11 5.252
v -7.105 1.481 5.204
v -2.301 2.559 9.466
v -2.246 2.465 9.482
v -2.608 2.14 9.509
v -2.386 2.246 9.514
v -2.452 2.361 9.485
v -2.668 2.263 9.486
v -2.213 1.991 9.631
v -2.306 2.121 9.554
v -2.529 2.005 9.548
v -2.433 1.862 9.614
v -2.503 2.464 9.472
v -2.714 2.374 9.472
v -2.749 2.476 9.472
v -2.781 2.577 9.488
v -3.005 2.514 9.471
v -2.98 2.404 9.454
v -2.842 2.04 9.498
v -2.901 2.172 9.473
v -2.764 1.897 9.534
v -2.666 1.74 9.595
v -2.943 2.292 9.455
v -3.25 2.464 9.434
v -3.228 2.342 9.416
v -3.155 2.089 9.444
v -3.096 1.948 9.474
v -3.017 1.793 9.508
v -2.911 1.621 9.566
v -3.199 2.219 9.421
v -3.506 2.431 9.372
v -3.501 2.298 9.35
v -3.436 2.013 9.392
v -3.373 1.86 9.429
v -3.286 1.693 9.472
v -3.172 1.504 9.529
v -3.476 2.158 9.36
v -3.781 2.423 9.275
v -3.796 2.271 9.25
v -3.736 1.944 9.312
v -3.667 1.772 9.365
v -3.573 1.59 9.421
v -3.45 1.387 9.49
v -3.779 2.109 9.268
v -2.392 2.727 9.469
v -2.347 2.644 9.463
v -2.166 2.738 9.449
v -2.219 2.816 9.45
v -2.544 2.557 9.472
v -2.578 2.648 9.484
v -2.806 2.677 9.509
v -3.022 2.624 9.5
v -3.027 2.734 9.527
v -3.253 2.585 9.469
v -3.244 2.704 9.503
v -3.496 2.564 9.415
v -1.577 4.125 9.65
v -1.792 4.28 9.71
v -2.274 2.89 9.452
v -2.431 2.812 9.479
v -2.609 2.741 9.5
v -3.746 2.562 9.331
v -4.006 2.592 9.21
v -4.072 2.443 9.139
v -4.255 2.65 9.058
v -4.358 2.501 8.955
v -4.441 2.723 8.906
v -4.564 2.597 8.79
v -4.588 2.822 8.758
v -4.717 2.711 8.633
v -4.703 2.93 8.616
v -4.832 2.848 8.492
v -4.123 2.267 9.103
v -4.101 2.072 9.14
v -4.05 1.88 9.206
v -3.975 1.685 9.281
v -3.873 1.483 9.36
v -3.743 1.269 9.443
v -1.623 -1.209 10.642
v -1.453 -1.268 10.785
v -4.045 1.13 9.388
v -4.185 1.367 9.284
v -4.38 1.807 9.073
v -4.296 1.591 9.178
v -4.447 2.028 8.97
v -4.36 0.971 9.309
v -4.686 0.789 9.192
v -4.513 1.234 9.184
v -4.856 1.078 9.045
v -4.63 1.48 9.054
v -4.719 1.711 8.919
v -5.077 1.597 8.742
v -4.983 1.346 8.897
v -4.802 1.937 8.779
v -4.794 3.04 8.502
v -4.928 2.98 8.38
v -7.289 3.611 4.034
v -5.342 2.996 8.016
v -5.271 2.855 8.092
v -5.09 2.919 8.244
v -5.166 3.041 8.166
v -5.19 2.69 8.194
v -4.998 2.766 8.354
v -4.885 2.164 8.636
v -4.511 2.288 8.866
v -5.009 0.581 9.016
v -5.195 0.891 8.856
v -5.337 1.189 8.692
v -5.438 1.468 8.525
v -5.319 0.349 8.781
v -5.519 0.687 8.6
v -5.773 1.321 8.242
v -5.672 1.016 8.421
v -5.61 0.104 8.475
v -5.818 0.481 8.27
v -6.065 1.171 7.896
v -5.966 0.838 8.081
v -6.078 0.279 7.872
v -5.874 -0.148 8.082
v -6.218 0.673 7.683
v -6.31 1.034 7.504
v -6.513 0.921 7.084
v -6.431 0.537 7.246
v -6.306 0.11 7.417
v -6.122 -0.376 7.603
v -6.773 -0.506 5.479
v -6.859 -0.077 5.423
v -6.941 -0.069 4.95
v -6.863 -0.487 5
v -6.94 0.334 5.363
v -7.018 0.335 4.9
v -7.011 0.729 5.305
v -7.088 0.726 4.853
v -7.01 -0.052 4.487
v -6.938 -0.461 4.533
v -7.081 0.344 4.441
v -7.148 0.731 4.404
v -7.061 -0.035 4.054
v -6.994 -0.437 4.095
v -7.127 0.354 4.02
v -7.189 0.736 3.984
v -7.068 -0.366 3.294
v -7.088 -0.322 2.94
v -1.753 4.547 9.957
v -1.487 4.634 10.179
v -2.012 4.44 9.775
v -2.245 4.613 9.861
v -1.508 -1.445 10.851
v -1.702 -1.39 10.696
v -7.125 0.014 3.265
v -7.142 0.039 2.914
v -7.178 0.384 3.232
v -7.192 0.398 2.882
v -7.225 0.753 3.191
v -7.234 0.757 2.837
v -7.267 1.123 3.147
v -7.267 1.115 2.779
v -7.3 1.495 3.096
v -7.298 1.478 2.699
v -7.333 1.879 3.041
v -7.334 1.862 2.593
v -7.367 2.285 2.999
v -7.388 2.322 2.436
v -7.398 2.683 3.053
v -7.434 2.761 2.595
v -7.421 3.052 3.125
v -7.466 3.132 2.71
v -7.432 3.404 3.199
v -7.486 3.479 2.805
v -7.495 3.821 2.892
v -7.431 3.746 3.273
v -7.418 4.083 3.355
v -7.488 4.161 2.983
v -7.398 4.417 3.454
v -7.475 4.501 3.089
v -7.191 6.534 4.187
v -7.097 6.376 4.516
v -7.006 6.672 4.755
v -7.097 6.847 4.433
v -6.899 6.952 5
v -6.776 7.21 5.25
v -6.863 7.415 4.946
v -6.988 7.142 4.687
v -6.644 7.446 5.499
v -6.725 7.661 5.202
v -6.501 7.662 5.747
v -6.578 7.883 5.454
v -6.347 7.853 5.991
v -6.189 8.021 6.228
v -6.263 8.249 5.94
v -6.423 8.079 5.7
v -5.85 8.31 6.69
v -5.645 8.46 6.939
v -5.71 8.714 6.666
v -5.921 8.55 6.409
v -6.026 8.167 6.458
v -6.098 8.404 6.174
v -5.206 9.019 7.216
v -5.153 8.744 7.471
v -4.882 8.865 7.733
v -4.931 9.149 7.486
v -4.65 9.262 7.744
v -4.603 8.969 7.986
v -4.315 9.057 8.232
v -4.358 9.359 7.997
v -4.009 9.129 8.475
v -4.049 9.438 8.246
v -3.681 9.184 8.713
v -3.717 9.5 8.489
v -5.411 8.607 7.202
v -5.468 8.873 6.939
v -7.371 4.75 3.576
v -7.455 4.843 3.216
v -7.238 5.745 4.077
v -7.173 6.065 4.288
v -7.268 6.208 3.952
v -7.331 5.873 3.735
v -7.337 5.083 3.72
v -7.292 5.415 3.889
v -7.384 5.531 3.54
v -7.425 5.187 3.366
v -1.765 1.424 10.22
v -1.883 1.576 10.042
v -1.651 1.269 10.409
v -3.328 9.223 8.939
v -3.283 8.902 9.129
v -3.226 8.585 9.292
v -3.162 8.278 9.435
v -3.096 7.983 9.569
v -3.033 7.701 9.699
v -0.913 4.302 10.26
v -1.039 4.522 10.318
v -2.175 2.358 9.511
v -2.002 2.13 9.648
v -2.093 2.245 9.562
v -1.908 2.017 9.78
v -1.808 1.895 9.936
v -1.703 1.76 10.115
v -1.598 1.615 10.305
v -1.502 1.463 10.509
v -1.411 1.303 10.715
v -1.274 1.487 10.835
v -1.337 1.138 10.919
v -1.211 1.316 11.054
v -1.138 1.66 10.961
v -1.084 1.481 11.189
v -0.957 1.633 11.326
v -0.998 1.824 11.092
v -0.548 1.986 11.716
v -0.577 2.223 11.499
v -0.726 2.11 11.367
v -0.694 1.887 11.595
v -0.21 2.357 11.683
v -0.405 2.309 11.611
v -0.385 2.056 11.814
v -0.2 2.098 11.88
v 0 2.117 11.912
v 0 2.375 11.715
v -2.247 3.082 9.385
v -2.141 2.973 9.42
v -2.199 3.03 9.409
v 0 4.397 10.642
v -0.333 4.386 10.584
v -0.642 4.354 10.452
v -2.138 3.514 9.132
v -2.122 3.46 9.106
v -2.123 3.411 9.094
v -2.131 3.366 9.09
v -2.144 3.324 9.095
v -2.165 3.285 9.108
v -2.272 3.209 9.16
v -2.273 3.224 9.197
v -2.205 3.244 9.112
v -2.206 3.247 9.142
v -3.897 -3.925 9.367
v -3.69 -3.912 9.55
v -3.718 -4.516 9.339
v -3.518 -4.444 9.521
v -3.625 -4.171 9.526
v -3.833 -4.214 9.35
v -3.928 -4.588 9.112
v -4.044 -4.261 9.12
v -2.66 4.753 9.891
v -2.412 4.801 9.987
v -3.27 -7.533 5.236
v -3.272 -7.62 4.937
v -3.303 -7.85 4.363
v -3.282 -7.726 4.647
v -3.343 -7.996 4.086
v -2.861 -8.097 4.743
v -2.892 -8.258 4.474
v -2.952 -8.444 4.214
v -2.579 -8.863 4.37
v -2.503 -8.638 4.608
v -2.456 -8.435 4.855
v -1.832 -9.595 4.719
v -1.757 -9.307 4.93
v -2.135 -8.994 4.768
v -2.214 -9.252 4.546
v -1.694 -9.04 5.129
v -2.073 -8.755 4.988
v -1.415 -9.881 4.871
v -1.348 -9.565 5.069
v -0.968 -10.101 5.001
v -0.92 -9.759 5.191
v -1.294 -9.272 5.256
v -0.879 -9.446 5.364
v -0.8 -8.526 6.17
v -1.366 -5.033 10.756
v -1.11 -5.142 10.792
v -1.025 -5.366 10.765
v -2.166 3.284 9.086
v -2.143 3.323 9.075
v -2.13 3.365 9.075
v -2.126 3.464 9.095
v -2.122 3.411 9.08
v -2.144 3.522 9.123
v -0.444 -9.556 5.439
v -0.467 -9.886 5.278
v 0 -9.937 5.321
v 0 -9.597 5.474
v -0.492 -10.244 5.098
v 0 -10.303 5.146
v -2.034 -8.545 5.22
v -1.646 -8.798 5.333
v -1.617 -8.592 5.557
v -2.011 -8.369 5.468
v -1.22 -8.773 5.638
v -1.251 -9.007 5.439
v -0.818 -8.907 5.706
v -0.844 -9.158 5.529
v -0.424 -9.252 5.589
v -0.408 -8.987 5.749
v 0 -9.015 5.765
v 0 -9.287 5.614
v -2.414 -8.116 5.381
v -2.427 -8.261 5.111
v -2.843 -7.96 5.016
v -2.839 -7.843 5.306
v -4.384 3.338 8.685
v -4.396 3.342 8.71
v -4.465 3.328 8.719
v -4.539 3.314 8.722
v -4.65 3.257 8.635
v -4.754 3.202 8.526
v -4.871 3.15 8.411
v -5.011 3.095 8.295
v 0 -1.685 11.522
v -0.124 -1.687 11.531
v -0.243 -1.69 11.549
v -0.36 -1.695 11.556
v -0.481 -1.697 11.545
v -0.611 -1.695 11.517
v -0.75 -1.692 11.463
v -0.606 -1.883 11.572
v -0.894 -1.688 11.388
v -1.041 -1.683 11.297
v -1.198 -1.678 11.189
v -1.371 -1.674 11.069
v -1.564 -1.655 10.931
v -1.781 -1.612 10.771
v -6.776 2.488 6.154
v -6.785 2.192 6.228
v -6.783 1.879 6.31
v -6.767 1.55 6.406
v -6.734 1.204 6.52
v -2.974 7.432 9.83
v -3.18 6.946 9.912
v -3.465 6.946 9.743
v -3.733 6.932 9.573
v -3.991 6.904 9.396
v -4.49 6.809 9.023
v -4.243 6.863 9.213
v -4.725 6.74 8.827
v -4.945 6.657 8.632
v -5.146 6.56 8.436
v -5.333 6.449 8.237
v -5.501 6.326 8.033
v -5.652 6.193 7.832
v -5.789 6.048 7.633
v -5.917 5.89 7.435
v -6.034 5.72 7.241
v -6.141 5.538 7.054
v -6.235 5.344 6.876
v -6.32 5.138 6.709
v -6.393 4.924 6.558
v -6.457 4.703 6.426
v -6.513 4.477 6.314
v -6.56 4.249 6.224
v -6.602 4.016 6.154
v -6.639 3.781 6.105
v -6.675 3.54 6.075
v -6.703 3.292 6.066
v -6.731 3.035 6.077
v -6.757 2.768 6.107
v -6.921 0.745 5.754
v -6.85 0.347 5.83
v -6.765 -0.071 5.907
v -6.67 -0.513 5.975
v -6.573 -0.98 6.032
v -6.832 -1.715 3.788
v -6.907 -1.249 3.754
v -6.974 -0.816 3.721
v -7.038 -0.406 3.683
v -7.099 -0.014 3.649
v -7.158 0.368 3.616
v -7.212 0.744 3.579
v -7.261 1.12 3.542
v -7.295 1.496 3.508
v -7.321 1.874 3.481
v -7.343 2.256 3.469
v -7.359 2.63 3.495
v -7.37 2.991 3.541
v -7.371 3.338 3.596
v -7.363 3.676 3.657
v -7.342 4.007 3.726
v -7.316 4.332 3.819
v -7.283 4.656 3.933
v -7.247 4.979 4.069
v -7.201 5.299 4.228
v -7.146 5.614 4.41
v -7.08 5.921 4.612
v -7.004 6.216 4.831
v -6.915 6.499 5.062
v -6.808 6.764 5.3
v -6.69 7.011 5.542
v -6.56 7.24 5.786
v -6.419 7.446 6.028
v -6.267 7.632 6.268
v -6.109 7.795 6.503
v -5.947 7.936 6.728
v -5.774 8.072 6.954
v -5.574 8.211 7.196
v -5.344 8.348 7.452
v -5.089 8.476 7.713
v -4.82 8.588 7.966
v -4.545 8.682 8.209
v -4.258 8.761 8.446
v -3.956 8.825 8.681
v -3.632 8.873 8.912
v 0 -8.778 5.948
v -0.399 -8.756 5.941
v -0.803 -8.686 5.915
v -1.205 -8.578 5.869
v -1.604 -8.42 5.807
v -2.003 -8.225 5.738
v -2.413 -8.002 5.671
v -2.841 -7.751 5.608
v -3.273 -7.46 5.552
v -3.706 -7.135 5.506
v -4.137 -6.783 5.467
v -4.56 -6.399 5.434
v -4.965 -5.978 5.405
v -5.739 -5.036 4.217
v -6.056 -4.49 4.143
v -6.301 -3.911 4.065
v -6.489 -3.33 3.984
v -6.628 -2.774 3.908
v -6.74 -2.228 3.837
v 0 9.423 9.684
v -0.364 9.436 9.667
v -0.723 9.459 9.63
v -1.08 9.488 9.572
v -1.445 9.519 9.493
v -1.821 9.547 9.394
v -2.207 9.57 9.273
v -2.596 9.58 9.12
v -2.984 9.574 8.935
v -3.361 9.546 8.721
v -3.078 3.995 9.588
v -3.077 3.988 9.562
v -3.222 4 9.591
v -3.217 3.985 9.56
v -1.984 5.34 10.541
v -2.106 5.43 10.544
v -1.815 5.216 10.527
v -1.627 5.078 10.497
v -1.421 4.925 10.453
v -1.202 4.741 10.4
v -1.653 5.368 10.623
v -1.867 5.471 10.611
v -1.424 5.248 10.616
v -1.169 5.108 10.6
v -0.84 4.922 10.597
v -0.724 4.609 10.501
v -1.803 5.644 10.653
v -1.542 5.553 10.68
v -1.484 5.762 10.703
v -1.772 5.844 10.665
v -1.277 5.453 10.69
v -1.205 5.677 10.725
v -1.004 5.351 10.693
v -0.916 5.595 10.736
v -0.702 5.256 10.702
v -0.625 5.531 10.745
v -1.462 5.984 10.7
v -1.768 6.061 10.653
v -1.172 5.908 10.728
v -0.885 5.839 10.744
v -0.595 5.782 10.754
v -0.365 4.642 10.616
v -0.391 4.927 10.672
v 0 4.649 10.67
v 0 4.928 10.71
v 0 5.735 10.768
v -0.3 5.749 10.762
v -0.316 5.497 10.758
v 0 5.485 10.766
v -0.352 5.224 10.728
v 0 5.215 10.745
v -2.082 5.545 10.585
v -2.073 5.717 10.607
v -2.07 5.916 10.607
v -2.578 5.583 10.451
v -2.321 5.574 10.528
v -2.09 6.133 10.579
v -2.632 5.793 10.454
v -2.351 5.764 10.539
v -2.682 6.012 10.424
v -2.38 5.972 10.523
v -2.728 6.235 10.366
v -2.415 6.192 10.482
v -2.871 6.93 10.079
v -2.824 6.693 10.191
v -2.496 6.655 10.336
v -2.541 6.898 10.234
v -2.922 7.175 9.957
v -2.775 6.462 10.288
v -1.787 6.293 10.616
v -2.119 6.363 10.529
v -2.454 6.42 10.419
v -1.462 6.217 10.674
v 0 5.974 10.752
v -0.297 5.992 10.747
v -0.589 6.028 10.74
v -0.874 6.081 10.729
v -1.161 6.145 10.708
v 0 6.218 10.718
v -0.297 6.236 10.713
v -0.589 6.274 10.705
v -0.876 6.328 10.692
v -1.17 6.393 10.668
v -1.483 6.464 10.624
v -1.813 6.536 10.556
v -2.154 6.602 10.457
v 0 6.479 10.665
v -0.3 6.495 10.66
v -0.595 6.532 10.65
v -0.888 6.589 10.633
v -1.191 6.653 10.602
v -1.511 6.722 10.55
v -1.847 6.789 10.473
v -2.193 6.85 10.368
v -1.659 3.405 9.345
v -1.625 3.265 9.363
v -1.645 3.134 9.395
v -0.557 -2.425 11.779
v -0.607 -1.318 11.438
v -0.611 -1.505 11.473
v -0.602 -1.138 11.419
v -0.608 -0.969 11.415
v -0.863 1.976 11.228
v -0.826 1.769 11.463
v -6.365 -0.471 7.045
v -6.212 -1.004 7.149
v -6.54 -0.506 6.497
v -6.426 -0.996 6.563
v -6.651 -0.047 6.408
v -6.741 0.381 6.303
v -6.813 0.779 6.202
v -6.678 0.837 6.646
v -6.604 0.442 6.78
v -6.5 0.009 6.915
v -4.89 2.606 8.496
v -5.102 2.516 8.332
v -5.358 2.445 8.136
v -5.291 2.258 8.273
v -4.999 2.35 8.478
v -4.743 2.465 8.657
v 0.405 -8.4 6.834
v 0.4 -8.472 6.484
v 0.804 -8.42 6.474
v 0.812 -8.349 6.826
v 1.207 -8.335 6.452
v 1.219 -8.269 6.809
v 5.151 1.835 8.584
v 5.51 1.724 8.353
v 5.567 1.959 8.187
v 5.221 2.058 8.425
v 3.329 -1.159 9.972
v 3.115 -0.916 10.04
v 2.841 -1.16 10.117
v 3.053 -1.396 10.069
v 2.608 -1.384 10.226
v 2.817 -1.614 10.192
v 3.627 -0.907 9.855
v 3.405 -0.659 9.941
v 2.64 -0.935 10.139
v 2.897 -0.689 10.082
v 4.515 -0.05 9.358
v 4.778 0.263 9.183
v 4.477 0.491 9.335
v 4.236 0.193 9.489
v 4.169 0.693 9.438
v 3.947 0.409 9.578
v 3.445 -0.156 9.88
v 3.691 -0.386 9.808
v 3.971 -0.102 9.651
v 3.705 0.124 9.731
v 3.174 -0.428 10.002
v 2.962 0.259 9.956
v 3.199 0.058 9.926
v 3.441 0.329 9.786
v 3.186 0.518 9.823
v 3.93 -0.637 9.707
v 4.228 -0.35 9.536
v 5.554 2.972 7.833
v 5.49 2.8 7.91
v 5.753 2.766 7.671
v 5.798 2.959 7.592
v 5.901 3.454 7.508
v 5.702 3.415 7.747
v 5.658 3.278 7.754
v 5.873 3.3 7.515
v 5.923 3.603 7.521
v 5.737 3.547 7.756
v 5.935 3.752 7.551
v 5.762 3.678 7.781
v 5.775 3.936 7.881
v 5.928 4.046 7.667
v 5.906 4.198 7.766
v 5.76 4.066 7.969
v 5.609 3.131 7.782
v 5.839 3.135 7.541
v 5.464 3.275 7.939
v 5.411 3.145 7.963
v 5.709 2.573 7.77
v 5.429 2.627 8.007
v 5.865 4.353 7.891
v 5.726 4.199 8.085
v 5.611 3.959 8.124
v 5.58 4.071 8.23
v 5.624 3.85 8.048
v 5.561 3.514 7.942
v 5.594 3.627 7.963
v 5.452 3.602 8.101
v 5.409 3.5 8.087
v 5.364 3.398 8.078
v 5.52 3.397 7.932
v 5.303 3.289 8.084
v 5.239 3.174 8.11
v 5.227 3.411 8.201
v 5.159 3.314 8.209
v 5.088 3.211 8.237
v 5.484 3.886 8.233
v 5.493 3.796 8.17
v 5.456 3.98 8.324
v 5.388 3.837 8.306
v 5.388 3.764 8.261
v 5.328 3.594 8.214
v 5.285 3.505 8.204
v 5.406 4.077 8.438
v 5.526 4.187 8.362
v 5.672 4.334 8.228
v 5.605 4.469 8.384
v 5.455 4.3 8.51
v 5.331 4.173 8.573
v 5.812 4.508 8.039
v 5.303 3.983 8.481
v 5.359 3.906 8.377
v 5.23 4.067 8.604
v 5.74 4.66 8.2
v 2.945 -0.21 10.038
v 2.725 -0.002 10.065
v 2.487 -0.257 10.131
v 2.689 -0.469 10.107
v 2.288 -0.042 10.162
v 2.103 0.188 10.21
v 1.893 -0.039 10.314
v 2.08 -0.285 10.2
v 2.448 -0.715 10.152
v 2.263 -0.502 10.167
v 2.086 -0.735 10.239
v 2.248 -0.941 10.235
v 1.873 -0.356 10.367
v 1.948 -0.539 10.266
v 1.276 -0.967 10.88
v 1.253 -1.145 10.871
v 1.4 -1.121 10.741
v 1.412 -0.96 10.777
v 1.133 -0.943 11.003
v 1.105 -1.154 11.005
v 0.969 -0.976 11.127
v 0.972 -1.149 11.133
v 0.847 -0.983 11.236
v 0.85 -1.144 11.245
v 2.315 0.418 10.122
v 2.13 0.638 10.164
v 1.95 0.443 10.285
v 1.963 0.856 10.234
v 1.815 0.68 10.383
v 2.512 0.203 10.09
v 2.425 -1.163 10.235
v 5.296 4.885 8.885
v 5.417 4.748 8.717
v 5.55 4.959 8.541
v 5.425 5.103 8.716
v 5.125 5.362 9.053
v 4.954 5.472 9.208
v 4.835 5.249 9.35
v 5.001 5.138 9.205
v 4.122 5.754 9.784
v 3.876 5.787 9.917
v 3.767 5.555 9.981
v 4.009 5.527 9.866
v 4.687 5.035 9.439
v 4.852 4.926 9.302
v 5.145 4.683 8.994
v 5.268 4.554 8.831
v 5.655 4.811 8.368
v 5.521 4.609 8.547
v 5.371 4.426 8.666
v 2.515 0.647 10.006
v 2.733 0.452 9.982
v 2.939 0.698 9.851
v 2.703 0.872 9.875
v 2.309 0.842 10.037
v 2.48 1.045 9.901
v 2.117 1.037 10.085
v 2.27 1.219 9.938
v 1.396 -1.884 11.155
v 1.402 -2.097 11.246
v 1.6 -2.121 11.124
v 1.599 -1.887 11.024
v 1.216 -1.88 11.269
v 1.223 -2.082 11.355
v 1.821 -2.146 10.984
v 1.842 -1.873 10.862
v 5.236 4.282 8.729
v 5.125 4.399 8.894
v 5.007 4.277 8.921
v 5.122 4.167 8.76
v 4.883 4.387 9.073
v 5.003 4.52 9.05
v 4.539 4.851 9.477
v 4.707 4.747 9.346
v 4.416 4.699 9.486
v 4.587 4.601 9.358
v 1.938 1.232 10.148
v 2.072 1.396 9.985
v 3.627 5.806 10.042
v 3.384 5.815 10.155
v 3.283 5.582 10.189
v 3.523 5.572 10.089
v 3.297 5.138 10.021
v 3.078 5.146 10.088
v 2.982 4.953 9.975
v 3.196 4.953 9.927
v 3.404 5.345 10.085
v 3.174 5.355 10.167
v 3.882 5.303 9.898
v 3.645 5.33 9.994
v 3.523 5.127 9.952
v 3.752 5.104 9.874
v 3.415 4.946 9.88
v 3.636 4.927 9.826
v 2.294 5.028 10.244
v 2.415 5.201 10.339
v 2.177 5.257 10.449
v 2.036 5.106 10.395
v 1.743 2.823 9.474
v 1.813 2.882 9.441
v 1.707 3.007 9.424
v 1.64 2.962 9.465
v 1.882 2.695 9.476
v 1.949 2.77 9.447
v 0.729 -0.979 11.33
v 0.728 -1.14 11.34
v 0.338 -1.017 11.569
v 0.346 -1.169 11.526
v 0.472 -1.142 11.483
v 0.472 -0.948 11.513
v 0.111 -1.08 11.623
v 0.113 -1.203 11.563
v 0.879 -1.498 11.327
v 0.862 -1.313 11.275
v 0.734 -1.313 11.367
v 0.744 -1.501 11.41
v 0.482 -1.51 11.513
v 0.479 -1.326 11.488
v 0.353 -1.337 11.52
v 0.359 -1.514 11.532
v 0.352 -1.869 11.586
v 0.324 -2.021 11.633
v 0.441 -2.056 11.653
v 0.47 -1.88 11.59
v 0.748 -2.067 11.602
v 0.903 -2.068 11.536
v 0.901 -1.88 11.458
v 0.751 -1.882 11.525
v 0.239 -1.517 11.534
v 0.234 -1.347 11.533
v 0.117 -1.352 11.533
v 0.12 -1.517 11.525
v 1.169 -1.489 11.117
v 1.133 -1.317 11.053
v 0.993 -1.316 11.171
v 1.019 -1.493 11.229
v 1.054 -1.88 11.372
v 1.059 -2.074 11.452
v 1.332 -1.478 10.993
v 1.29 -1.305 10.924
v 1.365 4.205 9.811
v 1.553 4.381 9.878
v 1.304 4.452 10.095
v 1.144 4.257 10.032
v 2.507 5.386 10.413
v 2.277 5.407 10.494
v 2.864 5.155 10.157
v 2.763 4.959 10.034
v 3.144 5.818 10.26
v 3.057 5.586 10.28
v 2.958 5.363 10.245
v 1.071 3.77 9.775
v 1.196 4.002 9.775
v 1.009 4.04 10.004
v 0.913 3.805 10.014
v 0.817 4.076 10.241
v 0.749 3.846 10.259
v 0.583 4.119 10.442
v 0.542 3.894 10.469
v 0.228 -1.19 11.55
v 0.224 -1.057 11.603
v 0.126 -1.854 11.55
v 0.122 -1.997 11.582
v 0.227 -1.996 11.606
v 0.24 -1.855 11.574
v 2.285 -2.861 10.743
v 2.435 -2.975 10.604
v 2.563 -2.826 10.548
v 2.394 -2.685 10.676
v 2.196 -2.559 10.813
v 1.986 -2.455 10.958
v 1.927 -2.669 11.04
v 2.111 -2.758 10.893
v 2.696 -2.979 10.439
v 2.556 -3.096 10.484
v 2.647 -3.212 10.385
v 2.793 -3.117 10.347
v 2.903 -3.364 10.203
v 2.86 -3.245 10.271
v 2.711 -3.317 10.301
v 2.751 -3.415 10.231
v 1.739 -2.599 11.179
v 1.777 -2.388 11.097
v 1.395 -2.304 11.34
v 1.379 -2.497 11.416
v 1.557 -2.544 11.307
v 1.581 -2.341 11.226
v 1.21 -2.462 11.513
v 1.221 -2.277 11.444
v 1.059 -2.26 11.536
v 1.049 -2.44 11.597
v 2.772 -3.511 10.172
v 2.774 -3.612 10.123
v 2.935 -3.599 10.087
v 2.925 -3.481 10.141
v 2.925 -3.72 10.045
v 2.762 -3.71 10.095
v 2.679 -2.26 10.44
v 2.444 -2.061 10.545
v 2.31 -2.32 10.698
v 2.531 -2.48 10.575
v 2.716 -2.66 10.459
v 2.881 -2.48 10.338
v 0.9 -2.249 11.617
v 0.74 -2.245 11.681
v 0.728 -2.422 11.729
v 0.89 -2.426 11.67
v 3.11 -3.721 9.974
v 3.119 -3.574 10.024
v 2.856 -2.844 10.361
v 3.028 -2.692 10.249
v 2.961 -3.01 10.275
v 3.136 -2.882 10.168
v 3.077 -3.294 10.139
v 3.262 -3.208 10.037
v 3.207 -3.046 10.1
v 3.03 -3.155 10.203
v 2.654 -4.308 10.12
v 2.759 -4.141 10.054
v 2.616 -4.042 10.152
v 2.516 -4.187 10.23
v 2.379 -4.345 10.332
v 2.513 -4.497 10.21
v 3.106 -3.432 10.079
v 3.315 -3.534 9.923
v 3.297 -3.368 9.979
v 3.309 -3.71 9.876
v 2.211 -4.508 10.446
v 2.343 -4.686 10.308
v 2.818 -4.432 9.989
v 2.93 -4.229 9.941
v 3.57 -2.799 9.824
v 3.637 -3.008 9.751
v 3.852 -2.899 9.579
v 3.789 -2.66 9.658
v 2.018 -4.663 10.55
v 2.15 -4.864 10.399
v 2.677 -4.649 10.061
v 3.683 -3.218 9.686
v 3.712 -3.437 9.629
v 3.923 -3.389 9.445
v 3.9 -3.14 9.504
v 3.923 -3.649 9.401
v 3.716 -3.669 9.585
v 4.055 -2.509 9.462
v 4.113 -2.784 9.369
v 4.415 -2.659 9.109
v 4.365 -2.349 9.222
v 1.814 -4.801 10.636
v 1.94 -5.026 10.481
v 2.497 -4.865 10.15
v 2.995 -4.541 9.846
v 3.116 -4.307 9.815
v 2.849 -4.788 9.901
v 4.149 -3.06 9.286
v 4.167 -3.344 9.216
v 4.434 -3.293 8.94
v 4.436 -2.973 9.015
v 4.159 -3.639 9.168
v 4.41 -3.622 8.884
v 5.026 -0.612 8.948
v 5.344 -0.271 8.698
v 5.071 0.008 8.971
v 4.786 -0.318 9.178
v 1.596 -4.924 10.704
v 1.72 -5.173 10.552
v 2.297 -5.066 10.238
v 2.665 -5.033 9.976
v 2.086 -5.25 10.326
v 1.87 -5.42 10.414
v 2.458 -5.259 10.066
v 2.246 -5.469 10.166
v 4.118 -3.943 9.139
v 4.355 -3.957 8.851
v 4.72 -3.234 8.611
v 4.676 -3.596 8.549
v 4.954 -3.567 8.174
v 5.011 -3.174 8.238
v 5.938 2.095 7.723
v 5.894 1.857 7.885
v 6.179 1.758 7.544
v 6.212 2.024 7.389
v 5.843 1.601 8.059
v 6.131 1.476 7.716
v 4.607 -3.965 8.51
v 4.87 -3.97 8.131
v 5.587 -3.051 7.403
v 5.305 -3.113 7.835
v 5.233 -3.539 7.774
v 5.493 -3.512 7.358
v 5.999 2.54 7.464
v 6.244 2.519 7.145
v 6.254 2.751 7.053
v 6.021 2.754 7.368
v 5.132 -3.973 7.735
v 5.376 -3.972 7.33
v 6.258 2.973 6.992
v 6.044 2.961 7.297
v 5.829 -3.006 6.969
v 5.719 -3.487 6.942
v 6.198 -2.944 6.097
v 6.028 -2.975 6.538
v 5.91 -3.472 6.53
v 6.073 -3.457 6.106
v 6.255 3.576 6.951
v 6.089 3.511 7.233
v 6.077 3.337 7.234
v 6.259 3.384 6.942
v 6.064 3.155 7.253
v 6.26 3.184 6.954
v 3.992 -5.997 8.176
v 4.223 -5.6 8.137
v 4.015 -5.49 8.516
v 3.802 -5.866 8.561
v 5.764 -3.973 6.526
v 5.917 -3.973 6.117
v 5.586 -3.973 6.929
v 6.323 -3.411 5.252
v 6.454 -2.875 5.214
v 6.34 -2.914 5.655
v 6.211 -3.436 5.679
v 6.615 2.757 6.423
v 6.448 2.752 6.74
v 6.454 2.503 6.815
v 6.631 2.492 6.483
v 6.899 2.49 5.828
v 7.008 2.498 5.485
v 6.984 2.804 5.462
v 6.877 2.783 5.79
v 6.093 3.847 7.288
v 6.096 3.68 7.251
v 6.244 3.765 6.977
v 6.228 3.95 7.026
v 6.047 -3.967 5.703
v 6.151 -3.957 5.288
v 6.408 -3.38 4.826
v 6.542 -2.831 4.772
v 7.108 2.514 5.116
v 7.191 2.535 4.726
v 7.174 2.863 4.73
v 7.085 2.831 5.106
v 6.955 3.098 5.451
v 6.848 3.064 5.77
v 6.597 3.01 6.381
v 6.441 2.989 6.687
v 6.06 4.18 7.428
v 6.169 4.317 7.183
v 6.125 4.501 7.295
v 6.026 4.35 7.537
v 3.454 -6.73 8.279
v 3.738 -6.377 8.225
v 3.572 -6.233 8.622
v 3.322 -6.584 8.695
v 6.229 -3.94 4.875
v 7.15 3.182 4.744
v 7.056 3.137 5.109
v 7.261 2.56 4.33
v 7.249 2.899 4.345
v 6.785 3.596 5.782
v 6.888 3.656 5.478
v 6.849 3.924 5.52
v 6.747 3.851 5.817
v 6.524 3.712 6.387
v 6.398 3.644 6.668
v 6.417 3.435 6.651
v 6.553 3.486 6.362
v 6.429 3.216 6.658
v 6.576 3.253 6.361
v 6.818 3.334 5.767
v 6.923 3.381 5.456
v 6.066 4.683 7.426
v 5.995 4.862 7.577
v 5.914 4.688 7.814
v 5.978 4.519 7.666
v 7.233 3.229 4.37
v 6.987 3.719 5.157
v 7.083 3.788 4.814
v 7.043 4.081 4.876
v 6.946 3.999 5.208
v 7.023 3.432 5.125
v 7.12 3.489 4.771
v 7.315 2.591 3.921
v 7.314 2.941 3.949
v 6.759 4.447 5.667
v 6.66 4.347 5.949
v 6.706 4.101 5.872
v 6.805 4.188 5.582
v 6.458 4.152 6.494
v 6.348 4.052 6.761
v 6.374 3.85 6.705
v 6.492 3.933 6.431
v 3.164 -6.414 9.064
v 3.387 -6.075 8.973
v 3.191 -5.916 9.266
v 2.985 -6.233 9.373
v 3.626 -6.934 7.398
v 3.553 -6.847 7.839
v 3.206 -7.151 7.884
v 3.246 -7.226 7.434
v 7.209 3.549 4.405
v 7.176 3.86 4.457
v 7.138 4.164 4.531
v 7.306 3.281 3.987
v 7.001 4.37 4.96
v 6.958 4.656 5.066
v 6.858 4.549 5.374
v 6.903 4.276 5.28
v 6.303 4.787 6.804
v 6.215 4.646 7.051
v 6.268 4.45 6.934
v 6.363 4.578 6.681
v 6.553 4.827 6.169
v 6.651 4.953 5.904
v 6.584 5.197 6.054
v 6.486 5.059 6.31
v 5.745 5.009 8.145
v 5.838 4.851 7.976
v 5.912 5.034 7.739
v 5.815 5.199 7.91
v 7.263 3.933 4.093
v 7.23 4.248 4.178
v 7.098 4.466 4.626
v 7.056 4.764 4.743
v 6.75 5.082 5.631
v 6.852 5.213 5.345
v 6.785 5.481 5.515
v 6.684 5.338 5.79
v 6.421 5.658 6.406
v 6.326 5.5 6.643
v 6.411 5.285 6.469
v 6.507 5.433 6.223
v 6.15 5.188 7.107
v 6.071 5.029 7.339
v 6.148 4.839 7.186
v 6.231 4.991 6.948
v 5.638 5.162 8.323
v 5.706 5.354 8.091
v 0.827 -8.253 7.66
v 0.829 -8.193 8.119
v 0.414 -8.237 8.127
v 0.413 -8.296 7.666
v 1.235 -8.222 7.208
v 0.822 -8.297 7.223
v 3.598 -5.728 8.9
v 3.392 -5.589 9.184
v 7.194 4.561 4.282
v 7.153 4.872 4.41
v 6.951 5.346 5.046
v 6.886 5.627 5.227
v 6.709 5.739 5.703
v 6.621 5.987 5.904
v 6.52 5.821 6.16
v 6.608 5.585 5.968
v 5.212 5.569 8.857
v 5.371 5.445 8.683
v 5.439 5.639 8.463
v 5.281 5.765 8.648
v 5.514 5.309 8.503
v 5.581 5.501 8.276
v 0.41 -8.347 7.23
v 7.05 5.481 4.734
v 6.985 5.774 4.926
v 6.81 5.897 5.426
v 6.723 6.156 5.637
v 6.23 5.703 6.829
v 6.323 5.871 6.601
v 6.215 6.069 6.803
v 6.122 5.893 7.024
v 5.881 5.376 7.681
v 5.982 5.206 7.504
v 6.058 5.373 7.277
v 5.954 5.549 7.458
v 4.74 6.06 9.153
v 4.67 5.858 9.332
v 4.864 5.777 9.178
v 4.933 5.977 8.989
v 5.111 5.878 8.822
v 5.041 5.681 9.023
v 6.821 6.327 5.357
v 6.909 6.057 5.135
v 6.311 6.25 6.576
v 6.422 6.043 6.366
v 6.523 6.22 6.118
v 6.412 6.435 6.338
v 6.095 6.253 7.011
v 6.004 6.069 7.225
v 5.838 5.713 7.647
v 5.768 5.534 7.866
v 3.793 6.255 9.828
v 3.542 6.268 9.971
v 3.467 6.047 10.078
v 3.717 6.036 9.949
v 4.289 6.186 9.504
v 4.045 6.227 9.671
v 3.969 6.013 9.809
v 4.216 5.976 9.657
v 3.22 6.048 10.197
v 2.964 6.037 10.312
v 2.9 5.811 10.36
v 2.373 7.944 9.889
v 2.324 7.65 10.012
v 2.684 7.683 9.867
v 2.742 7.971 9.741
v 2.276 7.371 10.137
v 2.234 7.106 10.257
v 2.584 7.148 10.119
v 2.632 7.409 9.994
v 6.623 6.401 5.859
v 6.51 6.626 6.087
v 6.286 6.634 6.56
v 6.19 6.44 6.791
v 5.964 6.422 7.222
v 5.874 6.232 7.429
v 5.736 6.383 7.634
v 5.823 6.578 7.433
v 5.673 6.717 7.642
v 5.586 6.519 7.838
v 5.349 5.952 8.437
v 5.504 5.821 8.244
v 5.574 6.005 8.034
v 5.422 6.138 8.232
v 5.644 5.683 8.054
v 5.712 5.864 7.84
v 3.286 6.27 10.106
v 3.02 6.261 10.237
v 2.01 7.906 10.012
v 1.964 7.606 10.131
v 1.923 7.322 10.254
v 1.883 7.051 10.37
v 2.48 8.574 9.643
v 2.427 8.252 9.771
v 2.801 8.273 9.616
v 2.86 8.588 9.481
v 6.717 6.581 5.586
v 6.602 6.817 5.821
v 6.383 6.833 6.316
v 6.057 6.617 7.008
v 6.151 6.817 6.784
v 5.76 6.923 7.44
v 5.913 6.779 7.226
v 6.004 6.986 7.008
v 5.85 7.135 7.228
v 5.508 6.845 7.852
v 5.419 6.646 8.047
v 5.233 6.761 8.255
v 5.325 6.964 8.066
v 5.123 7.072 8.278
v 5.03 6.862 8.458
v 4.869 6.457 8.803
v 4.801 6.258 8.977
v 4.998 6.171 8.8
v 5.068 6.365 8.617
v 5.252 6.257 8.427
v 5.179 6.067 8.621
v 1.306 7.806 10.184
v 1.275 7.498 10.296
v 1.614 7.553 10.225
v 1.652 7.857 10.109
v 0.647 7.706 10.282
v 0.631 7.394 10.385
v 0.947 7.442 10.35
v 0.972 7.755 10.242
v 0.616 7.092 10.485
v 0.604 6.805 10.575
v 0.905 6.861 10.552
v 0.925 7.146 10.455
v 1.244 7.202 10.409
v 1.216 6.923 10.514
v 1.543 6.988 10.454
v 1.578 7.264 10.343
v 2.103 8.546 9.773
v 2.056 8.219 9.896
v 2.527 8.906 9.497
v 2.912 8.913 9.326
v 6.475 7.034 6.058
v 6.244 7.023 6.547
v 6.097 7.196 6.776
v 5.94 7.349 7.001
v 5.689 7.266 7.441
v 5.598 7.052 7.651
v 5.42 7.172 7.867
v 5.514 7.388 7.657
v 5.317 7.505 7.88
v 5.22 7.285 8.084
v 4.403 7.318 8.901
v 4.321 7.087 9.059
v 4.57 7.027 8.863
v 4.658 7.251 8.698
v 3.873 7.406 9.284
v 3.8 7.164 9.43
v 4.064 7.132 9.248
v 4.142 7.369 9.096
v 3.669 6.707 9.711
v 3.607 6.486 9.846
v 3.86 6.468 9.689
v 3.924 6.684 9.543
v 4.173 6.648 9.366
v 4.109 6.436 9.52
v 4.353 6.391 9.342
v 4.418 6.598 9.182
v 0.324 7.669 10.308
v 0.317 7.356 10.408
v 0.31 7.054 10.504
v 0.304 6.761 10.592
v 1.371 8.464 9.955
v 1.338 8.128 10.072
v 1.693 8.176 9.994
v 1.732 8.507 9.874
v 1.021 8.42 10.019
v 0.681 8.379 10.065
v 0.664 8.037 10.177
v 0.997 8.081 10.132
v 2.145 8.884 9.635
v 2.566 9.242 9.324
v 2.953 9.242 9.146
v 6.335 7.234 6.295
v 6.185 7.412 6.53
v 6.026 7.57 6.76
v 5.779 7.484 7.219
v 5.604 7.61 7.437
v 5.41 7.733 7.665
v 4.842 7.718 8.342
v 4.58 7.801 8.564
v 4.491 7.556 8.738
v 4.749 7.481 8.526
v 4.311 7.868 8.776
v 4.032 7.92 8.981
v 3.951 7.658 9.136
v 4.225 7.615 8.94
v 3.592 7.429 9.469
v 3.527 7.182 9.608
v 3.406 6.717 9.874
v 3.348 6.493 9.996
v 3.295 7.438 9.651
v 3.235 7.185 9.784
v 3.127 6.713 10.033
v 3.074 6.485 10.143
v 0.342 8.345 10.095
v 0.333 8 10.206
v 1.401 8.811 9.825
v 1.768 8.85 9.74
v 1.045 8.772 9.892
v 0.697 8.732 9.943
v 2.18 9.226 9.469
v 5.864 7.708 6.981
v 5.692 7.838 7.202
v 5.496 7.968 7.437
v 4.931 7.963 8.146
v 4.667 8.056 8.379
v 4.395 8.132 8.602
v 4.113 8.191 8.818
v 3.74 7.956 9.182
v 3.665 7.687 9.327
v 3.429 7.977 9.378
v 3.36 7.702 9.516
v 0.35 8.702 9.974
v 1.425 9.162 9.674
v 1.798 9.198 9.582
v 0.711 9.093 9.8
v 1.064 9.127 9.745
v 4.19 8.473 8.641
v 4.474 8.404 8.414
v 4.748 8.319 8.18
v 5.015 8.216 7.937
v 3.817 8.236 9.029
v 3.5 8.265 9.237
v 0.358 9.066 9.834
v 3.145 -7.051 8.337
v 3.051 -6.912 8.771
v 3.89 8.526 8.864
v 3.569 8.564 9.082
v 2.769 -6.537 9.493
v 2.924 -6.737 9.163
v 4.347 -1.198 9.424
v 4.153 -0.908 9.579
v 3.83 -1.171 9.751
v 4.015 -1.451 9.623
v 4.66 5.346 9.483
v 4.779 5.569 9.351
v 4.58 5.646 9.493
v 4.461 5.422 9.613
v 4.514 5.13 9.563
v 4.319 5.206 9.682
v 4.172 5.011 9.699
v 4.361 4.94 9.594
v 4.042 4.846 9.687
v 4.234 4.781 9.593
v 2.742 5.371 10.325
v 2.647 5.171 10.24
v 2.825 5.586 10.366
v 5.156 5.015 9.049
v 5.282 5.238 8.888
v 5.007 4.807 9.155
v 4.863 4.635 9.204
v 4.746 4.497 9.222
v 1.957 4.709 10.046
v 2.14 4.868 10.146
v 1.871 4.956 10.331
v 1.685 4.801 10.258
v 5.618 2.175 8.027
v 0.121 -2.112 11.63
v 0.207 -2.09 11.637
v 0.263 -2.144 11.68
v 0.367 -2.24 11.744
v 4.165 -1.743 9.486
v 4.508 -1.507 9.252
v 4.283 -2.041 9.349
v 4.625 -1.834 9.081
v 6.128 -2.481 6.55
v 6.299 -2.442 6.088
v 6.391 -1.945 6.077
v 6.222 -1.992 6.568
v 6.002 -2.047 7.069
v 5.722 -2.128 7.563
v 5.658 -2.597 7.475
v 5.915 -2.533 7.017
v 6.442 -2.401 5.629
v 6.557 -2.356 5.174
v 6.641 -1.859 5.133
v 6.528 -1.904 5.601
v 6.644 -2.307 4.721
v 6.728 -1.81 4.672
v 6.278 -3.926 4.467
v 6.463 -3.352 4.402
v 6.6 -2.793 4.335
v 6.703 -2.265 4.275
v 6.788 -1.769 4.227
v 6.635 -2.753 3.479
v 6.615 -2.746 3.054
v 6.755 -2.084 2.88
v 6.758 -2.173 3.386
v 6.873 -1.529 2.946
v 6.857 -1.642 3.361
v 6.48 -1.46 6.063
v 6.319 -1.497 6.578
v 6.714 -1.383 5.092
v 6.609 -1.422 5.569
v 6.799 -1.338 4.624
v 6.861 -1.3 4.183
v 6.958 -1.088 2.965
v 6.938 -1.179 3.343
v 3.387 -5.142 9.367
v 3.567 -4.826 9.346
v 3.37 -4.732 9.53
v 3.2 -5.028 9.561
v 3.194 -5.455 9.418
v 3.009 -5.32 9.618
v 2.806 -5.604 9.708
v 2.994 -5.76 9.507
v 3.588 -5.257 9.136
v 2.603 -5.864 9.826
v 2.793 -6.05 9.624
v 2.401 -6.112 9.967
v 2.59 -6.326 9.759
v 2.037 -5.662 10.281
v 0.143 -2.209 11.69
v 0.176 -2.318 11.769
v 0.374 -2.437 11.81
v 0.187 -2.469 11.831
v 0.591 -2.065 11.645
v 0.567 -2.244 11.727
v 2.072 -2.192 10.829
v 2.157 -1.85 10.652
v 3.252 -1.645 10.008
v 3.436 -1.905 9.929
v 3.705 -1.686 9.788
v 3.526 -1.416 9.889
v 3.027 -1.854 10.136
v 4.475 -0.624 9.385
v 3.216 -2.107 10.065
v 5.359 -2.684 7.916
v 4.74 -2.88 8.692
v 5.048 -2.781 8.323
v 5.396 -2.25 8.023
v 3.702 -2.415 9.745
v 3.585 -2.164 9.837
v 3.368 -2.356 9.982
v 3.482 -2.586 9.901
v 3.851 -1.96 9.678
v 3.968 -2.235 9.566
v 1.107 -7.075 10.636
v 1.016 -6.713 10.824
v 0.693 -6.797 10.9
v 0.752 -7.173 10.704
v 0.349 -6.844 10.931
v 0.377 -7.224 10.737
v 1.569 -6.446 10.581
v 1.309 -6.594 10.715
v 1.433 -6.933 10.536
v 1.72 -6.757 10.41
v 0.914 -6.353 10.913
v 0.623 -6.419 10.986
v 0.317 -6.457 11.025
v 3.8 -5.375 8.853
v 4.687 -0.92 9.194
v 6.095 -1.541 7.121
v 5.784 -1.616 7.679
v 5.412 -1.8 8.165
v 6.373 1.365 7.335
v 6.417 1.671 7.172
v 6.441 1.963 7.035
v 1.537 -7.258 10.271
v 1.853 -7.061 10.161
v 1.608 -7.537 9.91
v 1.958 -7.338 9.831
v 1.223 -7.679 9.965
v 1.18 -7.41 10.351
v 0.795 -7.509 10.402
v 0.82 -7.766 10.002
v 0.398 -7.558 10.427
v 0.409 -7.807 10.021
v 3.982 -6.596 7.368
v 3.874 -6.499 7.799
v 4.302 -6.207 7.347
v 4.162 -6.114 7.765
v 7.029 -0.692 2.958
v 7.007 -0.76 3.323
v 6.928 -0.857 4.14
v 6.868 -0.888 4.579
v 6.787 -0.926 5.048
v 6.689 -0.956 5.529
v 5.23 -0.947 8.663
v 5.594 -0.591 8.333
v 4.863 -1.246 8.975
v 4.985 -1.602 8.755
v 5.844 -0.99 7.837
v 5.382 -1.337 8.365
v 4.699 -2.178 8.928
v 5.045 -1.994 8.574
v 3.128 0.935 9.711
v 3.299 1.166 9.585
v 3.036 1.305 9.623
v 2.879 1.092 9.742
v 2.786 1.44 9.655
v 2.641 1.245 9.77
v 4.417 -5.7 7.735
v 4.733 -2.526 8.798
v 5.061 -2.388 8.434
v 2.399 -1.602 10.403
v 2.621 -1.824 10.357
v 1.798 -0.606 10.418
v 1.824 -0.766 10.355
v 1.695 -0.946 10.48
v 1.696 -0.787 10.529
v 2.019 -1.536 10.589
v 2.229 -1.366 10.395
v 1.931 -0.945 10.353
v 2.073 -1.144 10.373
v 1.784 -1.108 10.498
v 1.897 -1.303 10.538
v 3.384 -2.928 9.97
v 3.444 -3.112 9.904
v 3.488 -3.295 9.844
v 3.512 -3.487 9.789
v 3.513 -3.691 9.744
v 3.275 -3.895 9.835
v 3.482 -3.906 9.706
v 3.023 -4.913 9.736
v 3.182 -4.638 9.695
v 2.835 -5.183 9.8
v 2.629 -5.437 9.891
v 2.421 -5.674 10.003
v 2.216 -5.894 10.138
v 2.843 -2.049 10.284
v 3.041 -2.294 10.201
v 3.19 -2.524 10.12
v 3.303 -2.736 10.041
v 1.571 -0.899 10.65
v 1.558 -1.058 10.606
v 3.315 -4.376 9.673
v 1.806 1.066 10.319
v 0.306 4.153 10.582
v 0.287 3.933 10.614
v 1.657 -5.58 10.508
v 1.833 -5.838 10.407
v 1.499 -5.309 10.615
v 0.452 -5.36 10.892
v 0.664 -5.365 10.853
v 0.646 -5.049 10.907
v 0.437 -5.026 10.931
v 0.231 -5.348 10.914
v 0.225 -5.016 10.945
v 0.86 -5.082 10.863
v 0.863 -5.369 10.809
v 0.284 -6.078 11.037
v 0.556 -6.054 10.996
v 0.816 -6.012 10.926
v 1.261 -5.852 10.723
v 1.051 -5.945 10.832
v 1.179 -6.26 10.805
v 1.413 -6.142 10.678
v 1.455 -5.725 10.614
v 1.627 -5.999 10.542
v 0.255 -5.714 10.987
v 0.497 -5.707 10.95
v 0.727 -5.69 10.893
v 1.121 -5.586 10.74
v 0.937 -5.653 10.819
v 1.287 -5.445 10.678
v 6.044 -4.495 4.529
v 6.002 -4.498 4.923
v 5.713 -5.03 4.965
v 5.737 -5.033 4.586
v 5.936 -4.5 5.323
v 5.663 -5.023 5.353
v 5.841 -4.496 5.725
v 5.59 -5.01 5.744
v 5.724 -4.487 6.127
v 5.585 -4.475 6.529
v 5.367 -4.967 6.532
v 5.49 -4.992 6.139
v 5.421 -4.456 6.922
v 5.229 -4.434 7.308
v 5.046 -4.892 7.305
v 5.221 -4.934 6.919
v 5.002 -4.409 7.712
v 4.837 -4.842 7.706
v 4.512 -4.342 8.49
v 4.377 -4.725 8.483
v 4.61 -4.786 8.102
v 4.757 -4.377 8.11
v 4.272 -4.304 8.833
v 4.148 -4.66 8.824
v 5.182 7.854 7.905
v 5.267 8.098 7.686
v 5.09 7.618 8.112
v 4.995 7.39 8.307
v 4.899 7.168 8.489
v 4.809 6.952 8.662
v 4.585 6.331 9.159
v 4.651 6.534 8.993
v 4.523 6.13 9.329
v 4.451 5.924 9.497
v 4.36 5.709 9.64
v 4.242 5.482 9.742
v 4.106 5.262 9.792
v 3.97 5.066 9.792
v 3.846 4.895 9.762
v 2.013 -6.092 10.284
v 1.8 -6.278 10.434
v 5.221 3.901 8.503
v 5.287 3.842 8.406
v 4.586 3.019 8.751
v 4.675 3.109 8.628
v 4.573 3.175 8.745
v 4.483 3.095 8.868
v 4.335 2.836 9.024
v 4.47 2.925 8.893
v 4.364 3.008 9
v 4.217 2.936 9.128
v 4.153 2.775 9.16
v 4.046 2.884 9.246
v 4.349 3.166 8.965
v 4.225 3.102 9.084
v 4.698 4.179 9.073
v 4.831 4.08 8.923
v 4.914 4.172 8.926
v 4.784 4.274 9.078
v 4.314 4.568 9.479
v 4.489 4.477 9.356
v 3.532 4.768 9.777
v 3.318 4.776 9.814
v 3.238 4.629 9.759
v 3.442 4.632 9.737
v 4.231 4.457 9.466
v 4.405 4.37 9.345
v 2.891 4.758 9.859
v 3.105 4.77 9.839
v 4.755 3.999 8.91
v 4.874 3.903 8.763
v 4.955 3.986 8.771
v 5.033 4.073 8.772
v 5.072 3.894 8.622
v 5.145 3.975 8.617
v 4.636 3.831 8.944
v 4.743 3.738 8.786
v 4.798 3.826 8.762
v 4.683 3.917 8.912
v 4.622 4.097 9.06
v 4.16 4.362 9.448
v 4.331 4.279 9.33
v 3.192 4.517 9.714
v 3.375 4.522 9.704
v 3.031 4.608 9.764
v 2.806 4.57 9.757
v 2.769 4.438 9.679
v 2.995 4.488 9.706
v 2.751 4.331 9.634
v 2.745 4.231 9.628
v 2.941 4.281 9.663
v 2.964 4.379 9.666
v 3.328 4.423 9.676
v 3.147 4.409 9.677
v 3.122 4.311 9.677
v 3.295 4.327 9.676
v 4.268 4.19 9.33
v 4.103 4.27 9.439
v 4.061 4.179 9.463
v 4.227 4.101 9.36
v 4.031 4.085 9.496
v 4.191 4.009 9.397
v 4.47 3.844 9.143
v 4.594 3.745 8.988
v 4.511 3.929 9.104
v 4.558 4.014 9.07
v 4.546 3.519 8.819
v 4.639 3.402 8.641
v 4.731 3.481 8.647
v 4.628 3.582 8.829
v 4.53 3.675 8.992
v 4.458 3.615 8.977
v 4.477 3.516 8.772
v 4.547 3.42 8.623
v 4.394 3.607 8.929
v 2.85 2.971 9.532
v 2.686 3.01 9.5
v 2.66 2.922 9.513
v 2.837 2.877 9.535
v 3.38 2.963 9.472
v 3.203 2.968 9.503
v 3.211 2.924 9.537
v 3.396 2.92 9.509
v 3.579 2.931 9.46
v 3.735 2.957 9.392
v 3.713 2.999 9.351
v 3.556 2.974 9.419
v 3.224 2.819 9.528
v 3.431 2.81 9.494
v 3.696 2.695 9.391
v 3.925 2.72 9.294
v 3.832 2.843 9.358
v 3.637 2.818 9.437
v 3.996 3.111 9.137
v 3.983 3.108 9.114
v 3.85 3.072 9.208
v 3.856 3.072 9.229
v 3.693 3.033 9.32
v 3.688 3.043 9.292
v 3.529 3.008 9.354
v 3.537 3.009 9.387
v 3.919 2.999 9.293
v 4.078 3.049 9.191
v 4.033 3.084 9.159
v 3.883 3.036 9.26
v 4.165 3.14 9.049
v 4.128 3.162 9.032
v 4.12 3.156 9.009
v 3.194 2.991 9.435
v 3.202 3 9.467
v 3.367 2.997 9.439
v 3.361 2.993 9.406
v 2.876 3.045 9.45
v 2.879 3.032 9.416
v 2.728 3.072 9.384
v 2.729 3.085 9.414
v 2.864 3.014 9.488
v 2.709 3.052 9.454
v 2.634 2.831 9.511
v 2.824 2.777 9.527
v 2.433 3.133 9.353
v 2.322 3.164 9.302
v 2.29 3.13 9.351
v 2.396 3.094 9.404
v 2.358 3.182 9.215
v 2.358 3.196 9.253
v 2.461 3.16 9.311
v 2.466 3.147 9.276
v 2.532 3.052 9.458
v 2.563 3.096 9.406
v 2.103 3.186 9.234
v 2.031 3.173 9.249
v 2.055 3.14 9.304
v 2.116 3.155 9.282
v 2.093 3.257 9.146
v 2.021 3.238 9.168
v 2.026 3.205 9.201
v 2.102 3.22 9.184
v 1.961 3.227 9.183
v 1.96 3.197 9.213
v 4.278 3.197 8.94
v 4.237 3.215 8.927
v 4.226 3.206 8.908
v 4.446 3.239 8.842
v 4.088 3.854 9.369
v 3.939 3.916 9.469
v 3.904 3.897 9.418
v 4.047 3.835 9.311
v 4.348 3.708 9.128
v 4.413 3.768 9.148
v 4.143 3.926 9.399
v 3.987 3.993 9.499
v 3.248 4.133 9.711
v 3.083 4.118 9.703
v 3.076 4.04 9.674
v 3.232 4.047 9.681
v 3.076 4.016 9.629
v 3.227 4.029 9.634
v 2.925 4.093 9.679
v 2.749 4.049 9.638
v 2.763 3.974 9.618
v 2.921 4.015 9.651
v 2.581 3.985 9.584
v 2.594 3.911 9.557
v 4.693 3.654 8.817
v 4.298 3.693 9.081
v 4.326 3.603 8.868
v 4.346 3.598 8.89
v 4.246 3.677 9.037
v 4.22 3.67 9.017
v 4.404 3.522 8.708
v 4.419 3.514 8.735
v 2.629 3.87 9.459
v 2.627 3.872 9.438
v 2.785 3.93 9.507
v 2.781 3.936 9.531
v 2.774 3.956 9.571
v 2.925 3.997 9.61
v 2.617 3.889 9.503
v 2.424 3.825 9.483
v 2.263 3.724 9.407
v 2.295 3.704 9.341
v 2.448 3.799 9.418
v 2.392 3.896 9.512
v 2.224 3.793 9.443
v 2.466 3.779 9.373
v 2.317 3.685 9.282
v 2.322 3.686 9.26
v 2.465 3.784 9.351
v 1.913 3.125 9.317
v 1.905 3.169 9.261
v 1.853 3.189 9.244
v 1.841 3.157 9.292
v 1.9 3.283 9.165
v 1.895 3.304 9.163
v 1.873 3.305 9.171
v 1.87 3.268 9.178
v 2.016 3.27 9.146
v 1.958 3.252 9.165
v 1.846 3.303 9.187
v 1.844 3.252 9.196
v 1.906 3.35 9.162
v 1.88 3.364 9.183
v 2.047 3.493 9.189
v 1.949 3.428 9.181
v 1.965 3.402 9.149
v 2.045 3.456 9.138
v 1.998 3.536 9.306
v 1.895 3.453 9.279
v 1.927 3.441 9.229
v 2.025 3.518 9.243
v 1.854 3.371 9.215
v 1.821 3.374 9.255
v 1.772 3.288 9.235
v 1.812 3.297 9.209
v 1.788 3.207 9.258
v 1.813 3.231 9.22
v 3.099 4.216 9.695
v 3.27 4.231 9.701
v 2.93 4.188 9.677
v 2.743 4.138 9.64
v 2.546 4.162 9.58
v 2.562 4.068 9.591
v 2.333 4.056 9.52
v 2.143 3.943 9.463
v 2.182 3.867 9.456
v 2.364 3.973 9.522
v 2.533 4.255 9.585
v 2.304 4.14 9.525
v 2.099 4.014 9.478
v 2.024 3.744 9.401
v 2.074 3.681 9.383
v 1.971 3.813 9.406
v 1.913 3.882 9.423
v 2.516 4.512 9.742
v 2.526 4.362 9.638
v 2.005 3.302 9.133
v 2.079 3.293 9.124
v 2.067 3.334 9.112
v 1.98 3.371 9.131
v 2.05 3.415 9.118
v 2.185 3.574 9.19
v 2.197 3.583 9.17
v 1.924 3.332 9.148
v 3.027 2.941 9.544
v 3.024 2.842 9.544
v 3.031 2.986 9.504
v 3.026 3.012 9.434
v 3.032 3.019 9.468
v 2.362 3.031 9.435
v 2.319 2.962 9.45
v 2.468 2.894 9.483
v 2.501 2.975 9.478
v 2.589 3.115 9.328
v 2.584 3.126 9.365
v 3.469 2.691 9.46
v 2.929 3.975 9.57
v 2.928 3.977 9.544
v 2.121 3.626 9.343
v 1.988 3.122 9.315
v 2.041 3.055 9.374
v 2.109 3.087 9.354
v 2.163 3.121 9.33
v 2.156 3.6 9.27
v 1.846 3.951 9.466
v 2.045 4.087 9.518
v 1.962 4.171 9.591
v 1.74 4.032 9.545
v 1.948 3.578 9.341
v 1.849 3.476 9.315
v 1.889 3.626 9.359
v 1.792 3.507 9.337
v 1.825 3.68 9.364
v 1.725 3.544 9.347
v 1.755 3.739 9.378
v 1.644 3.59 9.36
v 1.553 3.875 9.497
v 1.406 3.687 9.465
v 1.544 3.646 9.393
v 1.671 3.802 9.421
v 1.245 3.73 9.587
v 1.39 3.943 9.603
v 1.964 3.164 9.26
v 3.934 4.704 9.665
v 4.125 4.645 9.582
v 3.842 4.583 9.643
v 4.038 4.53 9.566
v 3.77 4.482 9.621
v 3.969 4.431 9.547
v 3.712 4.388 9.603
v 3.671 4.296 9.617
v 3.872 4.247 9.551
v 3.911 4.34 9.532
v 3.641 4.203 9.651
v 3.843 4.154 9.586
v 3.612 4.103 9.663
v 3.805 4.055 9.594
v 3.579 4.02 9.635
v 3.765 3.977 9.566
v 3.559 3.999 9.584
v 3.735 3.953 9.511
v 3.538 3.974 9.532
v 3.528 3.963 9.505
v 3.694 3.918 9.435
v 3.709 3.93 9.462
v 2.21 4.323 9.648
v 2.268 4.224 9.568
v 4.644 4.375 9.223
v 4.561 4.275 9.214
v 4.487 4.189 9.199
v 4.38 4.019 9.238
v 4.423 4.103 9.202
v 4.339 3.927 9.277
v 4.284 3.849 9.281
v 4.222 3.786 9.255
v 4.177 3.767 9.2
v 4.115 3.741 9.125
v 4.133 3.744 9.15
v 4.008 3.812 9.256
v 3.997 3.806 9.236
v 1.917 3.226 9.191
v 1.911 3.201 9.219
v 1.886 3.24 9.187
v 1.869 3.217 9.21
v 1.926 3.245 9.175
v 1.911 3.259 9.17
v 1.994 3.337 9.128
v 2.058 3.375 9.11
v 1.937 3.305 9.147
v 1.95 3.278 9.154
v 3.738 4.744 9.728
v 3.643 4.617 9.7
v 3.572 4.516 9.675
v 3.479 4.322 9.658
v 3.517 4.416 9.652
v 3.451 4.23 9.687
v 3.423 4.127 9.699
v 3.398 4.044 9.673
v 3.387 4.022 9.624
v 3.373 3.997 9.578
v 3.365 3.986 9.549
v 3.852 3.859 9.337
v 3.869 3.875 9.363
v 4.319 3.27 8.827
v 4.3 3.265 8.806
v 4.375 3.259 8.831
v 4.996 3.81 8.618
v 4.919 3.733 8.612
v 4.799 3.561 8.639
v 4.854 3.647 8.62
v 5.367 3.683 8.232
v 5.482 3.702 8.127
v 5.619 3.741 7.995
v 5.776 3.805 7.82
v 5.938 3.898 7.596
v 6.083 4.013 7.345
v 6.205 4.133 7.091
v 6.312 4.252 6.838
v 6.414 4.366 6.577
v 6.708 4.703 5.775
v 6.609 4.589 6.049
v 6.908 4.937 5.195
v 6.808 4.819 5.491
v 7.009 5.058 4.884
v 7.106 5.18 4.561
v 2.167 3.173 9.268
v 2.211 3.155 9.302
v 2.244 3.188 9.257
v 2.18 3.204 9.218
v 4.732 3.353 8.562
v 4.814 3.432 8.545
v 4.834 3.304 8.459
v 4.913 3.387 8.431
v 4.988 3.469 8.413
v 4.884 3.51 8.523
v 5.059 3.549 8.403
v 4.95 3.589 8.505
v 5.025 3.669 8.501
v 5.095 3.747 8.505
v 5.128 3.626 8.403
v 5.186 3.704 8.407
v 5.157 3.821 8.505
v 5.236 3.777 8.411
v 2.687 -3.921 10.106
v 2.838 -3.988 10.022
v 3.017 -4.044 9.924
v 2.893 -3.849 10.02
v 2.733 -3.813 10.089
v 3.076 -3.876 9.938
v 6.299 -3.904 3.673
v 6.272 -3.911 3.295
v 6.463 -3.339 3.183
v 6.488 -3.329 3.577
v 5.724 -5.045 3.858
v 5.694 -5.059 3.511
v 6.017 -4.501 3.407
v 6.046 -4.489 3.769
v 3.212 -4.092 9.813
v 5.348 -5.556 3.942
v 5.321 -5.58 3.609
v 5.367 -5.528 5.003
v 5.377 -5.536 4.639
v 5.34 -5.519 5.378
v 5.29 -5.503 5.76
v 5.118 -5.449 6.541
v 5.217 -5.481 6.148
v 4.834 -5.347 7.313
v 4.991 -5.404 6.926
v 4.645 -5.278 7.713
v 3.418 -4.133 9.681
v 4.719 -5.855 6.937
v 4.406 -6.275 6.942
v 4.479 -6.324 6.553
v 4.821 -5.905 6.547
v 4.586 -5.787 7.331
v 4.894 -5.94 6.161
v 4.43 -5.196 8.113
v 4.209 -5.109 8.492
v 3.771 -4.923 9.116
v 3.988 -5.018 8.83
v 2.194 -6.342 10.118
v 1.969 -6.558 10.266
v 4.976 -5.989 5.041
v 4.973 -6 4.688
v 5.369 -5.544 4.284
v 4.96 -6.015 4.348
v 4.941 -6.039 4.019
v 4.923 -6.079 3.699
v 4.559 -6.416 5.082
v 4.549 -6.437 4.74
v 4.537 -6.467 4.412
v 4.528 -6.511 4.094
v 4.525 -6.572 3.785
v 4.054 -6.657 6.954
v 4.1 -6.7 6.564
v 4.132 -6.814 5.127
v 4.125 -6.854 4.799
v 4.12 -6.907 4.483
v 4.121 -6.976 4.174
v 4.133 -7.06 3.874
v 4.526 -6.358 6.17
v 4.124 -6.73 6.185
v 3.668 -6.989 6.972
v 3.693 -7.026 6.581
v 3.704 -7.187 5.181
v 3.701 -7.251 4.865
v 3.703 -7.327 4.562
v 3.715 -7.423 4.265
v 3.742 -7.536 3.975
v 3.704 -7.059 6.206
v 3.266 -7.272 7.006
v 3.274 -7.313 6.605
v 2.373 -6.588 9.9
v 2.129 -6.836 10.036
v 2.533 -6.825 9.616
v 2.266 -7.098 9.734
v 1.643 -7.737 9.478
v 2.019 -7.553 9.422
v 0.828 -7.931 9.543
v 1.24 -7.86 9.517
v 0.413 -7.967 9.559
v 3.276 -7.351 6.237
v 2.807 -7.335 8.394
v 2.752 -7.211 8.845
v 2.84 -7.418 7.934
v 2.857 -7.482 7.481
v 2.661 -7.04 9.261
v 2.863 -7.526 7.05
v 2.856 -7.566 6.646
v 2.85 -7.615 6.273
v 2.361 -7.318 9.35
v 2.06 -7.779 8.497
v 2.064 -7.846 8.03
v 2.459 -7.652 7.984
v 2.445 -7.578 8.448
v 1.657 -7.935 8.537
v 1.659 -8.002 8.07
v 2.461 -7.704 7.529
v 2.061 -7.899 7.575
v 1.656 -8.06 7.614
v 1.243 -8.171 7.64
v 1.247 -8.12 8.1
v 2.051 -7.944 7.142
v 2.037 -7.99 6.74
v 2.446 -7.793 6.695
v 2.457 -7.75 7.096
v 1.627 -8.149 6.78
v 1.643 -8.103 7.18
v 2.02 -8.046 6.373
v 2.432 -7.846 6.323
v 1.612 -8.209 6.418
v 2.008 -8.12 6.041
v 2.42 -7.915 5.983
v 2.844 -7.675 5.929
v 3.277 -7.401 5.885
v 3.707 -7.094 5.849
v 4.136 -6.758 5.819
v 4.552 -6.383 5.796
v 4.94 -5.962 5.777
v 1.603 -8.295 6.092
v 7.264 2.209 4.326
v 7.311 2.231 3.907
v 7.202 2.193 4.734
v 7.122 2.183 5.135
v 6.912 2.18 5.88
v 7.024 2.177 5.519
v 6.453 2.24 6.914
v 6.636 2.211 6.569
v 6.234 2.277 7.255
v 5.97 2.322 7.583
v 5.664 2.377 7.89
v 7.258 1.851 4.33
v 7.296 1.862 3.909
v 7.204 1.841 4.751
v 7.122 1.838 5.165
v 6.912 1.856 5.945
v 7.025 1.841 5.565
v 6.628 1.915 6.674
v 2.419 -7.479 8.912
v 2.047 -7.695 8.966
v 1.653 -7.857 9.01
v 0.829 -8.121 8.591
v 1.245 -8.048 8.568
v 1.243 -7.969 9.044
v 0.829 -8.036 9.067
v 0.414 -8.159 8.6
v 0.414 -8.073 9.081
v 1.201 -8.431 6.138
v 1.943 3.031 9.389
v 1.823 3.108 9.348
v 1.736 3.275 9.276
v 1.757 3.182 9.308
v 1.78 3.379 9.29
v 1.692 3.269 9.32
v 1.712 3.16 9.351
v 1.728 3.387 9.323
v 2.549 1.574 9.686
v 2.415 1.399 9.802
v 2.325 1.713 9.711
v 2.201 1.557 9.836
v 2.112 1.86 9.744
v 2 1.722 9.882
v 1.775 3.06 9.39
v 1.879 2.95 9.421
v 3.664 0.6 9.638
v 3.869 0.871 9.503
v 3.577 1.025 9.547
v 3.39 0.773 9.677
v 2.008 2.843 9.436
v 2.073 2.913 9.429
v 2.053 2.572 9.477
v 2.114 2.656 9.456
v 5.029 3.347 8.321
v 4.95 3.257 8.348
v 5.325 3.808 8.348
v 5.103 3.434 8.308
v 5.17 3.521 8.307
v 5.226 3.604 8.312
v 5.27 3.683 8.322
v 5.304 3.755 8.336
v 1.561 3.422 9.37
v 1.458 3.446 9.406
v 1.444 3.255 9.451
v 1.545 3.261 9.402
v 1.325 3.463 9.478
v 1.317 3.251 9.524
v 1.17 3.489 9.609
v 1.165 3.252 9.657
v 0.858 3.556 10.06
v 0.85 3.29 10.146
v 1.006 3.263 9.87
v 1.008 3.518 9.809
v 1.482 3.083 9.493
v 1.576 3.107 9.437
v 1.358 3.055 9.564
v 0.503 3.454 10.639
v 0.514 3.673 10.531
v 0.274 3.721 10.679
v 0.267 3.512 10.785
v 0.706 3.611 10.315
v 0.694 3.373 10.418
v 0.261 3.304 10.927
v 0.898 2.972 10.282
v 0.699 3.124 10.576
v 0.499 3.235 10.792
v 1.214 3.032 9.702
v 1.063 3.009 9.931
v 1.683 0.901 10.49
v 1.55 1.109 10.602
v 1.462 0.946 10.79
v 1.581 0.742 10.664
v 1.792 0.276 10.422
v 1.692 0.521 10.541
v 0.397 -8.586 6.186
v 4.444 3.436 8.577
v 4.459 3.432 8.603
v 2.541 4.983 10.121
v 7.205 1.108 4.371
v 7.243 1.114 3.952
v 7.276 1.491 3.925
v 7.241 1.484 4.345
v 7.186 1.48 4.777
v 7.146 1.105 4.813
v 6.571 1.273 6.934
v 6.609 1.602 6.791
v 6.866 1.156 6.104
v 6.976 1.126 5.684
v 7.009 1.492 5.62
v 6.898 1.515 6.018
v 7.067 1.11 5.252
v 7.105 1.481 5.204
v 2.301 2.559 9.466
v 2.246 2.465 9.482
v 2.608 2.14 9.509
v 2.668 2.263 9.486
v 2.452 2.361 9.485
v 2.386 2.246 9.514
v 2.213 1.991 9.631
v 2.433 1.862 9.614
v 2.529 2.005 9.548
v 2.306 2.121 9.554
v 2.714 2.374 9.472
v 2.503 2.464 9.472
v 2.749 2.476 9.472
v 2.98 2.404 9.454
v 3.005 2.514 9.471
v 2.781 2.577 9.488
v 2.842 2.04 9.498
v 2.901 2.172 9.473
v 2.666 1.74 9.595
v 2.764 1.897 9.534
v 2.943 2.292 9.455
v 3.228 2.342 9.416
v 3.25 2.464 9.434
v 3.096 1.948 9.474
v 3.155 2.089 9.444
v 2.911 1.621 9.566
v 3.017 1.793 9.508
v 3.199 2.219 9.421
v 3.506 2.431 9.372
v 3.501 2.298 9.35
v 3.436 2.013 9.392
v 3.373 1.86 9.429
v 3.172 1.504 9.529
v 3.286 1.693 9.472
v 3.476 2.158 9.36
v 3.796 2.271 9.25
v 3.781 2.423 9.275
v 3.667 1.772 9.365
v 3.736 1.944 9.312
v 3.45 1.387 9.49
v 3.573 1.59 9.421
v 3.779 2.109 9.268
v 2.392 2.727 9.469
v 2.219 2.816 9.45
v 2.166 2.738 9.449
v 2.347 2.644 9.463
v 2.544 2.557 9.472
v 2.578 2.648 9.484
v 3.022 2.624 9.5
v 2.806 2.677 9.509
v 3.027 2.734 9.527
v 3.253 2.585 9.469
v 3.244 2.704 9.503
v 3.496 2.564 9.415
v 1.577 4.125 9.65
v 1.792 4.28 9.71
v 2.431 2.812 9.479
v 2.274 2.89 9.452
v 2.609 2.741 9.5
v 3.746 2.562 9.331
v 4.006 2.592 9.21
v 4.072 2.443 9.139
v 4.255 2.65 9.058
v 4.358 2.501 8.955
v 4.441 2.723 8.906
v 4.564 2.597 8.79
v 4.588 2.822 8.758
v 4.717 2.711 8.633
v 4.703 2.93 8.616
v 4.832 2.848 8.492
v 4.101 2.072 9.14
v 4.123 2.267 9.103
v 4.05 1.88 9.206
v 3.975 1.685 9.281
v 3.743 1.269 9.443
v 3.873 1.483 9.36
v 1.623 -1.209 10.642
v 1.453 -1.268 10.785
v 4.045 1.13 9.388
v 4.185 1.367 9.284
v 4.38 1.807 9.073
v 4.296 1.591 9.178
v 4.447 2.028 8.97
v 4.686 0.789 9.192
v 4.36 0.971 9.309
v 4.856 1.078 9.045
v 4.513 1.234 9.184
v 4.63 1.48 9.054
v 4.983 1.346 8.897
v 5.077 1.597 8.742
v 4.719 1.711 8.919
v 4.802 1.937 8.779
v 4.794 3.04 8.502
v 4.928 2.98 8.38
v 7.289 3.611 4.034
v 5.342 2.996 8.016
v 5.271 2.855 8.092
v 5.09 2.919 8.244
v 5.166 3.041 8.166
v 5.19 2.69 8.194
v 4.998 2.766 8.354
v 4.885 2.164 8.636
v 4.511 2.288 8.866
v 5.009 0.581 9.016
v 5.195 0.891 8.856
v 5.337 1.189 8.692
v 5.438 1.468 8.525
v 5.319 0.349 8.781
v 5.519 0.687 8.6
v 5.672 1.016 8.421
v 5.773 1.321 8.242
v 5.61 0.104 8.475
v 5.818 0.481 8.27
v 5.966 0.838 8.081
v 6.065 1.171 7.896
v 5.874 -0.148 8.082
v 6.078 0.279 7.872
v 6.218 0.673 7.683
v 6.31 1.034 7.504
v 6.513 0.921 7.084
v 6.431 0.537 7.246
v 6.122 -0.376 7.603
v 6.306 0.11 7.417
v 6.773 -0.506 5.479
v 6.863 -0.487 5
v 6.941 -0.069 4.95
v 6.859 -0.077 5.423
v 7.018 0.335 4.9
v 6.94 0.334 5.363
v 7.088 0.726 4.853
v 7.011 0.729 5.305
v 6.938 -0.461 4.533
v 7.01 -0.052 4.487
v 7.081 0.344 4.441
v 7.148 0.731 4.404
v 6.994 -0.437 4.095
v 7.061 -0.035 4.054
v 7.127 0.354 4.02
v 7.189 0.736 3.984
v 7.088 -0.322 2.94
v 7.068 -0.366 3.294
v 1.753 4.547 9.957
v 1.487 4.634 10.179
v 2.012 4.44 9.775
v 2.245 4.613 9.861
v 1.508 -1.445 10.851
v 1.702 -1.39 10.696
v 7.142 0.039 2.914
v 7.125 0.014 3.265
v 7.192 0.398 2.882
v 7.178 0.384 3.232
v 7.234 0.757 2.837
v 7.225 0.753 3.191
v 7.267 1.115 2.779
v 7.267 1.123 3.147
v 7.298 1.478 2.699
v 7.3 1.495 3.096
v 7.334 1.862 2.593
v 7.333 1.879 3.041
v 7.388 2.322 2.436
v 7.367 2.285 2.999
v 7.434 2.761 2.595
v 7.398 2.683 3.053
v 7.466 3.132 2.71
v 7.421 3.052 3.125
v 7.486 3.479 2.805
v 7.432 3.404 3.199
v 7.495 3.821 2.892
v 7.488 4.161 2.983
v 7.418 4.083 3.355
v 7.431 3.746 3.273
v 7.475 4.501 3.089
v 7.398 4.417 3.454
v 7.191 6.534 4.187
v 7.097 6.847 4.433
v 7.006 6.672 4.755
v 7.097 6.376 4.516
v 6.899 6.952 5
v 6.988 7.142 4.687
v 6.863 7.415 4.946
v 6.776 7.21 5.25
v 6.725 7.661 5.202
v 6.644 7.446 5.499
v 6.578 7.883 5.454
v 6.501 7.662 5.747
v 6.347 7.853 5.991
v 6.423 8.079 5.7
v 6.263 8.249 5.94
v 6.189 8.021 6.228
v 5.85 8.31 6.69
v 5.921 8.55 6.409
v 5.71 8.714 6.666
v 5.645 8.46 6.939
v 6.098 8.404 6.174
v 6.026 8.167 6.458
v 5.206 9.019 7.216
v 4.931 9.149 7.486
v 4.882 8.865 7.733
v 5.153 8.744 7.471
v 4.65 9.262 7.744
v 4.358 9.359 7.997
v 4.315 9.057 8.232
v 4.603 8.969 7.986
v 4.049 9.438 8.246
v 4.009 9.129 8.475
v 3.717 9.5 8.489
v 3.681 9.184 8.713
v 5.468 8.873 6.939
v 5.411 8.607 7.202
v 7.455 4.843 3.216
v 7.371 4.75 3.576
v 7.238 5.745 4.077
v 7.331 5.873 3.735
v 7.268 6.208 3.952
v 7.173 6.065 4.288
v 7.337 5.083 3.72
v 7.425 5.187 3.366
v 7.384 5.531 3.54
v 7.292 5.415 3.889
v 1.765 1.424 10.22
v 1.883 1.576 10.042
v 1.651 1.269 10.409
v 3.283 8.902 9.129
v 3.328 9.223 8.939
v 3.226 8.585 9.292
v 3.162 8.278 9.435
v 3.033 7.701 9.699
v 3.096 7.983 9.569
v 1.039 4.522 10.318
v 0.913 4.302 10.26
v 2.175 2.358 9.511
v 2.002 2.13 9.648
v 2.093 2.245 9.562
v 1.908 2.017 9.78
v 1.808 1.895 9.936
v 1.703 1.76 10.115
v 1.598 1.615 10.305
v 1.502 1.463 10.509
v 1.411 1.303 10.715
v 1.211 1.316 11.054
v 1.337 1.138 10.919
v 1.274 1.487 10.835
v 1.138 1.66 10.961
v 1.084 1.481 11.189
v 0.957 1.633 11.326
v 0.998 1.824 11.092
v 0.577 2.223 11.499
v 0.548 1.986 11.716
v 0.694 1.887 11.595
v 0.726 2.11 11.367
v 0.21 2.357 11.683
v 0.2 2.098 11.88
v 0.385 2.056 11.814
v 0.405 2.309 11.611
v 2.247 3.082 9.385
v 2.141 2.973 9.42
v 2.199 3.03 9.409
v 0.333 4.386 10.584
v 0.642 4.354 10.452
v 2.122 3.46 9.106
v 2.138 3.514 9.132
v 2.123 3.411 9.094
v 2.144 3.324 9.095
v 2.131 3.366 9.09
v 2.165 3.285 9.108
v 2.272 3.209 9.16
v 2.273 3.224 9.197
v 2.205 3.244 9.112
v 2.206 3.247 9.142
v 3.69 -3.912 9.55
v 3.897 -3.925 9.367
v 3.718 -4.516 9.339
v 3.833 -4.214 9.35
v 3.625 -4.171 9.526
v 3.518 -4.444 9.521
v 3.928 -4.588 9.112
v 4.044 -4.261 9.12
v 2.66 4.753 9.891
v 2.412 4.801 9.987
v 3.27 -7.533 5.236
v 3.272 -7.62 4.937
v 3.282 -7.726 4.647
v 3.303 -7.85 4.363
v 3.343 -7.996 4.086
v 2.861 -8.097 4.743
v 2.892 -8.258 4.474
v 2.952 -8.444 4.214
v 2.503 -8.638 4.608
v 2.579 -8.863 4.37
v 2.456 -8.435 4.855
v 1.832 -9.595 4.719
v 2.214 -9.252 4.546
v 2.135 -8.994 4.768
v 1.757 -9.307 4.93
v 2.073 -8.755 4.988
v 1.694 -9.04 5.129
v 1.348 -9.565 5.069
v 1.415 -9.881 4.871
v 0.92 -9.759 5.191
v 0.968 -10.101 5.001
v 1.294 -9.272 5.256
v 0.879 -9.446 5.364
v 0.8 -8.526 6.17
v 1.366 -5.033 10.756
v 1.11 -5.142 10.792
v 1.025 -5.366 10.765
v 2.166 3.284 9.086
v 2.143 3.323 9.075
v 2.13 3.365 9.075
v 2.122 3.411 9.08
v 2.126 3.464 9.095
v 2.144 3.522 9.123
v 0.444 -9.556 5.439
v 0.467 -9.886 5.278
v 0.492 -10.244 5.098
v 2.034 -8.545 5.22
v 2.011 -8.369 5.468
v 1.617 -8.592 5.557
v 1.646 -8.798 5.333
v 1.22 -8.773 5.638
v 1.251 -9.007 5.439
v 0.818 -8.907 5.706
v 0.844 -9.158 5.529
v 0.408 -8.987 5.749
v 0.424 -9.252 5.589
v 2.427 -8.261 5.111
v 2.414 -8.116 5.381
v 2.843 -7.96 5.016
v 2.839 -7.843 5.306
v 4.396 3.342 8.71
v 4.384 3.338 8.685
v 4.465 3.328 8.719
v 4.539 3.314 8.722
v 4.65 3.257 8.635
v 4.754 3.202 8.526
v 4.871 3.15 8.411
v 5.011 3.095 8.295
v 0.124 -1.687 11.531
v 0.243 -1.69 11.549
v 0.36 -1.695 11.556
v 0.481 -1.697 11.545
v 0.611 -1.695 11.517
v 0.606 -1.883 11.572
v 0.75 -1.692 11.463
v 0.894 -1.688 11.388
v 1.041 -1.683 11.297
v 1.198 -1.678 11.189
v 1.371 -1.674 11.069
v 1.564 -1.655 10.931
v 1.781 -1.612 10.771
v 6.776 2.488 6.154
v 6.785 2.192 6.228
v 6.783 1.879 6.31
v 6.767 1.55 6.406
v 6.734 1.204 6.52
v 2.974 7.432 9.83
v 3.18 6.946 9.912
v 3.465 6.946 9.743
v 3.733 6.932 9.573
v 3.991 6.904 9.396
v 4.49 6.809 9.023
v 4.243 6.863 9.213
v 4.945 6.657 8.632
v 4.725 6.74 8.827
v 5.146 6.56 8.436
v 5.333 6.449 8.237
v 5.501 6.326 8.033
v 5.652 6.193 7.832
v 5.917 5.89 7.435
v 5.789 6.048 7.633
v 6.034 5.72 7.241
v 6.141 5.538 7.054
v 6.235 5.344 6.876
v 6.32 5.138 6.709
v 6.393 4.924 6.558
v 6.457 4.703 6.426
v 6.513 4.477 6.314
v 6.56 4.249 6.224
v 6.602 4.016 6.154
v 6.639 3.781 6.105
v 6.675 3.54 6.075
v 6.703 3.292 6.066
v 6.731 3.035 6.077
v 6.757 2.768 6.107
v 6.921 0.745 5.754
v 6.85 0.347 5.83
v 6.765 -0.071 5.907
v 6.67 -0.513 5.975
v 6.573 -0.98 6.032
v 6.832 -1.715 3.788
v 6.907 -1.249 3.754
v 6.974 -0.816 3.721
v 7.038 -0.406 3.683
v 7.099 -0.014 3.649
v 7.158 0.368 3.616
v 7.212 0.744 3.579
v 7.261 1.12 3.542
v 7.295 1.496 3.508
v 7.321 1.874 3.481
v 7.343 2.256 3.469
v 7.359 2.63 3.495
v 7.37 2.991 3.541
v 7.371 3.338 3.596
v 7.363 3.676 3.657
v 7.342 4.007 3.726
v 7.316 4.332 3.819
v 7.283 4.656 3.933
v 7.247 4.979 4.069
v 7.201 5.299 4.228
v 7.146 5.614 4.41
v 7.08 5.921 4.612
v 7.004 6.216 4.831
v 6.915 6.499 5.062
v 6.808 6.764 5.3
v 6.69 7.011 5.542
v 6.56 7.24 5.786
v 6.419 7.446 6.028
v 6.267 7.632 6.268
v 6.109 7.795 6.503
v 5.947 7.936 6.728
v 5.774 8.072 6.954
v 5.574 8.211 7.196
v 5.344 8.348 7.452
v 4.82 8.588 7.966
v 5.089 8.476 7.713
v 4.258 8.761 8.446
v 4.545 8.682 8.209
v 3.956 8.825 8.681
v 3.632 8.873 8.912
v 0.399 -8.756 5.941
v 0.803 -8.686 5.915
v 1.205 -8.578 5.869
v 1.604 -8.42 5.807
v 2.003 -8.225 5.738
v 2.413 -8.002 5.671
v 2.841 -7.751 5.608
v 3.273 -7.46 5.552
v 3.706 -7.135 5.506
v 4.137 -6.783 5.467
v 4.56 -6.399 5.434
v 4.965 -5.978 5.405
v 5.739 -5.036 4.217
v 6.056 -4.49 4.143
v 6.301 -3.911 4.065
v 6.489 -3.33 3.984
v 6.628 -2.774 3.908
v 6.74 -2.228 3.837
v 0.364 9.436 9.667
v 0.723 9.459 9.63
v 1.08 9.488 9.572
v 1.445 9.519 9.493
v 1.821 9.547 9.394
v 2.207 9.57 9.273
v 2.596 9.58 9.12
v 2.984 9.574 8.935
v 3.361 9.546 8.721
v 3.078 3.995 9.588
v 3.077 3.988 9.562
v 3.222 4 9.591
v 3.217 3.985 9.56
v 2.106 5.43 10.544
v 1.984 5.34 10.541
v 1.815 5.216 10.527
v 1.627 5.078 10.497
v 1.421 4.925 10.453
v 1.202 4.741 10.4
v 1.867 5.471 10.611
v 1.653 5.368 10.623
v 1.424 5.248 10.616
v 1.169 5.108 10.6
v 0.84 4.922 10.597
v 0.724 4.609 10.501
v 1.803 5.644 10.653
v 1.772 5.844 10.665
v 1.484 5.762 10.703
v 1.542 5.553 10.68
v 1.205 5.677 10.725
v 1.277 5.453 10.69
v 0.916 5.595 10.736
v 1.004 5.351 10.693
v 0.625 5.531 10.745
v 0.702 5.256 10.702
v 1.462 5.984 10.7
v 1.768 6.061 10.653
v 1.172 5.908 10.728
v 0.885 5.839 10.744
v 0.595 5.782 10.754
v 0.391 4.927 10.672
v 0.365 4.642 10.616
v 0.316 5.497 10.758
v 0.3 5.749 10.762
v 0.352 5.224 10.728
v 2.082 5.545 10.585
v 2.073 5.717 10.607
v 2.07 5.916 10.607
v 2.578 5.583 10.451
v 2.321 5.574 10.528
v 2.09 6.133 10.579
v 2.632 5.793 10.454
v 2.351 5.764 10.539
v 2.682 6.012 10.424
v 2.38 5.972 10.523
v 2.728 6.235 10.366
v 2.415 6.192 10.482
v 2.922 7.175 9.957
v 2.775 6.462 10.288
v 2.824 6.693 10.191
v 2.871 6.93 10.079
v 2.119 6.363 10.529
v 1.787 6.293 10.616
v 2.454 6.42 10.419
v 1.462 6.217 10.674
v 0.297 5.992 10.747
v 0.589 6.028 10.74
v 0.874 6.081 10.729
v 1.161 6.145 10.708
v 0.297 6.236 10.713
v 0.589 6.274 10.705
v 0.876 6.328 10.692
v 1.17 6.393 10.668
v 1.483 6.464 10.624
v 1.813 6.536 10.556
v 2.154 6.602 10.457
v 2.496 6.655 10.336
v 0.3 6.495 10.66
v 0.595 6.532 10.65
v 0.888 6.589 10.633
v 1.191 6.653 10.602
v 1.511 6.722 10.55
v 1.847 6.789 10.473
v 2.193 6.85 10.368
v 2.541 6.898 10.234
v 1.659 3.405 9.345
v 1.625 3.265 9.363
v 1.645 3.134 9.395
v 0.557 -2.425 11.779
v 0.607 -1.318 11.438
v 0.611 -1.505 11.473
v 0.602 -1.138 11.419
v 0.608 -0.969 11.415
v 0.826 1.769 11.463
v 0.863 1.976 11.228
v 6.212 -1.004 7.149
v 6.365 -0.471 7.045
v 6.426 -0.996 6.563
v 6.54 -0.506 6.497
v 6.651 -0.047 6.408
v 6.741 0.381 6.303
v 6.813 0.779 6.202
v 6.678 0.837 6.646
v 6.604 0.442 6.78
v 6.5 0.009 6.915
v 4.89 2.606 8.496
v 5.102 2.516 8.332
v 5.358 2.445 8.136
v 5.291 2.258 8.273
v 4.999 2.35 8.478
v 4.743 2.465 8.657
v -1.548 2.916 9.518
v 1.548 2.916 9.518
v -1.654 2.76 9.518
v 1.654 2.76 9.518
v -1.797 2.614 9.512
v 1.797 2.614 9.512
v -1.975 2.479 9.509
v 1.975 2.479 9.509
v -1.441 2.873 9.593
v 1.441 2.873 9.593
v -1.549 2.694 9.583
v 1.549 2.694 9.583
v -1.704 2.53 9.577
v 1.704 2.53 9.577
v -1.891 2.382 9.572
v 1.891 2.382 9.572
v -1.621 2.078 9.996
v -1.713 2.189 9.82
v -1.799 2.283 9.673
v -1.53 1.951 10.194
v -1.438 1.808 10.402
v 1.438 1.808 10.402
v 1.53 1.951 10.194
v 1.713 2.189 9.82
v 1.621 2.078 9.996
v 1.799 2.283 9.673
v -1.44 2.271 10.059
v -1.527 2.372 9.862
v 1.527 2.372 9.862
v 1.44 2.271 10.059
v -1.614 2.455 9.699
v 1.614 2.455 9.699
v -1.262 2.47 10.123
v -1.353 2.566 9.899
v 1.353 2.566 9.899
v 1.262 2.47 10.123
v -1.449 2.638 9.714
v 1.449 2.638 9.714
v -1.084 2.689 10.194
v -1.195 2.774 9.926
v 1.195 2.774 9.926
v 1.084 2.689 10.194
v -1.315 2.828 9.72
v 1.315 2.828 9.72
v -1.358 2.143 10.277
v 1.358 2.143 10.277
v -1.186 2.34 10.367
v 1.186 2.34 10.367
v -1.02 2.54 10.473
v 1.02 2.54 10.473
v -0.853 2.743 10.609
v 0.853 2.743 10.609
v -1.28 1.996 10.504
v 1.28 1.996 10.504
v 1.121 2.183 10.613
v -1.121 2.183 10.613
v -0.813 2.537 10.883
v -0.967 2.365 10.739
v 0.813 2.537 10.883
v 0.967 2.365 10.739
v -0.768 2.328 11.132
v -0.912 2.176 10.988
v 0.912 2.176 10.988
v 0.768 2.328 11.132
v -1.056 2.009 10.855
v 1.056 2.009 10.855
v 1.203 1.834 10.732
v -1.203 1.834 10.732
v -1.352 1.652 10.617
v 1.352 1.652 10.617
v -0.238 2.857 11.288
v 0 2.885 11.323
v 0 3.117 11.137
v -0.251 3.087 11.099
v 0.238 2.857 11.288
v 0.251 3.087 11.099
v -0.459 2.793 11.192
v -0.483 3.015 10.984
v 0.459 2.793 11.192
v 0.483 3.015 10.984
v -0.68 2.899 10.808
v 0.68 2.899 10.808
v 0.65 2.682 11.047
v -0.65 2.682 11.047
v -0.433 2.554 11.403
v -0.223 2.612 11.484
v 0 2.634 11.518
v 0.223 2.612 11.484
v 0.433 2.554 11.403
v -0.613 2.459 11.278
v 0.613 2.459 11.278
v -1.489 -0.877 10.861
v -1.369 -0.881 10.941
v -1.848 -0.266 10.49
v -1.814 -0.022 10.511
v -0.879 -0.299 12.102
v -0.927 -0.304 12.218
v -1.056 -0.287 12.131
v -1.003 -0.308 12.039
v -0.719 -0.206 12.022
v -0.747 -0.308 12.153
v -0.843 -0.224 11.98
v -0.951 -0.252 11.918
v -0.987 -0.211 12.341
v -1.027 -0.048 12.444
v -1.13 -0.019 12.319
v -1.116 -0.177 12.219
v -1.434 -0.689 11.203
v -1.474 -0.585 11.352
v -1.591 -0.589 11.314
v -1.543 -0.714 11.15
v -1.368 -0.769 11.093
v -1.469 -0.797 11.035
v -1.042 0.145 12.495
v -1.129 0.147 12.366
v -0.648 -0.141 12.786
v -0.668 0.119 12.861
v -0.822 0.13 12.743
v -0.798 -0.11 12.675
v 0 0.091 13.088
v -0.258 0.095 13.058
v -0.249 -0.195 12.968
v 0 -0.207 13.004
v -0.604 -0.358 12.643
v -0.745 -0.311 12.534
v -0.209 -0.6 12.612
v -0.184 -0.712 12.417
v 0 -0.728 12.433
v 0 -0.614 12.632
v -0.45 -0.6 12.286
v -0.536 -0.507 12.454
v -0.637 -0.428 12.324
v -0.489 -0.508 12.194
v -0.233 -0.434 12.813
v 0 -0.454 12.842
v -0.743 -0.828 11.323
v -0.853 -0.831 11.239
v -0.421 -0.84 11.617
v -0.491 -0.732 11.579
v -0.548 -0.789 11.495
v -0.445 -0.674 11.664
v -0.397 -0.766 11.716
v -0.385 -0.708 11.822
v -0.408 -0.618 11.755
v -0.506 -0.618 11.509
v -0.574 -0.65 11.432
v -0.455 -0.572 11.583
v -0.388 -0.527 11.662
v -0.324 -0.841 11.762
v -0.334 -0.785 11.877
v -0.379 -0.647 11.937
v -0.379 -0.559 11.858
v -0.352 -0.728 11.998
v -0.323 -0.911 11.657
v -0.856 -0.687 11.213
v -0.965 -0.681 11.144
v -0.967 -0.822 11.15
v -1.09 -0.796 11.082
v -1.066 -0.665 11.103
v -1.153 -0.642 11.093
v -1.184 -0.758 11.072
v -1.233 -0.589 11.127
v -1.282 -0.703 11.127
v -1.283 -0.526 11.212
v -1.335 -0.635 11.226
v -0.381 -0.377 11.871
v -0.397 -0.481 11.973
v -0.477 -0.406 12.09
v -0.456 -0.285 11.972
v -0.403 -0.577 12.061
v -0.387 -0.667 12.134
v -0.365 -0.464 11.759
v -0.165 -0.787 12.238
v 0 -0.803 12.253
v -0.152 -0.842 12.081
v -0.136 -0.887 11.947
v 0 -0.904 11.959
v 0 -0.859 12.093
v -1.3 -0.469 11.337
v -1.373 -0.549 11.358
v -1.263 -0.844 11.011
v -0.61 -0.347 12.162
v -0.582 -0.22 12.033
v -0.484 0.106 12.975
v -0.465 -0.17 12.889
v -0.435 -0.399 12.74
v -0.391 -0.561 12.549
v -0.344 -0.672 12.365
v -0.302 -0.741 12.196
v -0.25 -0.846 11.919
v -0.277 -0.795 12.047
v -0.233 -0.898 11.8
v -0.122 -0.933 11.826
v -0.114 -0.993 11.715
v -0.223 -0.961 11.691
v 0 -1.008 11.729
v 0 -0.951 11.839
v -1.815 -0.485 10.506
v -1.757 -0.682 10.608
v -0.952 0.896 12.159
v -0.933 1.074 11.991
v -1.053 0.958 11.84
v -1.07 0.794 12.01
v -1.089 0.632 12.148
v -0.972 0.721 12.3
v -0.21 1.154 12.637
v -0.396 1.128 12.579
v -0.419 0.913 12.734
v -0.221 0.935 12.796
v -0.199 1.37 12.465
v -0.377 1.343 12.405
v -1.184 0.671 11.849
v -1.164 0.82 11.677
v -1.286 0.67 11.512
v -1.314 0.537 11.687
v -1.203 0.527 11.996
v -1.33 0.405 11.847
v -0.59 0.882 12.646
v -0.555 1.092 12.499
v -0.698 1.044 12.402
v -0.732 0.839 12.543
v -0.534 1.302 12.327
v -0.676 1.245 12.23
v -1.638 -0.803 10.726
v -1.002 0.536 12.4
v -1.107 0.472 12.262
v -1.21 0.387 12.123
v -1.33 0.267 11.982
v -0.448 0.671 12.87
v -0.237 0.687 12.94
v -0.626 0.648 12.77
v -0.773 0.617 12.654
v 0 1.163 12.665
v 0 0.945 12.823
v 0 0.694 12.967
v 0 1.376 12.496
v -0.751 -0.684 11.29
v -1.134 -0.31 11.76
v -1.211 -0.34 11.641
v -1.172 -0.22 11.522
v -1.092 -0.172 11.621
v -0.453 -0.538 11.37
v -0.529 -0.567 11.296
v -0.386 -0.494 11.45
v -0.335 -0.432 11.54
v -0.844 -0.59 11.083
v -0.96 -0.571 11.04
v -1.061 -0.545 11.021
v -1.146 -0.509 11.038
v -1.207 -0.461 11.084
v -1.26 -0.409 11.154
v -0.422 -0.145 11.83
v -0.334 -0.249 11.735
v -1.272 -0.346 11.257
v -0.556 -0.083 11.877
v -0.726 -0.596 11.151
v -0.31 -0.357 11.622
v -0.807 -0.079 11.83
v -0.918 -0.099 11.765
v -1.079 -0.459 10.869
v -1.167 -0.396 10.895
v -0.83 -0.546 10.908
v -0.96 -0.511 10.873
v -0.779 0.111 11.649
v -0.906 0.101 11.596
v -1.193 -0.043 11.364
v -1.107 0.017 11.451
v -1.282 -0.251 11.017
v -1.292 -0.199 11.125
v -1.244 -0.293 11.4
v -1.266 -0.117 11.243
v -1.233 -0.331 10.949
v -0.384 -0.477 11.201
v -0.473 -0.52 11.12
v -0.312 -0.414 11.284
v -0.261 -0.332 11.364
v -0.379 0.023 11.665
v -0.27 -0.103 11.572
v -0.514 0.086 11.698
v -0.236 -0.241 11.453
v -0.699 -0.555 10.97
v -0.234 -0.333 11.059
v -0.178 -0.234 11.15
v -0.82 -0.502 10.716
v -0.959 -0.456 10.69
v -1.086 -0.381 10.694
v -0.308 -0.416 10.976
v -0.419 -0.469 10.904
v -0.675 -0.512 10.768
v -0.757 0.334 11.504
v -0.907 0.311 11.449
v -1.281 0.159 11.202
v -1.155 0.22 11.29
v -1.334 -0.116 10.854
v -1.358 -0.042 10.96
v -1.354 0.074 11.073
v -0.308 0.213 11.495
v -0.195 0.057 11.391
v -0.451 0.297 11.532
v -0.154 -0.121 11.249
v -0.724 0.53 11.327
v -0.896 0.505 11.277
v -0.655 -0.465 10.566
v -0.806 -0.446 10.523
v -1.326 0.004 10.681
v -1.361 0.105 10.776
v -1.359 0.224 10.89
v -1.284 0.324 11.008
v -1.181 0.397 11.114
v -0.634 -0.403 10.372
v -0.792 -0.383 10.334
v -1.263 -0.099 10.608
v -1.231 0.006 10.437
v -1.287 0.108 10.508
v -1.322 0.222 10.595
v -1.326 0.35 10.697
v -1.263 0.455 10.811
v -1.167 0.543 10.914
v -0.69 0.702 11.129
v -0.876 0.683 11.086
v -0.644 0.821 10.891
v -0.843 0.797 10.855
v -1.219 0.554 10.614
v -1.124 0.642 10.707
v -1.238 0.186 10.349
v -1.266 0.303 10.431
v -1.192 0.085 10.28
v -1.27 0.426 10.524
v -0.61 -0.333 10.187
v -0.777 -0.31 10.152
v -1.155 0.599 10.445
v -1.066 0.684 10.518
v -1.198 0.476 10.369
v -0.612 0.812 10.645
v -0.789 0.811 10.617
v -1.183 0.251 10.204
v -1.201 0.363 10.282
v -1.146 0.153 10.137
v -0.586 -0.247 10.022
v -0.756 -0.22 9.989
v -1.085 0.607 10.306
v -1.005 0.677 10.353
v -1.12 0.304 10.085
v -1.128 0.408 10.152
v -1.093 0.207 10.02
v -0.56 -0.132 9.881
v -0.732 -0.098 9.856
v -0.578 0.762 10.43
v -0.735 0.778 10.408
v -1.123 0.512 10.235
v -0.545 0.022 9.83
v -0.706 0.046 9.804
v -1.028 0.239 9.934
v -1.042 0.339 9.988
v -1.044 0.441 10.056
v -1.041 0.535 10.139
v -1.032 0.605 10.211
v -0.96 0.652 10.204
v -0.546 0.7 10.242
v -0.697 0.705 10.222
v -1.191 -0.29 10.731
v -1.263 -0.207 10.787
v -0.953 -0.39 10.506
v -1.082 -0.3 10.514
v -1.187 -0.195 10.552
v -1.157 -0.095 10.367
v -1.126 -0.011 10.21
v -1.087 0.059 10.075
v -1.045 0.124 9.961
v -1.01 0.168 9.907
v -0.947 0.134 9.863
v -0.972 0.052 9.91
v -1.006 -0.038 10.02
v -1.038 -0.125 10.161
v -1.063 -0.21 10.333
v -0.849 0.086 9.817
v -0.872 -0.032 9.876
v -0.901 -0.142 9.993
v -0.927 -0.236 10.144
v -0.941 -0.315 10.322
v -1.17 1.145 11.271
v -1.286 0.972 11.123
v -1.055 1.301 11.417
v -0.935 1.442 11.559
v -0.194 1.844 12.077
v 0 1.86 12.109
v -0.37 1.806 12.014
v -0.672 1.667 11.818
v -0.529 1.747 11.925
v -1.406 0.787 10.98
v -1.53 0.596 10.848
v -1.744 0.202 10.606
v -1.648 0.404 10.721
v -1.812 -0.027 10.653
v -1.757 0.151 10.759
v -1.848 -0.211 10.609
v -1.668 0.32 10.888
v -1.546 0.478 11.026
v -1.404 0.645 11.173
v -1.271 0.814 11.323
v -1.848 -0.39 10.633
v -1.808 -0.564 10.718
v -1.709 -0.705 10.834
v -1.581 -0.789 10.951
v -1.651 -0.69 11.086
v -1.778 0.088 10.898
v -1.695 0.232 11.049
v -1.827 -0.062 10.781
v -1.846 -0.182 10.706
v -1.861 -0.291 10.754
v -1.843 -0.441 10.86
v -1.767 -0.596 10.981
v -1.58 0.369 11.199
v -1.434 0.52 11.356
v -1.467 0.395 11.53
v -1.483 0.261 11.69
v -1.472 0.114 11.83
v -1.617 0.255 11.37
v -1.627 0.127 11.544
v -1.597 -0.017 11.69
v -1.7 -0.556 11.265
v -1.855 -0.295 11.039
v -1.785 -0.449 11.169
v -1.85 -0.156 10.903
v -1.283 -0.411 11.497
v -1.364 -0.454 11.53
v -1.305 -0.386 11.688
v -1.459 -0.461 11.533
v -1.407 -0.375 11.7
v -1.57 -0.45 11.509
v -1.517 -0.327 11.679
v -1.68 -0.405 11.45
v -1.767 -0.297 11.35
v -1.814 -0.15 11.2
v -1.805 -0.015 11.045
v -1.617 -0.258 11.632
v -1.695 -0.14 11.532
v -1.733 0 11.386
v -1.723 0.13 11.214
v -1.188 0.143 12.264
v -1.201 0.248 12.211
v -1.296 0.136 12.096
v -1.228 0.026 12.194
v -1.409 -0.018 11.953
v -1.284 -0.156 12.059
v -1.53 -0.143 11.79
v -1.428 -0.241 11.848
v -1.321 -0.313 11.861
v -1.192 -0.286 12.006
v -1.22 -0.338 11.836
v -1.121 -0.316 11.951
v 0 0.406 13.069
v -0.251 0.404 13.041
v -0.474 0.4 12.963
v -0.66 0.391 12.852
v -0.805 0.38 12.726
v -0.942 0.141 12.618
v -0.923 0.364 12.599
v -1.024 0.343 12.469
v -1.116 0.306 12.334
v -1.015 -0.127 11.693
v -1.05 -0.284 11.85
v -1.018 0.065 11.522
v -1.042 0.275 11.376
v -1.054 0.467 11.211
v -1.046 0.629 11.012
v -0.997 0.716 10.789
v -0.943 0.754 10.581
v -0.885 0.74 10.384
v -0.836 0.683 10.21
v -0.541 0.155 9.853
v -0.691 0.179 9.833
v -0.942 0.569 10.085
v -0.817 0.592 10.068
v -0.676 0.592 10.074
v -0.535 0.576 10.099
v -0.94 0.234 9.875
v -0.938 0.35 9.923
v -0.826 0.207 9.839
v -0.937 0.461 9.992
v -0.809 0.466 9.968
v -0.675 0.454 9.973
v -0.536 0.432 9.998
v -0.813 0.339 9.893
v -0.678 0.316 9.893
v -0.534 0.294 9.911
v -0.895 0.582 12.53
v -0.153 0.188 11.183
v -0.229 0.358 11.287
v -0.12 0.008 11.044
v -0.136 -0.129 10.931
v -0.196 -0.259 10.834
v -0.261 -0.35 10.753
v -0.373 -0.415 10.686
v -0.117 0.118 10.831
v -0.134 -0.037 10.722
v -0.181 -0.159 10.623
v -0.243 -0.262 10.551
v -0.345 -0.339 10.481
v -0.373 0.483 11.348
v -0.316 0.614 11.121
v -0.201 0.465 11.049
v -0.307 0.664 10.869
v -0.217 0.514 10.813
v -0.318 0.667 10.646
v -0.234 0.548 10.613
v -0.138 0.295 10.957
v -0.152 0.368 10.736
v -0.13 0.201 10.621
v -0.136 0.049 10.519
v -0.174 -0.059 10.42
v -0.237 -0.168 10.37
v -0.328 -0.252 10.305
v -0.177 0.423 10.543
v -0.151 0.278 10.448
v -0.147 0.133 10.352
v -0.173 0.023 10.266
v -0.226 -0.082 10.214
v -0.311 -0.162 10.15
v -0.317 0.647 10.46
v -0.247 0.558 10.45
v -0.203 0.457 10.388
v -0.181 0.327 10.296
v -0.169 0.198 10.213
v -0.183 0.091 10.139
v -0.225 -0.004 10.093
v -0.3 -0.067 10.029
v -0.309 0.606 10.312
v -0.26 0.558 10.345
v -0.238 0.052 10.021
v -0.294 0.027 9.962
v -0.218 0.129 10.04
v -0.208 0.239 10.095
v -0.218 0.363 10.182
v -0.238 0.476 10.278
v -0.299 0.5 10.202
v -0.29 0.378 10.095
v -0.283 0.244 10.01
v -0.291 0.134 9.964
v -1.157 0.978 11.482
v -1.048 1.129 11.64
v -0.929 1.256 11.784
v -0.524 1.519 12.133
v -0.666 1.452 12.033
v -0.194 1.597 12.276
v -0.368 1.567 12.215
v 0 1.612 12.306
v -0.641 -0.816 11.408
v -0.655 -0.672 11.361
v -0.612 -0.586 11.229
v -0.563 -0.541 11.053
v -0.538 -0.495 10.838
v -0.508 -0.453 10.622
v -0.483 -0.39 10.425
v -0.457 -0.311 10.243
v -0.432 -0.222 10.083
v -0.409 -0.114 9.955
v -0.398 0.017 9.892
v -0.393 0.142 9.904
v -0.39 0.26 9.952
v -0.4 0.404 10.035
v -0.402 0.546 10.139
v -0.412 0.659 10.276
v -0.434 0.713 10.45
v -0.444 0.76 10.656
v -0.452 0.773 10.897
v -0.488 0.698 11.145
v -0.546 0.529 11.359
v -0.598 0.334 11.537
v -0.641 0.118 11.683
v -0.678 -0.068 11.867
v -0.792 -0.348 12.284
v -0.868 -0.256 12.444
v -0.919 -0.078 12.56
v -0.859 0.786 12.427
v -0.832 0.978 12.285
v -0.808 1.169 12.118
v -0.801 1.364 11.915
v -0.806 1.564 11.694
v 1.489 -0.877 10.861
v 1.369 -0.881 10.941
v 1.814 -0.022 10.511
v 1.848 -0.266 10.49
v 0.879 -0.299 12.102
v 1.003 -0.308 12.039
v 1.056 -0.287 12.131
v 0.927 -0.304 12.218
v 0.719 -0.206 12.022
v 0.843 -0.224 11.98
v 0.747 -0.308 12.153
v 0.951 -0.252 11.918
v 0.987 -0.211 12.341
v 1.116 -0.177 12.219
v 1.13 -0.019 12.319
v 1.027 -0.048 12.444
v 1.434 -0.689 11.203
v 1.543 -0.714 11.15
v 1.591 -0.589 11.314
v 1.474 -0.585 11.352
v 1.368 -0.769 11.093
v 1.469 -0.797 11.035
v 1.129 0.147 12.366
v 1.042 0.145 12.495
v 0.822 0.13 12.743
v 0.668 0.119 12.861
v 0.648 -0.141 12.786
v 0.798 -0.11 12.675
v 0.258 0.095 13.058
v 0.249 -0.195 12.968
v 0.604 -0.358 12.643
v 0.745 -0.311 12.534
v 0.209 -0.6 12.612
v 0.184 -0.712 12.417
v 0.536 -0.507 12.454
v 0.45 -0.6 12.286
v 0.489 -0.508 12.194
v 0.637 -0.428 12.324
v 0.233 -0.434 12.813
v 0.853 -0.831 11.239
v 0.743 -0.828 11.323
v 0.548 -0.789 11.495
v 0.491 -0.732 11.579
v 0.421 -0.84 11.617
v 0.445 -0.674 11.664
v 0.408 -0.618 11.755
v 0.385 -0.708 11.822
v 0.397 -0.766 11.716
v 0.506 -0.618 11.509
v 0.574 -0.65 11.432
v 0.455 -0.572 11.583
v 0.388 -0.527 11.662
v 0.334 -0.785 11.877
v 0.324 -0.841 11.762
v 0.379 -0.559 11.858
v 0.379 -0.647 11.937
v 0.352 -0.728 11.998
v 0.323 -0.911 11.657
v 0.967 -0.822 11.15
v 0.965 -0.681 11.144
v 0.856 -0.687 11.213
v 1.09 -0.796 11.082
v 1.066 -0.665 11.103
v 1.153 -0.642 11.093
v 1.184 -0.758 11.072
v 1.233 -0.589 11.127
v 1.282 -0.703 11.127
v 1.335 -0.635 11.226
v 1.283 -0.526 11.212
v 0.381 -0.377 11.871
v 0.456 -0.285 11.972
v 0.477 -0.406 12.09
v 0.397 -0.481 11.973
v 0.403 -0.577 12.061
v 0.387 -0.667 12.134
v 0.365 -0.464 11.759
v 0.165 -0.787 12.238
v 0.152 -0.842 12.081
v 0.136 -0.887 11.947
v 1.373 -0.549 11.358
v 1.3 -0.469 11.337
v 1.263 -0.844 11.011
v 0.61 -0.347 12.162
v 0.582 -0.22 12.033
v 0.465 -0.17 12.889
v 0.484 0.106 12.975
v 0.435 -0.399 12.74
v 0.344 -0.672 12.365
v 0.391 -0.561 12.549
v 0.302 -0.741 12.196
v 0.25 -0.846 11.919
v 0.277 -0.795 12.047
v 0.233 -0.898 11.8
v 0.122 -0.933 11.826
v 0.223 -0.961 11.691
v 0.114 -0.993 11.715
v 1.815 -0.485 10.506
v 1.757 -0.682 10.608
v 0.952 0.896 12.159
v 1.07 0.794 12.01
v 1.053 0.958 11.84
v 0.933 1.074 11.991
v 1.089 0.632 12.148
v 0.972 0.721 12.3
v 0.21 1.154 12.637
v 0.221 0.935 12.796
v 0.419 0.913 12.734
v 0.396 1.128 12.579
v 0.199 1.37 12.465
v 0.377 1.343 12.405
v 1.164 0.82 11.677
v 1.184 0.671 11.849
v 1.314 0.537 11.687
v 1.286 0.67 11.512
v 1.203 0.527 11.996
v 1.33 0.405 11.847
v 0.555 1.092 12.499
v 0.59 0.882 12.646
v 0.732 0.839 12.543
v 0.698 1.044 12.402
v 0.534 1.302 12.327
v 0.676 1.245 12.23
v 1.638 -0.803 10.726
v 1.002 0.536 12.4
v 1.107 0.472 12.262
v 1.21 0.387 12.123
v 1.33 0.267 11.982
v 0.237 0.687 12.94
v 0.448 0.671 12.87
v 0.626 0.648 12.77
v 0.773 0.617 12.654
v 0.751 -0.684 11.29
v 1.134 -0.31 11.76
v 1.092 -0.172 11.621
v 1.172 -0.22 11.522
v 1.211 -0.34 11.641
v 0.529 -0.567 11.296
v 0.453 -0.538 11.37
v 0.386 -0.494 11.45
v 0.335 -0.432 11.54
v 0.96 -0.571 11.04
v 0.844 -0.59 11.083
v 1.061 -0.545 11.021
v 1.146 -0.509 11.038
v 1.207 -0.461 11.084
v 1.26 -0.409 11.154
v 0.334 -0.249 11.735
v 0.422 -0.145 11.83
v 1.272 -0.346 11.257
v 0.556 -0.083 11.877
v 0.726 -0.596 11.151
v 0.31 -0.357 11.622
v 0.807 -0.079 11.83
v 0.918 -0.099 11.765
v 1.167 -0.396 10.895
v 1.079 -0.459 10.869
v 0.96 -0.511 10.873
v 0.83 -0.546 10.908
v 0.779 0.111 11.649
v 0.906 0.101 11.596
v 1.107 0.017 11.451
v 1.193 -0.043 11.364
v 1.292 -0.199 11.125
v 1.282 -0.251 11.017
v 1.244 -0.293 11.4
v 1.266 -0.117 11.243
v 1.233 -0.331 10.949
v 0.473 -0.52 11.12
v 0.384 -0.477 11.201
v 0.312 -0.414 11.284
v 0.261 -0.332 11.364
v 0.27 -0.103 11.572
v 0.379 0.023 11.665
v 0.514 0.086 11.698
v 0.236 -0.241 11.453
v 0.699 -0.555 10.97
v 0.234 -0.333 11.059
v 0.178 -0.234 11.15
v 0.959 -0.456 10.69
v 0.82 -0.502 10.716
v 1.086 -0.381 10.694
v 0.419 -0.469 10.904
v 0.308 -0.416 10.976
v 0.675 -0.512 10.768
v 0.757 0.334 11.504
v 0.907 0.311 11.449
v 1.155 0.22 11.29
v 1.281 0.159 11.202
v 1.358 -0.042 10.96
v 1.334 -0.116 10.854
v 1.354 0.074 11.073
v 0.195 0.057 11.391
v 0.308 0.213 11.495
v 0.451 0.297 11.532
v 0.154 -0.121 11.249
v 0.724 0.53 11.327
v 0.896 0.505 11.277
v 0.806 -0.446 10.523
v 0.655 -0.465 10.566
v 1.361 0.105 10.776
v 1.326 0.004 10.681
v 1.284 0.324 11.008
v 1.359 0.224 10.89
v 1.181 0.397 11.114
v 0.792 -0.383 10.334
v 0.634 -0.403 10.372
v 1.287 0.108 10.508
v 1.231 0.006 10.437
v 1.263 -0.099 10.608
v 1.322 0.222 10.595
v 1.263 0.455 10.811
v 1.326 0.35 10.697
v 1.167 0.543 10.914
v 0.69 0.702 11.129
v 0.876 0.683 11.086
v 0.644 0.821 10.891
v 0.843 0.797 10.855
v 1.124 0.642 10.707
v 1.219 0.554 10.614
v 1.266 0.303 10.431
v 1.238 0.186 10.349
v 1.192 0.085 10.28
v 1.27 0.426 10.524
v 0.777 -0.31 10.152
v 0.61 -0.333 10.187
v 1.066 0.684 10.518
v 1.155 0.599 10.445
v 1.198 0.476 10.369
v 0.612 0.812 10.645
v 0.789 0.811 10.617
v 1.201 0.363 10.282
v 1.183 0.251 10.204
v 1.146 0.153 10.137
v 0.756 -0.22 9.989
v 0.586 -0.247 10.022
v 1.005 0.677 10.353
v 1.085 0.607 10.306
v 1.128 0.408 10.152
v 1.12 0.304 10.085
v 1.093 0.207 10.02
v 0.732 -0.098 9.856
v 0.56 -0.132 9.881
v 0.578 0.762 10.43
v 0.735 0.778 10.408
v 1.123 0.512 10.235
v 0.706 0.046 9.804
v 0.545 0.022 9.83
v 1.042 0.339 9.988
v 1.028 0.239 9.934
v 1.044 0.441 10.056
v 1.032 0.605 10.211
v 1.041 0.535 10.139
v 0.96 0.652 10.204
v 0.546 0.7 10.242
v 0.697 0.705 10.222
v 1.191 -0.29 10.731
v 1.263 -0.207 10.787
v 0.953 -0.39 10.506
v 1.082 -0.3 10.514
v 1.187 -0.195 10.552
v 1.157 -0.095 10.367
v 1.126 -0.011 10.21
v 1.087 0.059 10.075
v 1.045 0.124 9.961
v 1.01 0.168 9.907
v 0.947 0.134 9.863
v 0.972 0.052 9.91
v 1.006 -0.038 10.02
v 1.038 -0.125 10.161
v 1.063 -0.21 10.333
v 0.849 0.086 9.817
v 0.872 -0.032 9.876
v 0.901 -0.142 9.993
v 0.927 -0.236 10.144
v 0.941 -0.315 10.322
v 1.17 1.145 11.271
v 1.286 0.972 11.123
v 0.935 1.442 11.559
v 1.055 1.301 11.417
v 0.194 1.844 12.077
v 0.37 1.806 12.014
v 0.672 1.667 11.818
v 0.529 1.747 11.925
v 1.406 0.787 10.98
v 1.53 0.596 10.848
v 1.744 0.202 10.606
v 1.648 0.404 10.721
v 1.757 0.151 10.759
v 1.812 -0.027 10.653
v 1.848 -0.211 10.609
v 1.668 0.32 10.888
v 1.546 0.478 11.026
v 1.404 0.645 11.173
v 1.271 0.814 11.323
v 1.848 -0.39 10.633
v 1.808 -0.564 10.718
v 1.709 -0.705 10.834
v 1.581 -0.789 10.951
v 1.651 -0.69 11.086
v 1.695 0.232 11.049
v 1.778 0.088 10.898
v 1.827 -0.062 10.781
v 1.846 -0.182 10.706
v 1.861 -0.291 10.754
v 1.843 -0.441 10.86
v 1.767 -0.596 10.981
v 1.58 0.369 11.199
v 1.434 0.52 11.356
v 1.483 0.261 11.69
v 1.467 0.395 11.53
v 1.472 0.114 11.83
v 1.627 0.127 11.544
v 1.617 0.255 11.37
v 1.597 -0.017 11.69
v 1.7 -0.556 11.265
v 1.855 -0.295 11.039
v 1.785 -0.449 11.169
v 1.85 -0.156 10.903
v 1.364 -0.454 11.53
v 1.283 -0.411 11.497
v 1.305 -0.386 11.688
v 1.459 -0.461 11.533
v 1.407 -0.375 11.7
v 1.57 -0.45 11.509
v 1.517 -0.327 11.679
v 1.68 -0.405 11.45
v 1.814 -0.15 11.2
v 1.767 -0.297 11.35
v 1.805 -0.015 11.045
v 1.617 -0.258 11.632
v 1.733 0 11.386
v 1.695 -0.14 11.532
v 1.723 0.13 11.214
v 1.201 0.248 12.211
v 1.188 0.143 12.264
v 1.228 0.026 12.194
v 1.296 0.136 12.096
v 1.284 -0.156 12.059
v 1.409 -0.018 11.953
v 1.428 -0.241 11.848
v 1.53 -0.143 11.79
v 1.192 -0.286 12.006
v 1.321 -0.313 11.861
v 1.121 -0.316 11.951
v 1.22 -0.338 11.836
v 0.251 0.404 13.041
v 0.474 0.4 12.963
v 0.805 0.38 12.726
v 0.66 0.391 12.852
v 1.024 0.343 12.469
v 0.923 0.364 12.599
v 0.942 0.141 12.618
v 1.116 0.306 12.334
v 1.015 -0.127 11.693
v 1.05 -0.284 11.85
v 1.018 0.065 11.522
v 1.042 0.275 11.376
v 1.054 0.467 11.211
v 1.046 0.629 11.012
v 0.997 0.716 10.789
v 0.943 0.754 10.581
v 0.885 0.74 10.384
v 0.836 0.683 10.21
v 0.691 0.179 9.833
v 0.541 0.155 9.853
v 0.817 0.592 10.068
v 0.942 0.569 10.085
v 0.676 0.592 10.074
v 0.535 0.576 10.099
v 0.938 0.35 9.923
v 0.94 0.234 9.875
v 0.826 0.207 9.839
v 0.937 0.461 9.992
v 0.809 0.466 9.968
v 0.675 0.454 9.973
v 0.536 0.432 9.998
v 0.813 0.339 9.893
v 0.678 0.316 9.893
v 0.534 0.294 9.911
v 0.895 0.582 12.53
v 0.153 0.188 11.183
v 0.229 0.358 11.287
v 0.136 -0.129 10.931
v 0.12 0.008 11.044
v 0.196 -0.259 10.834
v 0.373 -0.415 10.686
v 0.261 -0.35 10.753
v 0.134 -0.037 10.722
v 0.117 0.118 10.831
v 0.181 -0.159 10.623
v 0.345 -0.339 10.481
v 0.243 -0.262 10.551
v 0.373 0.483 11.348
v 0.201 0.465 11.049
v 0.316 0.614 11.121
v 0.217 0.514 10.813
v 0.307 0.664 10.869
v 0.234 0.548 10.613
v 0.318 0.667 10.646
v 0.138 0.295 10.957
v 0.152 0.368 10.736
v 0.136 0.049 10.519
v 0.13 0.201 10.621
v 0.174 -0.059 10.42
v 0.328 -0.252 10.305
v 0.237 -0.168 10.37
v 0.177 0.423 10.543
v 0.147 0.133 10.352
v 0.151 0.278 10.448
v 0.173 0.023 10.266
v 0.311 -0.162 10.15
v 0.226 -0.082 10.214
v 0.247 0.558 10.45
v 0.317 0.647 10.46
v 0.203 0.457 10.388
v 0.169 0.198 10.213
v 0.181 0.327 10.296
v 0.183 0.091 10.139
v 0.3 -0.067 10.029
v 0.225 -0.004 10.093
v 0.26 0.558 10.345
v 0.309 0.606 10.312
v 0.294 0.027 9.962
v 0.238 0.052 10.021
v 0.218 0.129 10.04
v 0.208 0.239 10.095
v 0.218 0.363 10.182
v 0.238 0.476 10.278
v 0.299 0.5 10.202
v 0.283 0.244 10.01
v 0.29 0.378 10.095
v 0.291 0.134 9.964
v 1.157 0.978 11.482
v 1.048 1.129 11.64
v 0.929 1.256 11.784
v 0.524 1.519 12.133
v 0.666 1.452 12.033
v 0.368 1.567 12.215
v 0.194 1.597 12.276
v 0.641 -0.816 11.408
v 0.655 -0.672 11.361
v 0.612 -0.586 11.229
v 0.563 -0.541 11.053
v 0.538 -0.495 10.838
v 0.508 -0.453 10.622
v 0.483 -0.39 10.425
v 0.457 -0.311 10.243
v 0.432 -0.222 10.083
v 0.409 -0.114 9.955
v 0.398 0.017 9.892
v 0.393 0.142 9.904
v 0.39 0.26 9.952
v 0.4 0.404 10.035
v 0.402 0.546 10.139
v 0.412 0.659 10.276
v 0.434 0.713 10.45
v 0.444 0.76 10.656
v 0.452 0.773 10.897
v 0.488 0.698 11.145
v 0.546 0.529 11.359
v 0.598 0.334 11.537
v 0.641 0.118 11.683
v 0.678 -0.068 11.867
v 0.792 -0.348 12.284
v 0.868 -0.256 12.444
v 0.919 -0.078 12.56
v 0.859 0.786 12.427
v 0.832 0.978 12.285
v 0.808 1.169 12.118
v 0.801 1.364 11.915
v 0.806 1.564 11.694
v -2.047 -3.405 10.514
v -1.921 -3.367 10.645
v -1.983 -3.307 10.707
v -2.106 -3.354 10.567
v -1.87 -3.414 10.578
v -1.999 -3.447 10.454
v -1.842 -3.256 10.848
v -1.781 -3.324 10.778
v -1.635 -3.282 10.905
v -1.695 -3.205 10.98
v -1.728 -3.379 10.706
v -1.582 -3.345 10.826
v -1.828 -3.443 10.51
v -1.963 -3.469 10.388
v -2.149 -3.436 10.4
v -2.208 -3.395 10.442
v -2.103 -3.471 10.351
v -2.221 -3.46 10.315
v -2.172 -3.489 10.277
v -2.28 -3.428 10.347
v -2.049 -3.23 10.755
v -2.171 -3.289 10.61
v -1.683 -3.413 10.633
v -1.536 -3.382 10.748
v -1.907 -3.168 10.904
v -1.755 -3.107 11.043
v -1.804 -3.437 10.447
v -1.949 -3.458 10.329
v -2.067 -3.485 10.294
v -2.137 -3.492 10.224
v -2.284 -3.501 10.215
v -2.262 -3.483 10.257
v -2.324 -3.457 10.277
v -2.349 -3.487 10.228
v -2.236 -3.498 10.184
v -2.212 -3.501 10.223
v -2.273 -3.344 10.478
v -2.348 -3.392 10.373
v -2.121 -3.133 10.784
v -2.246 -3.206 10.635
v -1.49 -3.243 11.02
v -1.545 -3.157 11.1
v -1.438 -3.311 10.936
v -1.655 -3.409 10.565
v -1.506 -3.383 10.676
v -1.975 -3.057 10.938
v -1.816 -2.987 11.083
v -1.799 -3.41 10.401
v -1.945 -3.433 10.287
v -2.054 -3.47 10.239
v -2.122 -3.47 10.176
v -2.204 -3.493 10.145
v -2.178 -3.493 10.175
v -2.294 -3.511 10.187
v -2.244 -3.5 10.165
v -2.36 -3.513 10.196
v -2.398 -3.435 10.292
v -2.427 -3.474 10.233
v -2.348 -3.279 10.499
v -2.429 -3.349 10.39
v -2.198 -3.011 10.782
v -2.332 -3.103 10.634
v -1.345 -3.208 11.124
v -1.204 -3.181 11.215
v -1.246 -3.083 11.305
v -1.394 -3.117 11.209
v -1.297 -3.283 11.034
v -1.161 -3.259 11.119
v -1.392 -3.353 10.852
v -1.6 -3.051 11.166
v -1.647 -3.382 10.513
v -1.494 -3.356 10.618
v -2.041 -2.922 10.935
v -1.874 -2.843 11.084
v -1.804 -3.377 10.361
v -1.95 -3.404 10.252
v -1.817 -3.339 10.327
v -1.965 -3.374 10.216
v -2.058 -3.444 10.198
v -2.125 -3.445 10.14
v -2.187 -3.468 10.109
v -2.164 -3.469 10.133
v -2.21 -3.492 10.133
v -2.295 -3.516 10.165
v -2.244 -3.502 10.15
v -2.359 -3.538 10.173
v -2.441 -3.515 10.193
v -2.485 -3.41 10.306
v -2.518 -3.464 10.239
v -2.441 -3.199 10.501
v -2.526 -3.292 10.394
v -1.25 -3.328 10.943
v -1.121 -3.309 11.021
v -1.284 -2.963 11.377
v -1.44 -3.003 11.278
v -1.358 -3.36 10.772
v -1.654 -2.925 11.211
v -1.65 -3.346 10.47
v -1.495 -3.316 10.572
v -1.661 -3.304 10.436
v -1.833 -3.298 10.296
v -1.981 -3.341 10.181
v -2.06 -3.419 10.167
v -2.064 -3.391 10.138
v -2.125 -3.421 10.113
v -2.127 -3.397 10.086
v -2.162 -3.444 10.103
v -2.185 -3.445 10.08
v -2.198 -3.465 10.095
v -2.209 -3.49 10.128
v -2.278 -3.534 10.186
v -2.23 -3.502 10.168
v -2.342 -3.571 10.19
v -2.439 -3.563 10.174
v -2.535 -3.52 10.188
v -1.066 -3.162 11.294
v -0.931 -3.151 11.361
v -0.959 -3.041 11.459
v -1.101 -3.058 11.388
v -1.03 -3.243 11.19
v -0.902 -3.235 11.252
v -1.217 -3.337 10.855
v -1.086 -3.321 10.925
v -1.321 -2.827 11.429
v -1.485 -2.873 11.328
v -1.343 -3.332 10.71
v -1.702 -2.777 11.221
v -1.676 -3.256 10.406
v -1.518 -3.218 10.507
v -1.504 -3.27 10.537
v -2.074 -3.362 10.108
v -2.134 -3.372 10.057
v -2.162 -3.423 10.077
v -2.185 -3.426 10.053
v -2.165 -3.402 10.05
v -2.191 -3.409 10.025
v -2.199 -3.449 10.067
v -2.192 -3.464 10.094
v -2.193 -3.488 10.14
v -2.253 -3.547 10.22
v -2.315 -3.6 10.223
v -2.206 -3.504 10.199
v -2.162 -3.514 10.246
v -2.21 -3.566 10.271
v -2.144 -3.588 10.344
v -2.097 -3.522 10.319
v -2.271 -3.632 10.274
v -2.208 -3.669 10.35
v -2.422 -3.613 10.181
v -2.535 -3.588 10.161
v -0.818 -3.032 11.52
v -0.797 -3.145 11.418
v -0.658 -3.146 11.466
v -0.674 -3.029 11.57
v -0.774 -3.233 11.303
v -0.641 -3.235 11.346
v -0.996 -3.297 11.087
v -0.874 -3.292 11.142
v -0.983 -2.91 11.536
v -1.132 -2.932 11.463
v -1.2 -3.312 10.787
v -1.072 -3.295 10.852
v -1.354 -2.672 11.447
v -1.526 -2.721 11.342
v -1.344 -3.29 10.661
v -2.174 -3.381 10.02
v -2.202 -3.392 9.993
v -2.199 -3.434 10.039
v -2.205 -3.421 10.008
v -2.186 -3.45 10.063
v -2.171 -3.461 10.108
v -2.168 -3.486 10.165
v -2.126 -3.485 10.207
v -2.058 -3.483 10.277
v -2.395 -3.657 10.21
v -2.354 -3.704 10.26
v -2.293 -3.757 10.336
v -2.519 -3.655 10.161
v -0.624 -3.294 11.224
v -0.753 -3.291 11.187
v -0.835 -2.897 11.599
v -0.686 -2.892 11.649
v -0.966 -3.313 10.984
v -0.849 -3.309 11.034
v -1.005 -2.765 11.588
v -1.161 -2.79 11.514
v -1.201 -3.267 10.735
v -1.071 -3.247 10.797
v -1.366 -3.185 10.59
v -1.353 -3.24 10.622
v -2.218 -3.409 9.974
v -2.189 -3.442 10.032
v -2.199 -3.438 9.998
v -2.163 -3.449 10.075
v -2.147 -3.458 10.13
v -2.108 -3.453 10.166
v -2.038 -3.449 10.234
v -2.493 -3.715 10.183
v -2.453 -3.778 10.225
v -2.392 -3.854 10.294
v -0.359 -3.042 11.646
v -0.355 -3.163 11.535
v -0.183 -3.177 11.557
v -0.185 -3.056 11.676
v -0.347 -3.255 11.403
v -0.181 -3.265 11.419
v -0.61 -3.312 11.107
v -0.731 -3.309 11.075
v -0.852 -2.75 11.65
v -0.697 -2.744 11.702
v -0.836 -3.277 10.952
v -0.951 -3.284 10.906
v -1.029 -2.608 11.612
v -1.187 -2.634 11.537
v -1.09 -3.135 10.715
v -1.078 -3.196 10.752
v -1.211 -3.215 10.693
v -1.223 -3.157 10.659
v -2.216 -3.434 9.961
v -2.165 -3.447 10.04
v -2.175 -3.448 10.002
v -2.138 -3.448 10.093
v -2.101 -3.444 10.122
v -2.024 -3.439 10.189
v -2.125 -3.707 10.452
v -2.056 -3.614 10.446
v -2.006 -3.533 10.419
v -1.948 -3.643 10.58
v -1.896 -3.548 10.549
v -2.018 -3.758 10.592
v 0 -3.184 11.566
v 0 -3.063 11.692
v 0 -3.274 11.42
v -0.342 -3.311 11.271
v -0.179 -3.318 11.284
v -0.362 -2.903 11.731
v -0.186 -2.915 11.766
v -0.722 -3.274 10.989
v -0.602 -3.275 11.019
v -0.871 -2.594 11.677
v -0.713 -2.588 11.732
v -0.835 -3.227 10.889
v -0.951 -3.236 10.847
v -2.193 -3.451 9.959
v -2.137 -3.449 10.055
v -2.147 -3.454 10.013
v -2.109 -3.457 10.035
v -2.099 -3.448 10.081
v -2.024 -3.446 10.138
v -2.031 -3.461 10.087
v -1.968 -3.476 10.376
v -1.855 -3.481 10.504
v -1.823 -3.676 10.736
v -1.771 -3.567 10.698
v -1.891 -3.813 10.755
v -2.21 -3.821 10.443
v -2.102 -3.892 10.578
v 0 -3.324 11.281
v 0 -2.921 11.783
v -0.34 -3.318 11.153
v -0.177 -3.322 11.168
v -0.366 -2.758 11.788
v -0.187 -2.771 11.823
v -0.602 -3.219 10.951
v -0.72 -3.221 10.924
v -0.729 -3.094 10.833
v -0.723 -3.16 10.873
v -0.839 -3.168 10.84
v -0.847 -3.104 10.801
v -2.163 -3.461 9.968
v -2.122 -3.469 9.988
v -2.044 -3.481 10.034
v -1.94 -3.447 10.332
v -1.824 -3.444 10.452
v -1.73 -3.484 10.646
v -1.684 -3.713 10.901
v -1.631 -3.581 10.854
v -1.738 -3.869 10.924
v -1.965 -3.974 10.738
v -2.305 -3.945 10.395
v -2.188 -4.047 10.521
v 0 -3.324 11.17
v 0 -2.775 11.841
v -0.334 -3.281 11.061
v -0.178 -3.283 11.072
v -0.371 -2.604 11.817
v -0.188 -2.622 11.847
v -0.608 -3.089 10.858
v -0.603 -3.158 10.899
v -1.922 -3.425 10.282
v -1.799 -3.41 10.391
v -1.694 -3.432 10.582
v -1.589 -3.483 10.79
v -1.528 -3.745 11.058
v -1.481 -3.595 11.002
v -1.578 -3.927 11.081
v -1.801 -4.056 10.898
v -2.036 -4.154 10.667
v -2.403 -4.067 10.32
v -2.499 -3.949 10.229
v -2.276 -4.197 10.435
v 0 -3.284 11.076
v 0 -2.629 11.859
v -0.332 -3.222 10.991
v -0.176 -3.224 11.004
v -1.915 -3.45 10.229
v -1.921 -3.471 10.171
v -1.786 -3.453 10.335
v -1.785 -3.479 10.274
v -1.661 -3.402 10.506
v -1.552 -3.414 10.714
v -1.436 -3.478 10.928
v -1.366 -3.773 11.202
v -1.322 -3.605 11.139
v -1.404 -3.977 11.223
v -1.622 -4.134 11.05
v -1.854 -4.259 10.816
v -2.113 -4.331 10.565
v -0.176 -3.088 10.911
v -0.175 -3.159 10.952
v -0.333 -3.156 10.94
v -0.337 -3.087 10.899
v -1.93 -3.498 10.114
v -1.792 -3.514 10.211
v -1.637 -3.438 10.437
v -1.629 -3.477 10.372
v -1.509 -3.387 10.621
v -1.394 -3.403 10.836
v -1.277 -3.476 11.052
v -1.435 -4.205 11.179
v -1.66 -4.357 10.944
v -1.922 -4.461 10.687
v -1.633 -3.525 10.311
v -1.478 -3.423 10.538
v -1.463 -3.474 10.468
v -1.349 -3.372 10.731
v -1.232 -3.389 10.947
v -1.153 -3.613 11.259
v -1.194 -3.797 11.328
v -1.458 -4.443 11.05
v -1.717 -4.577 10.792
v -1.464 -3.535 10.406
v -1.311 -3.411 10.631
v -1.292 -3.47 10.556
v -1.184 -3.365 10.826
v -1.112 -3.474 11.16
v -1.016 -3.819 11.433
v -0.828 -3.836 11.512
v -0.796 -3.634 11.43
v -0.978 -3.622 11.357
v -0.429 -3.863 11.598
v -0.412 -3.654 11.509
v -0.609 -3.644 11.48
v -0.634 -3.85 11.567
v -1.227 -4.021 11.348
v -1.507 -4.678 10.873
v -1.29 -3.542 10.491
v -1.145 -3.404 10.716
v -1.124 -3.471 10.634
v -1.069 -3.38 11.04
v -0.763 -3.481 11.314
v -0.942 -3.476 11.248
v -0.395 -3.496 11.387
v -0.583 -3.487 11.36
v -0.212 -3.662 11.52
v -0.219 -3.87 11.609
v -1.038 -4.055 11.451
v -0.85 -4.081 11.529
v -0.441 -4.117 11.621
v -0.651 -4.1 11.586
v -1.238 -4.264 11.292
v -1.121 -3.551 10.566
v -1.019 -3.357 10.906
v -0.98 -3.401 10.788
v -0.731 -3.376 11.175
v -0.902 -3.375 11.117
v -0.378 -3.387 11.241
v -0.558 -3.381 11.216
v -0.204 -3.503 11.398
v 0 -3.873 11.61
v 0 -3.665 11.519
v -0.223 -4.127 11.638
v -1.034 -4.302 11.389
v -0.852 -4.332 11.449
v -0.442 -4.37 11.524
v -0.655 -4.353 11.497
v -1.25 -4.511 11.135
v -0.963 -3.475 10.701
v -0.96 -3.56 10.629
v -0.694 -3.358 11.021
v -0.856 -3.356 10.969
v -0.67 -3.41 10.892
v -0.823 -3.403 10.845
v -0.362 -3.376 11.081
v -0.352 -3.428 10.954
v -0.515 -3.418 10.928
v -0.531 -3.365 11.057
v -0.196 -3.395 11.254
v 0 -3.507 11.399
v -0.225 -4.375 11.542
v -1.044 -4.556 11.199
v -0.845 -4.576 11.247
v -0.435 -4.575 11.298
v -0.644 -4.581 11.282
v -1.286 -4.757 10.933
v -0.66 -3.489 10.799
v -0.809 -3.481 10.755
v -0.658 -3.579 10.723
v -0.806 -3.57 10.681
v -0.35 -3.508 10.862
v -0.348 -3.597 10.784
v -0.507 -3.589 10.758
v -0.509 -3.499 10.834
v -0.187 -3.385 11.096
v -0.182 -3.436 10.971
v 0 -3.4 11.253
v 0 -4.377 11.549
v 0 -4.129 11.641
v -0.222 -4.571 11.311
v -1.06 -4.809 10.978
v -0.847 -4.805 11.027
v -0.434 -4.771 11.08
v -0.641 -4.788 11.062
v -0.18 -3.515 10.879
v -0.179 -3.604 10.801
v 0 -3.388 11.1
v 0 -4.57 11.319
v -0.222 -4.761 11.091
v 0 -4.762 11.095
v 0 -3.09 10.918
v 0 -3.161 10.959
v -0.956 -3.18 10.8
v -0.966 -3.117 10.762
v 0 -3.226 11.009
v -2.587 -3.374 10.312
v 0 -3.518 10.887
v 0 -3.606 10.808
v 0 -3.441 10.979
v -1.85 -3.251 10.267
v -1.994 -3.3 10.154
v -1.693 -3.203 10.379
v -1.534 -3.16 10.479
v -2.011 -3.254 10.123
v -1.869 -3.199 10.237
v -2.085 -3.327 10.078
v -2.145 -3.343 10.027
v -1.713 -3.144 10.351
v -1.554 -3.096 10.452
v -2.101 -3.287 10.048
v -2.163 -3.311 9.993
v -2.188 -3.358 9.987
v -2.219 -3.374 9.957
v -1.381 -3.123 10.562
v -2.242 -3.353 9.915
v -2.208 -3.33 9.949
v -2.239 -3.396 9.935
v -1.238 -3.093 10.629
v -1.103 -3.068 10.685
v -1.4 -3.056 10.536
v -2.266 -3.381 9.89
v -2.241 -3.429 9.918
v -1.12 -2.995 10.658
v -1.255 -3.023 10.603
v -2.271 -3.421 9.871
v -2.218 -3.454 9.912
v -0.738 -3.022 10.8
v -0.858 -3.033 10.769
v -2.25 -3.456 9.86
v -2.186 -3.47 9.917
v -2.14 -3.484 9.936
v -2.064 -3.503 9.977
v -0.615 -3.015 10.826
v -0.749 -2.945 10.772
v -0.872 -2.957 10.741
v -2.215 -3.477 9.862
v -2.083 -3.527 9.92
v -2.166 -3.498 9.878
v -0.623 -2.936 10.799
v -0.177 -3.012 10.878
v -0.34 -3.011 10.866
v -1.95 -3.528 10.05
v -1.808 -3.554 10.146
v -0.181 -2.93 10.851
v -0.345 -2.93 10.839
v -1.975 -3.562 9.985
v -1.83 -3.601 10.08
v -1.646 -3.579 10.248
v -1.665 -3.639 10.183
v -1.475 -3.603 10.346
v -1.492 -3.676 10.283
v -1.299 -3.621 10.428
v -1.312 -3.705 10.367
v -1.127 -3.637 10.501
v -1.14 -3.73 10.438
v -0.963 -3.652 10.563
v -0.974 -3.751 10.5
v -0.659 -3.678 10.656
v -0.809 -3.666 10.615
v -0.664 -3.785 10.592
v -0.816 -3.77 10.551
v -0.348 -3.697 10.714
v -0.507 -3.688 10.689
v -0.178 -3.702 10.73
v 0 -2.931 10.857
v 0 -3.013 10.884
v -0.979 -3.048 10.73
v -0.994 -2.973 10.703
v -0.179 -3.811 10.666
v -0.349 -3.805 10.649
v -0.51 -3.797 10.625
v 0 -3.704 10.738
v 0 -3.812 10.673
v -2.625 -3.446 10.242
v -2.643 -3.523 10.184
v -2.563 -3.849 10.171
v -2.629 -3.688 10.131
v -2.644 -3.605 10.146
v -2.603 -3.768 10.141
v -0.484 -3.012 10.848
v -0.49 -2.932 10.821
v -0.48 -3.087 10.881
v -0.476 -3.156 10.921
v -0.473 -3.22 10.974
v -0.476 -3.277 11.043
v -0.482 -3.314 11.132
v -0.492 -3.301 11.253
v -0.501 -3.243 11.379
v -0.512 -3.152 11.503
v -0.522 -3.033 11.613
v -0.528 -2.895 11.694
v -0.536 -2.747 11.749
v -0.546 -2.593 11.781
v 2.047 -3.405 10.514
v 2.106 -3.354 10.567
v 1.983 -3.307 10.707
v 1.921 -3.367 10.645
v 1.87 -3.414 10.578
v 1.999 -3.447 10.454
v 1.842 -3.256 10.848
v 1.695 -3.205 10.98
v 1.635 -3.282 10.905
v 1.781 -3.324 10.778
v 1.582 -3.345 10.826
v 1.728 -3.379 10.706
v 1.828 -3.443 10.51
v 1.963 -3.469 10.388
v 2.149 -3.436 10.4
v 2.208 -3.395 10.442
v 2.103 -3.471 10.351
v 2.172 -3.489 10.277
v 2.221 -3.46 10.315
v 2.28 -3.428 10.347
v 2.171 -3.289 10.61
v 2.049 -3.23 10.755
v 1.536 -3.382 10.748
v 1.683 -3.413 10.633
v 1.907 -3.168 10.904
v 1.755 -3.107 11.043
v 1.804 -3.437 10.447
v 1.949 -3.458 10.329
v 2.067 -3.485 10.294
v 2.137 -3.492 10.224
v 2.284 -3.501 10.215
v 2.349 -3.487 10.228
v 2.324 -3.457 10.277
v 2.262 -3.483 10.257
v 2.212 -3.501 10.223
v 2.236 -3.498 10.184
v 2.273 -3.344 10.478
v 2.348 -3.392 10.373
v 2.246 -3.206 10.635
v 2.121 -3.133 10.784
v 1.545 -3.157 11.1
v 1.49 -3.243 11.02
v 1.438 -3.311 10.936
v 1.506 -3.383 10.676
v 1.655 -3.409 10.565
v 1.975 -3.057 10.938
v 1.816 -2.987 11.083
v 1.799 -3.41 10.401
v 1.945 -3.433 10.287
v 2.054 -3.47 10.239
v 2.122 -3.47 10.176
v 2.178 -3.493 10.175
v 2.204 -3.493 10.145
v 2.244 -3.5 10.165
v 2.294 -3.511 10.187
v 2.36 -3.513 10.196
v 2.427 -3.474 10.233
v 2.398 -3.435 10.292
v 2.348 -3.279 10.499
v 2.429 -3.349 10.39
v 2.332 -3.103 10.634
v 2.198 -3.011 10.782
v 1.345 -3.208 11.124
v 1.394 -3.117 11.209
v 1.246 -3.083 11.305
v 1.204 -3.181 11.215
v 1.161 -3.259 11.119
v 1.297 -3.283 11.034
v 1.392 -3.353 10.852
v 1.6 -3.051 11.166
v 1.494 -3.356 10.618
v 1.647 -3.382 10.513
v 2.041 -2.922 10.935
v 1.874 -2.843 11.084
v 1.804 -3.377 10.361
v 1.95 -3.404 10.252
v 1.817 -3.339 10.327
v 1.965 -3.374 10.216
v 2.058 -3.444 10.198
v 2.125 -3.445 10.14
v 2.164 -3.469 10.133
v 2.187 -3.468 10.109
v 2.21 -3.492 10.133
v 2.244 -3.502 10.15
v 2.295 -3.516 10.165
v 2.359 -3.538 10.173
v 2.441 -3.515 10.193
v 2.518 -3.464 10.239
v 2.485 -3.41 10.306
v 2.441 -3.199 10.501
v 2.526 -3.292 10.394
v 1.121 -3.309 11.021
v 1.25 -3.328 10.943
v 1.44 -3.003 11.278
v 1.284 -2.963 11.377
v 1.358 -3.36 10.772
v 1.654 -2.925 11.211
v 1.495 -3.316 10.572
v 1.65 -3.346 10.47
v 1.661 -3.304 10.436
v 1.833 -3.298 10.296
v 1.981 -3.341 10.181
v 2.06 -3.419 10.167
v 2.064 -3.391 10.138
v 2.127 -3.397 10.086
v 2.125 -3.421 10.113
v 2.162 -3.444 10.103
v 2.185 -3.445 10.08
v 2.198 -3.465 10.095
v 2.209 -3.49 10.128
v 2.278 -3.534 10.186
v 2.23 -3.502 10.168
v 2.342 -3.571 10.19
v 2.439 -3.563 10.174
v 2.535 -3.52 10.188
v 1.066 -3.162 11.294
v 1.101 -3.058 11.388
v 0.959 -3.041 11.459
v 0.931 -3.151 11.361
v 0.902 -3.235 11.252
v 1.03 -3.243 11.19
v 1.086 -3.321 10.925
v 1.217 -3.337 10.855
v 1.485 -2.873 11.328
v 1.321 -2.827 11.429
v 1.343 -3.332 10.71
v 1.702 -2.777 11.221
v 1.504 -3.27 10.537
v 1.518 -3.218 10.507
v 1.676 -3.256 10.406
v 2.074 -3.362 10.108
v 2.134 -3.372 10.057
v 2.162 -3.423 10.077
v 2.185 -3.426 10.053
v 2.165 -3.402 10.05
v 2.191 -3.409 10.025
v 2.199 -3.449 10.067
v 2.192 -3.464 10.094
v 2.193 -3.488 10.14
v 2.253 -3.547 10.22
v 2.315 -3.6 10.223
v 2.206 -3.504 10.199
v 2.162 -3.514 10.246
v 2.097 -3.522 10.319
v 2.144 -3.588 10.344
v 2.21 -3.566 10.271
v 2.208 -3.669 10.35
v 2.271 -3.632 10.274
v 2.422 -3.613 10.181
v 2.535 -3.588 10.161
v 0.818 -3.032 11.52
v 0.674 -3.029 11.57
v 0.658 -3.146 11.466
v 0.797 -3.145 11.418
v 0.641 -3.235 11.346
v 0.774 -3.233 11.303
v 0.874 -3.292 11.142
v 0.996 -3.297 11.087
v 1.132 -2.932 11.463
v 0.983 -2.91 11.536
v 1.072 -3.295 10.852
v 1.2 -3.312 10.787
v 1.526 -2.721 11.342
v 1.354 -2.672 11.447
v 1.344 -3.29 10.661
v 2.174 -3.381 10.02
v 2.202 -3.392 9.993
v 2.205 -3.421 10.008
v 2.199 -3.434 10.039
v 2.186 -3.45 10.063
v 2.171 -3.461 10.108
v 2.168 -3.486 10.165
v 2.126 -3.485 10.207
v 2.058 -3.483 10.277
v 2.395 -3.657 10.21
v 2.293 -3.757 10.336
v 2.354 -3.704 10.26
v 2.519 -3.655 10.161
v 0.624 -3.294 11.224
v 0.753 -3.291 11.187
v 0.835 -2.897 11.599
v 0.686 -2.892 11.649
v 0.849 -3.309 11.034
v 0.966 -3.313 10.984
v 1.161 -2.79 11.514
v 1.005 -2.765 11.588
v 1.071 -3.247 10.797
v 1.201 -3.267 10.735
v 1.366 -3.185 10.59
v 1.353 -3.24 10.622
v 2.218 -3.409 9.974
v 2.199 -3.438 9.998
v 2.189 -3.442 10.032
v 2.163 -3.449 10.075
v 2.147 -3.458 10.13
v 2.108 -3.453 10.166
v 2.038 -3.449 10.234
v 2.493 -3.715 10.183
v 2.392 -3.854 10.294
v 2.453 -3.778 10.225
v 0.359 -3.042 11.646
v 0.185 -3.056 11.676
v 0.183 -3.177 11.557
v 0.355 -3.163 11.535
v 0.181 -3.265 11.419
v 0.347 -3.255 11.403
v 0.61 -3.312 11.107
v 0.731 -3.309 11.075
v 0.852 -2.75 11.65
v 0.697 -2.744 11.702
v 0.836 -3.277 10.952
v 0.951 -3.284 10.906
v 1.187 -2.634 11.537
v 1.029 -2.608 11.612
v 1.09 -3.135 10.715
v 1.223 -3.157 10.659
v 1.211 -3.215 10.693
v 1.078 -3.196 10.752
v 2.216 -3.434 9.961
v 2.165 -3.447 10.04
v 2.175 -3.448 10.002
v 2.138 -3.448 10.093
v 2.101 -3.444 10.122
v 2.024 -3.439 10.189
v 2.125 -3.707 10.452
v 2.056 -3.614 10.446
v 2.006 -3.533 10.419
v 1.896 -3.548 10.549
v 1.948 -3.643 10.58
v 2.018 -3.758 10.592
v 0.179 -3.318 11.284
v 0.342 -3.311 11.271
v 0.362 -2.903 11.731
v 0.186 -2.915 11.766
v 0.602 -3.275 11.019
v 0.722 -3.274 10.989
v 0.871 -2.594 11.677
v 0.713 -2.588 11.732
v 0.835 -3.227 10.889
v 0.951 -3.236 10.847
v 2.193 -3.451 9.959
v 2.137 -3.449 10.055
v 2.147 -3.454 10.013
v 2.109 -3.457 10.035
v 2.031 -3.461 10.087
v 2.024 -3.446 10.138
v 2.099 -3.448 10.081
v 1.968 -3.476 10.376
v 1.855 -3.481 10.504
v 1.771 -3.567 10.698
v 1.823 -3.676 10.736
v 1.891 -3.813 10.755
v 2.21 -3.821 10.443
v 2.102 -3.892 10.578
v 0.177 -3.322 11.168
v 0.34 -3.318 11.153
v 0.366 -2.758 11.788
v 0.187 -2.771 11.823
v 0.602 -3.219 10.951
v 0.72 -3.221 10.924
v 0.729 -3.094 10.833
v 0.847 -3.104 10.801
v 0.839 -3.168 10.84
v 0.723 -3.16 10.873
v 2.163 -3.461 9.968
v 2.122 -3.469 9.988
v 2.044 -3.481 10.034
v 1.94 -3.447 10.332
v 1.824 -3.444 10.452
v 1.73 -3.484 10.646
v 1.631 -3.581 10.854
v 1.684 -3.713 10.901
v 1.738 -3.869 10.924
v 1.965 -3.974 10.738
v 2.305 -3.945 10.395
v 2.188 -4.047 10.521
v 0.178 -3.283 11.072
v 0.334 -3.281 11.061
v 0.371 -2.604 11.817
v 0.188 -2.622 11.847
v 0.608 -3.089 10.858
v 0.603 -3.158 10.899
v 1.922 -3.425 10.282
v 1.799 -3.41 10.391
v 1.694 -3.432 10.582
v 1.589 -3.483 10.79
v 1.481 -3.595 11.002
v 1.528 -3.745 11.058
v 1.578 -3.927 11.081
v 1.801 -4.056 10.898
v 2.036 -4.154 10.667
v 2.403 -4.067 10.32
v 2.499 -3.949 10.229
v 2.276 -4.197 10.435
v 0.176 -3.224 11.004
v 0.332 -3.222 10.991
v 1.915 -3.45 10.229
v 1.921 -3.471 10.171
v 1.785 -3.479 10.274
v 1.786 -3.453 10.335
v 1.661 -3.402 10.506
v 1.552 -3.414 10.714
v 1.436 -3.478 10.928
v 1.322 -3.605 11.139
v 1.366 -3.773 11.202
v 1.404 -3.977 11.223
v 1.622 -4.134 11.05
v 1.854 -4.259 10.816
v 2.113 -4.331 10.565
v 0.176 -3.088 10.911
v 0.337 -3.087 10.899
v 0.333 -3.156 10.94
v 0.175 -3.159 10.952
v 1.93 -3.498 10.114
v 1.792 -3.514 10.211
v 1.629 -3.477 10.372
v 1.637 -3.438 10.437
v 1.509 -3.387 10.621
v 1.394 -3.403 10.836
v 1.277 -3.476 11.052
v 1.435 -4.205 11.179
v 1.66 -4.357 10.944
v 1.922 -4.461 10.687
v 1.633 -3.525 10.311
v 1.463 -3.474 10.468
v 1.478 -3.423 10.538
v 1.349 -3.372 10.731
v 1.232 -3.389 10.947
v 1.153 -3.613 11.259
v 1.194 -3.797 11.328
v 1.458 -4.443 11.05
v 1.717 -4.577 10.792
v 1.464 -3.535 10.406
v 1.292 -3.47 10.556
v 1.311 -3.411 10.631
v 1.184 -3.365 10.826
v 1.112 -3.474 11.16
v 1.016 -3.819 11.433
v 0.978 -3.622 11.357
v 0.796 -3.634 11.43
v 0.828 -3.836 11.512
v 0.429 -3.863 11.598
v 0.634 -3.85 11.567
v 0.609 -3.644 11.48
v 0.412 -3.654 11.509
v 1.227 -4.021 11.348
v 1.507 -4.678 10.873
v 1.29 -3.542 10.491
v 1.124 -3.471 10.634
v 1.145 -3.404 10.716
v 1.069 -3.38 11.04
v 0.942 -3.476 11.248
v 0.763 -3.481 11.314
v 0.583 -3.487 11.36
v 0.395 -3.496 11.387
v 0.212 -3.662 11.52
v 0.219 -3.87 11.609
v 1.038 -4.055 11.451
v 0.85 -4.081 11.529
v 0.441 -4.117 11.621
v 0.651 -4.1 11.586
v 1.238 -4.264 11.292
v 1.121 -3.551 10.566
v 0.98 -3.401 10.788
v 1.019 -3.357 10.906
v 0.902 -3.375 11.117
v 0.731 -3.376 11.175
v 0.558 -3.381 11.216
v 0.378 -3.387 11.241
v 0.204 -3.503 11.398
v 0.223 -4.127 11.638
v 1.034 -4.302 11.389
v 0.852 -4.332 11.449
v 0.442 -4.37 11.524
v 0.655 -4.353 11.497
v 1.25 -4.511 11.135
v 0.96 -3.56 10.629
v 0.963 -3.475 10.701
v 0.856 -3.356 10.969
v 0.694 -3.358 11.021
v 0.823 -3.403 10.845
v 0.67 -3.41 10.892
v 0.362 -3.376 11.081
v 0.531 -3.365 11.057
v 0.515 -3.418 10.928
v 0.352 -3.428 10.954
v 0.196 -3.395 11.254
v 0.225 -4.375 11.542
v 1.044 -4.556 11.199
v 0.845 -4.576 11.247
v 0.435 -4.575 11.298
v 0.644 -4.581 11.282
v 1.286 -4.757 10.933
v 0.809 -3.481 10.755
v 0.66 -3.489 10.799
v 0.806 -3.57 10.681
v 0.658 -3.579 10.723
v 0.35 -3.508 10.862
v 0.509 -3.499 10.834
v 0.507 -3.589 10.758
v 0.348 -3.597 10.784
v 0.182 -3.436 10.971
v 0.187 -3.385 11.096
v 0.222 -4.571 11.311
v 1.06 -4.809 10.978
v 0.847 -4.805 11.027
v 0.434 -4.771 11.08
v 0.641 -4.788 11.062
v 0.179 -3.604 10.801
v 0.18 -3.515 10.879
v 0.222 -4.761 11.091
v 0.966 -3.117 10.762
v 0.956 -3.18 10.8
v 2.587 -3.374 10.312
v 1.85 -3.251 10.267
v 1.994 -3.3 10.154
v 1.534 -3.16 10.479
v 1.693 -3.203 10.379
v 2.011 -3.254 10.123
v 1.869 -3.199 10.237
v 2.085 -3.327 10.078
v 2.145 -3.343 10.027
v 1.554 -3.096 10.452
v 1.713 -3.144 10.351
v 2.101 -3.287 10.048
v 2.163 -3.311 9.993
v 2.188 -3.358 9.987
v 2.219 -3.374 9.957
v 1.381 -3.123 10.562
v 2.242 -3.353 9.915
v 2.208 -3.33 9.949
v 2.239 -3.396 9.935
v 1.103 -3.068 10.685
v 1.238 -3.093 10.629
v 1.4 -3.056 10.536
v 2.266 -3.381 9.89
v 2.241 -3.429 9.918
v 1.12 -2.995 10.658
v 1.255 -3.023 10.603
v 2.271 -3.421 9.871
v 2.218 -3.454 9.912
v 0.738 -3.022 10.8
v 0.858 -3.033 10.769
v 2.25 -3.456 9.86
v 2.186 -3.47 9.917
v 2.14 -3.484 9.936
v 2.064 -3.503 9.977
v 0.615 -3.015 10.826
v 0.749 -2.945 10.772
v 0.872 -2.957 10.741
v 2.215 -3.477 9.862
v 2.083 -3.527 9.92
v 2.166 -3.498 9.878
v 0.623 -2.936 10.799
v 0.177 -3.012 10.878
v 0.34 -3.011 10.866
v 1.95 -3.528 10.05
v 1.808 -3.554 10.146
v 0.181 -2.93 10.851
v 0.345 -2.93 10.839
v 1.975 -3.562 9.985
v 1.83 -3.601 10.08
v 1.646 -3.579 10.248
v 1.665 -3.639 10.183
v 1.475 -3.603 10.346
v 1.492 -3.676 10.283
v 1.299 -3.621 10.428
v 1.312 -3.705 10.367
v 1.127 -3.637 10.501
v 1.14 -3.73 10.438
v 0.974 -3.751 10.5
v 0.963 -3.652 10.563
v 0.809 -3.666 10.615
v 0.659 -3.678 10.656
v 0.816 -3.77 10.551
v 0.664 -3.785 10.592
v 0.507 -3.688 10.689
v 0.348 -3.697 10.714
v 0.178 -3.702 10.73
v 0.994 -2.973 10.703
v 0.979 -3.048 10.73
v 0.349 -3.805 10.649
v 0.179 -3.811 10.666
v 0.51 -3.797 10.625
v 2.625 -3.446 10.242
v 2.643 -3.523 10.184
v 2.563 -3.849 10.171
v 2.644 -3.605 10.146
v 2.629 -3.688 10.131
v 2.603 -3.768 10.141
v 0.49 -2.932 10.821
v 0.484 -3.012 10.848
v 0.48 -3.087 10.881
v 0.476 -3.156 10.921
v 0.473 -3.22 10.974
v 0.476 -3.277 11.043
v 0.482 -3.314 11.132
v 0.492 -3.301 11.253
v 0.501 -3.243 11.379
v 0.512 -3.152 11.503
v 0.522 -3.033 11.613
v 0.528 -2.895 11.694
v 0.536 -2.747 11.749
v 0.546 -2.593 11.781
v 4.426 3.576 8.595
v 4.451 3.449 8.521
v 4.333 3.231 8.693
v 4.244 3.148 8.788
v 4.01 3.014 8.971
v 3.869 2.964 9.06
v 3.704 2.929 9.139
v 3.537 2.898 9.199
v 2.873 2.905 9.261
v 2.721 2.947 9.237
v 3.365 2.879 9.244
v 3.197 2.876 9.266
v 2.43 3.041 9.174
v 2.316 3.099 9.131
v 2.222 3.147 9.096
v 4.137 3.076 8.879
v 4.386 3.693 8.703
v 4.301 3.806 8.821
v 3.052 4.215 9.341
v 3.216 4.24 9.329
v 2.736 4.11 9.331
v 2.894 4.17 9.339
v 2.263 3.753 9.175
v 2.419 3.882 9.25
v 2.574 4.006 9.304
v 3.924 4.088 9.128
v 4.083 4.011 9.03
v 2.102 3.244 9.032
v 2.061 3.3 9.012
v 3.034 2.886 9.272
v 2.572 2.991 9.209
v 2.068 3.49 9.04
v 2.102 3.556 9.071
v 3.567 4.213 9.263
v 3.749 4.166 9.202
v 4.2 3.91 8.93
v 2.048 3.422 9.019
v 3.386 4.247 9.307
v 2.156 3.638 9.112
v 2.151 3.192 9.06
v 2.048 3.361 9.013
v 4.401 3.331 8.596
v -4.426 3.576 8.595
v -4.451 3.449 8.521
v -4.333 3.231 8.693
v -4.244 3.148 8.788
v -3.869 2.964 9.06
v -4.01 3.014 8.971
v -3.537 2.898 9.199
v -3.704 2.929 9.139
v -2.721 2.947 9.237
v -2.873 2.905 9.261
v -3.365 2.879 9.244
v -3.197 2.876 9.266
v -2.43 3.041 9.174
v -2.316 3.099 9.131
v -2.222 3.147 9.096
v -4.137 3.076 8.879
v -4.386 3.693 8.703
v -4.301 3.806 8.821
v -3.216 4.24 9.329
v -3.052 4.215 9.341
v -2.894 4.17 9.339
v -2.736 4.11 9.331
v -2.419 3.882 9.25
v -2.263 3.753 9.175
v -2.574 4.006 9.304
v -4.083 4.011 9.03
v -3.924 4.088 9.128
v -2.061 3.3 9.012
v -2.102 3.244 9.032
v -3.034 2.886 9.272
v -2.572 2.991 9.209
v -2.102 3.556 9.071
v -2.068 3.49 9.04
v -3.749 4.166 9.202
v -3.567 4.213 9.263
v -4.2 3.91 8.93
v -2.048 3.422 9.019
v -3.386 4.247 9.307
v -2.156 3.638 9.112
v -2.151 3.192 9.06
v -2.048 3.361 9.013
v -4.401 3.331 8.596
v -1.334 -3.794 10.304
v -1.158 -3.828 10.377
v -1.514 -3.753 10.217
v -1.858 -3.651 10.01
v -1.691 -3.703 10.115
v -0.18 -3.928 10.606
v -0.351 -3.924 10.59
v 0 -3.929 10.614
v -0.989 -3.857 10.438
v -0.829 -3.881 10.49
v -0.672 -3.9 10.532
v -2.003 -3.598 9.917
v -2.231 -3.3 9.903
v -2.183 -3.272 9.951
v -2.27 -3.329 9.865
v -0.761 -2.862 10.749
v -0.633 -2.853 10.776
v -0.886 -2.875 10.717
v -1.01 -2.894 10.679
v -1.274 -2.947 10.579
v -1.421 -2.984 10.511
v -1.138 -2.918 10.633
v -1.891 -3.141 10.204
v -2.031 -3.203 10.088
v -0.184 -2.844 10.829
v 0 -2.844 10.834
v -0.35 -2.843 10.818
v -2.121 -3.244 10.01
v -1.737 -3.081 10.321
v -1.576 -3.028 10.426
v -2.296 -3.364 9.837
v -2.304 -3.41 9.815
v -2.113 -3.55 9.854
v -2.286 -3.453 9.802
v -2.249 -3.483 9.801
v -2.194 -3.512 9.817
v -0.515 -3.914 10.565
v -0.497 -2.846 10.799
v 1.334 -3.794 10.304
v 1.158 -3.828 10.377
v 1.514 -3.753 10.217
v 1.858 -3.651 10.01
v 1.691 -3.703 10.115
v 0.351 -3.924 10.59
v 0.18 -3.928 10.606
v 0.989 -3.857 10.438
v 0.829 -3.881 10.49
v 0.672 -3.9 10.532
v 2.003 -3.598 9.917
v 2.183 -3.272 9.951
v 2.231 -3.3 9.903
v 2.27 -3.329 9.865
v 0.633 -2.853 10.776
v 0.761 -2.862 10.749
v 0.886 -2.875 10.717
v 1.01 -2.894 10.679
v 1.274 -2.947 10.579
v 1.421 -2.984 10.511
v 1.138 -2.918 10.633
v 1.891 -3.141 10.204
v 2.031 -3.203 10.088
v 0.184 -2.844 10.829
v 0.35 -2.843 10.818
v 2.121 -3.244 10.01
v 1.576 -3.028 10.426
v 1.737 -3.081 10.321
v 2.296 -3.364 9.837
v 2.304 -3.41 9.815
v 2.113 -3.55 9.854
v 2.286 -3.453 9.802
v 2.249 -3.483 9.801
v 2.194 -3.512 9.817
v 0.515 -3.914 10.565
v 0.497 -2.846 10.799
v 6.994 -0.861 2.356
v 6.977 -0.973 2.64
v 6.897 -1.368 2.621
v 6.934 -1.17 2.324
v 6.808 -1.771 2.572
v 6.874 -1.462 2.241
v 6.97 -1.031 2.075
v 7.018 -0.761 2.099
v 7.077 -0.495 2.096
v 7.056 -0.552 2.359
v 6.934 -1.294 2.021
v 7.03 -0.91 1.862
v 7.063 -0.671 1.869
v 7.113 -0.456 1.861
v 7.019 -1.162 1.834
v 7.094 -0.826 1.713
v 7.118 -0.627 1.717
v 7.169 -0.722 1.574
v 7.167 -0.575 1.583
v 7.17 -0.261 1.833
v 7.137 -0.23 2.066
v 7.151 -0.444 1.711
v 7.18 -0.424 1.574
v 7.094 -1.052 1.694
v 7.185 -0.909 1.556
v 7.193 -0.294 1.682
v 7.194 -0.31 1.557
v 7.208 -1.622 0.587
v 7.329 -1.449 0.29
v 7.619 -1.652 0.243
v 7.496 -1.83 0.54
v 7.381 0.127 1.496
v 7.411 0.172 1.414
v 7.451 0.271 1.474
v 7.406 0.246 1.578
v 7.732 -1.45 -0.039
v 7.449 -1.243 0.007
v 7.957 -1.638 0.352
v 7.811 -1.794 0.656
v 7.894 -1.583 0.76
v 7.695 -1.693 1.089
v 7.639 -1.897 0.988
v 7.56 -0.935 1.154
v 7.728 -0.817 0.936
v 7.705 -0.629 0.984
v 7.519 -0.768 1.192
v 7.856 2.959 1.103
v 8.01 3.127 0.907
v 7.867 3.21 0.919
v 7.785 3.111 1.17
v 7.529 0.848 1.24
v 7.488 0.829 1.126
v 7.453 1.008 1.095
v 7.504 0.971 1.201
v 7.544 0.617 1.295
v 7.508 0.408 1.353
v 7.472 0.359 1.266
v 7.497 0.587 1.185
v 7.303 0.05 1.393
v 7.304 0.109 1.335
v 7.165 0.007 1.348
v 7.147 0.078 1.308
v 7.575 -0.998 -0.294
v 7.866 -1.207 -0.347
v 8.087 -1.442 0.06
v 8.041 -1.456 0.445
v 7.786 -1.175 0.846
v 7.613 -1.267 1.116
v 7.669 -1.466 1.119
v 7.86 -1.377 0.82
v 7.585 -1.095 1.124
v 7.747 -0.995 0.888
v 7.468 -0.591 1.215
v 7.616 -0.445 0.998
v 7.442 -0.355 0.961
v 7.348 -0.458 1.196
v 8.118 3.296 0.706
v 8.226 3.439 0.462
v 8.049 3.399 0.469
v 7.954 3.323 0.704
v 7.356 0.81 1.033
v 7.307 1.024 0.969
v 7.367 0.309 1.2
v 7.383 0.553 1.104
v 7.168 0.277 1.214
v 7.166 0.539 1.12
v 8.202 -1.219 -0.226
v 7.717 -0.712 -0.587
v 7.857 -0.4 -0.834
v 8.131 -0.577 -0.911
v 8.001 -0.91 -0.663
v 8.147 -1.28 0.147
v 8.013 -1.252 0.514
v 7.928 -1.059 0.552
v 7.87 -0.692 0.667
v 7.848 -0.5 0.719
v 8.117 3.479 0.202
v 8.3 3.562 0.165
v 7.599 1.979 1.14
v 7.709 1.966 0.891
v 7.852 2.186 0.873
v 7.776 2.246 1.053
v 7.52 1.737 1.041
v 7.591 1.765 0.87
v 7.501 1.63 0.677
v 7.412 1.683 0.577
v 7.471 1.845 0.626
v 7.597 1.793 0.714
v 7.493 1.598 0.821
v 8.474 -0.624 -0.78
v 8.361 -0.93 -0.529
v 8.254 -1.063 -0.128
v 7.976 -0.07 -1.024
v 8.071 0.278 -1.197
v 8.359 0.117 -1.298
v 8.249 -0.238 -1.121
v 8.116 -1.105 0.21
v 8.025 -0.92 0.261
v 7.883 -0.874 0.603
v 7.719 -0.315 0.73
v 7.505 -0.269 0.698
v 7.949 -0.563 0.39
v 7.911 -0.381 0.451
v 8.106 2.702 0.902
v 8.266 2.901 0.787
v 8.15 3.032 0.885
v 7.977 2.833 1.029
v 7.984 2.398 0.833
v 7.939 2.481 0.993
v 7.702 1.977 0.737
v 7.553 2.031 0.672
v 7.62 2.258 0.686
v 7.821 2.186 0.734
v 6.936 0.249 1.274
v 6.972 0.53 1.178
v 8.503 -0.509 -0.627
v 8.382 -0.801 -0.415
v 8.703 0.036 -1.171
v 8.597 -0.307 -0.997
v 8.204 -0.904 -0.055
v 8.112 -0.749 -0.004
v 8.153 0.654 -1.313
v 8.216 1.039 -1.407
v 8.56 0.895 -1.574
v 8.466 0.498 -1.45
v 7.973 -0.739 0.317
v 7.76 -0.233 0.469
v 7.541 -0.199 0.438
v 8.025 -0.438 0.153
v 7.956 -0.283 0.215
v 8.449 3.412 0.477
v 8.592 3.576 0.166
v 8.442 3.082 0.617
v 8.621 3.241 0.395
v 8.305 3.226 0.71
v 8.127 2.609 0.767
v 8.28 2.812 0.668
v 7.709 2.479 0.669
v 7.95 2.385 0.714
v 7.31 1.716 0.516
v 7.357 1.885 0.581
v 8.705 0.101 -1.019
v 8.607 -0.216 -0.831
v 8.442 -0.405 -0.532
v 8.374 -0.288 -0.447
v 8.224 -0.533 -0.241
v 8.309 -0.668 -0.314
v 8.905 0.816 -1.44
v 8.8 0.425 -1.329
v 8.636 1.304 -1.665
v 8.272 1.427 -1.474
v 8.055 -0.588 0.074
v 7.785 -0.168 0.219
v 7.549 -0.15 0.174
v 8.101 0.009 -0.197
v 8.014 -0.16 0.002
v 8.131 -0.278 -0.055
v 8.265 -0.07 -0.225
v 7.86 0.048 -0.251
v 7.813 -0.088 -0.021
v 8.738 3.604 -0.255
v 8.395 3.57 -0.203
v 8.8 3.347 0.112
v 8.442 2.98 0.505
v 8.606 3.103 0.295
v 7.819 2.676 0.596
v 7.931 2.866 0.498
v 8.191 2.798 0.556
v 8.056 2.588 0.651
v 7.461 2.252 0.508
v 7.481 2.287 0.631
v 7.412 2.067 0.627
v 7.377 2.06 0.512
v 7.132 1.003 0.289
v 7.151 1.075 0.206
v 7.195 1.172 0.307
v 7.194 1.106 0.403
v 8.488 -0.034 -0.623
v 8.545 -0.119 -0.733
v 8.903 0.854 -1.285
v 8.801 0.454 -1.166
v 9.006 1.231 -1.496
v 8.798 2.106 -1.657
v 8.719 1.714 -1.691
v 8.319 1.815 -1.49
v 8.381 2.197 -1.453
v 8.181 -0.402 -0.143
v 8.337 -0.176 -0.328
v 7.608 0.082 -0.301
v 7.565 -0.069 -0.069
v 7.348 0.168 -0.317
v 7.307 -0.019 -0.114
v 8.364 0.151 -0.365
v 8.184 0.211 -0.344
v 8.452 2.927 -1.198
v 8.928 2.873 -1.392
v 8.866 2.494 -1.576
v 8.418 2.566 -1.358
v 8.846 3.491 -0.683
v 8.927 3.23 -1.083
v 8.457 3.235 -0.924
v 8.448 3.458 -0.574
v 8.973 3.356 -0.253
v 8.754 3.168 0.033
v 8.069 2.979 0.317
v 8.191 3.058 0.112
v 8.455 3.073 0.21
v 8.321 2.957 0.413
v 7.524 2.413 0.477
v 7.554 2.48 0.592
v 7.163 1.398 0.247
v 7.144 1.297 0.161
v 7.1 1.362 0.101
v 7.115 1.458 0.185
v 7.095 0.914 0.166
v 7.123 0.991 0.099
v 7.127 1.208 0.066
v 7.089 1.28 0.005
v 8.768 0.873 -1.197
v 8.657 0.899 -1.057
v 8.625 0.558 -0.934
v 8.715 0.504 -1.063
v 8.982 1.238 -1.347
v 9.147 1.978 -1.502
v 9.091 1.623 -1.539
v 8.459 0.055 -0.486
v 7.05 0.632 -0.109
v 7.099 0.596 -0.214
v 7.115 0.69 -0.189
v 7.091 0.731 -0.126
v 7.137 0.737 -0.223
v 7.123 0.798 -0.163
v 7.932 0.248 -0.401
v 7.668 0.292 -0.456
v 8.572 0.965 -0.637
v 8.412 0.98 -0.526
v 8.354 0.71 -0.497
v 8.526 0.674 -0.571
v 8.173 1.004 -0.5
v 8.081 0.742 -0.537
v 9.197 2.672 -1.266
v 9.187 2.332 -1.433
v 9.096 3.252 -0.641
v 9.171 3.033 -0.98
v 8.899 3.167 -0.272
v 8.309 3.08 -0.119
v 8.591 3.138 -0.036
v 7.695 2.651 0.245
v 7.751 2.8 0.368
v 7.652 2.657 0.495
v 7.605 2.552 0.38
v 7.539 2.331 0.388
v 7.488 2.194 0.421
v 7.117 1.133 -0.031
v 7.092 1.21 -0.091
v 7.111 1.382 -0.188
v 7.094 1.437 -0.095
v 7.079 1.36 -0.052
v 7.091 1.298 -0.147
v 8.664 1.227 -1.147
v 8.818 1.227 -1.275
v 9.116 1.944 -1.336
v 9.067 1.598 -1.373
v 8.64 0.937 -0.839
v 8.602 0.619 -0.744
v 7.409 0.379 -0.466
v 7.229 0.522 -0.375
v 7.121 0.365 -0.239
v 7.155 0.655 -0.288
v 7.182 0.929 -0.374
v 7.158 0.881 -0.279
v 7.175 0.763 -0.318
v 7.259 0.73 -0.46
v 7.363 0.933 -0.542
v 7.441 1.145 -0.557
v 7.293 1.211 -0.471
v 7.243 1.056 -0.441
v 7.887 1.035 -0.54
v 7.814 0.78 -0.594
v 7.646 1.078 -0.581
v 7.564 0.835 -0.613
v 8.428 1.222 -0.543
v 8.59 1.229 -0.683
v 9.152 2.571 -1.143
v 9.145 2.25 -1.272
v 9.051 3.077 -0.586
v 9.125 2.859 -0.914
v 8.419 3.023 -0.369
v 8.701 3.144 -0.32
v 7.903 2.698 0.013
v 8.022 2.888 0.038
v 7.884 2.874 0.197
v 7.79 2.7 0.129
v 7.599 2.412 0.297
v 7.659 2.477 0.198
v 7.608 2.12 0.249
v 7.642 2.284 0.204
v 7.596 2.276 0.275
v 7.559 2.133 0.306
v 7.526 1.981 0.255
v 7.481 2 0.311
v 7.391 1.886 0.286
v 7.432 1.869 0.234
v 7.137 1.504 -0.115
v 7.156 1.464 -0.201
v 8.677 1.861 -1.226
v 8.67 1.548 -1.218
v 8.885 1.572 -1.314
v 8.928 1.909 -1.302
v 8.644 1.231 -0.911
v 7.517 1.311 -0.487
v 7.359 1.354 -0.445
v 8.586 1.478 -0.688
v 8.571 1.712 -0.681
v 8.444 1.629 -0.466
v 8.44 1.448 -0.507
v 8.99 2.545 -1.124
v 8.669 2.485 -1.099
v 8.674 2.178 -1.197
v 8.982 2.224 -1.257
v 8.524 2.907 -0.622
v 8.601 2.74 -0.885
v 8.952 2.823 -0.91
v 8.835 3.037 -0.617
v 8.025 2.664 -0.108
v 8.153 2.857 -0.131
v 7.814 2.505 0.017
v 7.737 2.518 0.094
v 7.726 2.071 0.127
v 7.767 2.254 0.059
v 7.697 2.278 0.127
v 7.662 2.099 0.19
v 7.63 1.928 0.148
v 7.575 1.959 0.204
v 7.475 1.852 0.179
v 7.519 1.824 0.123
v 7.224 1.53 -0.187
v 7.302 1.596 -0.156
v 7.266 1.628 -0.09
v 7.195 1.565 -0.113
v 8.609 1.794 -0.967
v 8.633 1.521 -0.961
v 7.726 1.26 -0.471
v 7.587 1.429 -0.396
v 7.645 1.507 -0.299
v 7.502 1.523 -0.297
v 7.432 1.456 -0.377
v 8.049 1.516 -0.268
v 8.019 1.39 -0.345
v 8.229 1.422 -0.408
v 8.255 1.565 -0.333
v 8.152 2.578 -0.224
v 8.281 2.789 -0.304
v 7.914 2.472 -0.075
v 7.791 2.029 0.068
v 7.844 2.213 -0.005
v 7.412 1.761 0.065
v 7.377 1.778 0.129
v 7.688 1.889 0.09
v 7.568 1.795 0.061
v 7.788 1.398 -0.367
v 7.835 1.499 -0.277
v 8.535 1.944 -0.642
v 8.475 2.156 -0.567
v 8.342 2.001 -0.36
v 8.417 1.832 -0.429
v 8.586 2.07 -0.932
v 8.545 2.312 -0.824
v 8.476 2.523 -0.662
v 8.387 2.676 -0.482
v 8.271 2.477 -0.34
v 8.377 2.359 -0.456
v 8.023 2.374 -0.154
v 7.86 1.976 0.012
v 7.929 2.153 -0.06
v 7.497 1.7 -0.055
v 7.454 1.734 0.003
v 7.351 1.683 -0.051
v 7.39 1.655 -0.112
v 7.743 1.843 0.034
v 7.615 1.76 -0.002
v 7.681 1.576 -0.23
v 7.701 1.619 -0.15
v 7.602 1.615 -0.185
v 7.559 1.577 -0.232
v 8.236 1.713 -0.274
v 8.186 1.849 -0.216
v 8.029 1.736 -0.142
v 8.053 1.63 -0.204
v 8.134 2.28 -0.224
v 8.246 2.163 -0.293
v 8.107 1.971 -0.163
v 8.018 2.071 -0.113
v 7.925 1.911 -0.036
v 7.986 1.829 -0.085
v 7.832 1.727 -0.072
v 7.795 1.783 -0.015
v 7.658 1.709 -0.048
v 7.685 1.67 -0.104
v 7.856 1.58 -0.195
v 7.855 1.655 -0.128
v 7.534 1.669 -0.11
v 7.57 1.64 -0.157
v 7.222 1.339 0.31
v 7.186 1.235 0.224
v 7.328 1.291 0.709
v 7.414 1.441 0.772
v 7.388 1.404 0.919
v 7.317 1.257 0.864
v 7.268 1.215 0.498
v 7.221 1.165 0.63
v 7.131 1.058 0.532
v 7.058 0.94 0.385
v 7.025 0.849 0.248
v 7.158 1.141 0.129
v 7.139 1.061 0.03
v 7.346 1.336 0.569
v 7.42 1.477 0.631
v 7 0.479 -0.076
v 7.144 0.852 -0.21
v 7.154 0.785 -0.252
v 7.517 2.15 0.359
v 7.559 2.257 0.33
v 7.247 -0.322 0.931
v 7.199 -0.37 1.208
v 7.282 -0.276 0.657
v 7.303 -0.223 0.39
v 7.292 -0.146 0.12
v 7.958 1.23 -0.438
v 7.043 -0.62 2.642
v 7.442 1.564 0.98
v 6.956 0.774 1.075
v 6.913 0.921 0.938
v 7.101 0.961 0.934
v 7.137 0.785 1.037
v 7.402 2.042 0.43
v 7.438 2.018 0.363
v 7.32 1.905 0.408
v 7.352 1.897 0.341
v 7.297 1.794 0.239
v 7.337 1.787 0.183
v 7.306 1.904 0.491
v 7.23 1.789 0.365
v 7.26 1.797 0.297
v 7.237 1.758 0.448
v 6.82 0.707 0.448
v 6.924 0.775 0.34
v 6.953 0.879 0.497
v 6.84 0.831 0.59
v 7.047 0.11 -0.089
v 6.917 0.286 0.028
v 7.054 -0.291 0.906
v 7.05 -0.285 1.131
v 6.886 -0.197 0.908
v 6.918 -0.2 1.116
v 7.053 -0.252 0.644
v 6.864 -0.137 0.659
v 7.038 -0.194 0.368
v 6.835 -0.039 0.414
v 7.024 -0.076 0.114
v 6.847 0.107 0.193
v 6.756 -0.017 1.139
v 6.824 -0.104 1.124
v 6.773 -0.083 0.931
v 6.704 0.026 0.956
v 6.743 0.005 0.7
v 6.673 0.159 0.755
v 6.73 0.133 0.481
v 6.682 0.298 0.57
v 6.833 0.437 0.162
v 6.811 0.58 0.302
v 6.73 0.457 0.431
v 6.759 0.287 0.304
v 6.932 0.577 0.056
v 6.913 0.676 0.2
v 7.016 0.694 0.006
v 7.013 0.769 0.126
v 7.079 0.784 -0.037
v 7.081 0.846 0.06
v 7.113 0.86 -0.087
v 7.114 0.923 0
v 7.131 0.993 -0.06
v 7.133 0.925 -0.143
v 7.133 0.984 -0.208
v 7.117 1.062 -0.123
v 7.137 1.052 -0.284
v 7.102 1.141 -0.189
v 7.199 1.277 -0.377
v 7.141 1.332 -0.282
v 7.115 1.233 -0.246
v 7.159 1.156 -0.346
v 7.254 1.392 -0.373
v 7.187 1.433 -0.293
v 7.262 1.508 -0.264
v 7.328 1.482 -0.329
v 7.406 1.547 -0.27
v 7.343 1.576 -0.221
v 7.435 1.626 -0.166
v 7.485 1.602 -0.212
v 7.057 -0.245 1.282
v 7.147 -0.312 1.336
v 6.973 -0.169 1.261
v 6.632 0.514 1.239
v 6.616 0.293 1.263
v 6.523 0.333 1.246
v 6.514 0.508 1.208
v 6.518 0.699 1.1
v 6.638 0.74 1.129
v 6.55 0.822 0.98
v 6.67 0.868 0.984
v 6.56 0.876 0.891
v 6.667 0.903 0.848
v 6.525 0.734 0.905
v 6.554 0.805 0.844
v 6.65 0.789 0.777
v 6.607 0.672 0.843
v 6.481 0.592 0.997
v 6.562 0.529 0.922
v 6.576 0.37 1.05
v 6.492 0.421 1.105
v 6.495 0.3 1.202
v 6.572 0.253 1.193
v 7.435 0.245 1.335
v 7.475 0.308 1.385
v 7.333 0.201 1.273
v 7.152 0.17 1.272
v 6.956 0.138 1.302
v 7.397 1.343 1.074
v 7.369 1.2 1.008
v 7.429 1.25 1.227
v 7.451 1.133 1.143
v 7.466 1.097 1.357
v 7.498 1.022 1.264
v 7.12 -0.182 1.374
v 7.159 -0.254 1.421
v 7.069 -0.11 1.343
v 6.985 0.039 1.324
v 7.031 -0.036 1.32
v 6.902 -0.086 1.262
v 6.85 -0.008 1.271
v 6.77 0.521 1.238
v 6.725 0.228 1.284
v 6.79 0.766 1.112
v 6.793 0.898 0.962
v 6.781 0.921 0.808
v 6.758 0.775 0.697
v 6.681 0.601 0.764
v 6.631 0.436 0.872
v 6.616 0.299 1.022
v 6.668 0.188 1.195
v 6.894 0.954 0.763
v 6.735 0.611 0.561
v 6.674 0.451 0.663
v 6.639 0.298 0.816
v 6.649 0.167 0.987
v 6.713 0.089 1.169
v 7.474 0.906 1.466
v 7.517 0.869 1.348
v 7.488 0.669 1.523
v 7.535 0.644 1.406
v 7.455 0.434 1.562
v 7.499 0.429 1.443
v 7.37 1.246 1.621
v 7.329 1.311 1.804
v 7.318 1.027 1.936
v 7.363 0.991 1.755
v 7.218 0.06 2.007
v 7.288 0.149 1.833
v 7.32 0.43 1.867
v 7.268 0.41 2.05
v 7.027 1.024 0.71
v 7.179 1.125 0.792
v 6.779 0.108 1.283
v 6.816 -1.685 2.103
v 6.934 -1.534 1.935
v 6.731 -2.028 2.369
v 6.667 -2.163 2.131
v 6.76 -1.855 1.96
v 6.604 -2.241 1.925
v 6.718 -1.975 1.812
v 6.545 -2.259 1.723
v 6.668 -2.06 1.678
v 6.941 -1.734 1.827
v 6.904 -1.88 1.708
v 6.826 -2 1.575
v 7.123 -1.877 1.565
v 7.165 -1.67 1.679
v 7.01 -2.004 1.423
v 7.372 -1.933 1.314
v 7.449 -1.731 1.412
v 7.195 -2.012 1.196
v 7.367 -1.964 0.851
v 6.5 -2.222 1.553
v 6.622 -2.091 1.569
v 6.697 -2.033 1.477
v 6.816 -1.962 1.334
v 6.951 -1.892 1.129
v 7.077 -1.77 0.869
v 6.53 -2.029 1.416
v 6.618 -1.903 1.273
v 6.72 -1.769 1.098
v 7.184 -0.377 1.446
v 7.219 -0.474 1.41
v 7.182 -0.313 1.471
v 7.225 -0.099 1.779
v 7.288 0.012 1.683
v 7.233 -0.174 1.63
v 7.268 -0.075 1.55
v 7.207 -0.218 1.507
v 7.204 -0.138 1.446
v 7.412 1.18 1.488
v 7.409 0.951 1.603
v 7.351 0.206 1.696
v 7.381 0.434 1.716
v 7.342 0.083 1.586
v 7.294 -0.008 1.468
v 7.193 -0.069 1.383
v 7.261 -0.588 1.407
v 7.314 -0.74 1.398
v 7.058 -1.419 1.781
v 7.151 -1.266 1.663
v 7.227 -1.097 1.528
v 7.354 -0.92 1.368
v 7.266 -1.445 1.591
v 7.321 -1.246 1.457
v 7.408 -1.071 1.326
v 7.473 -1.166 1.271
v 7.44 -1.315 1.341
v 7.461 -1.515 1.393
v 7.346 0.714 1.828
v 7.41 0.696 1.67
v 7.298 0.725 2.018
v 7.258 0.74 2.246
v 7.225 0.41 2.29
v 7.278 1.062 2.166
v 7.298 1.377 2.039
v 7.176 0.075 2.306
v 7.115 -0.243 2.339
v 7.102 -0.278 2.625
v 7.158 0.062 2.598
v 7.206 0.406 2.568
v 7.243 0.751 2.52
v 7.27 1.094 2.447
v 7.296 1.433 2.34
v 8.215 1.215 -0.449
v 8.642 0.162 -0.908
v 8.578 0.236 -0.783
v 8.552 0.315 -0.619
v 8.456 0.393 -0.488
v 8.277 0.445 -0.46
v 8.003 0.473 -0.509
v 7.736 0.527 -0.554
v 7.486 0.605 -0.55
v 7.242 1.28 0.396
v 7.304 1.393 0.467
v 7.358 1.528 0.528
v 7.253 1.446 0.382
v 7.282 1.572 0.449
v 7.182 1.503 0.324
v 7.203 1.62 0.391
v 7.139 1.558 0.257
v 7.175 1.666 0.315
v 7.082 1.434 0.04
v 7.317 1.701 0.016
v 7.238 1.647 -0.023
v 7.186 1.589 -0.041
v 7.138 1.545 -0.036
v 7.101 1.495 -0.008
v 7.129 1.607 0.189
v 7.186 1.699 0.246
v 7.101 1.517 0.12
v 7.837 2.618 1.147
v 7.742 2.784 1.283
v 7.669 2.967 1.404
v 7.129 1.556 0.069
v 7.162 1.633 0.131
v 7.214 1.718 0.184
v 7.188 1.654 0.08
v 7.249 1.724 0.129
v 7.156 1.592 0.031
v 7.218 1.661 0.034
v 7.285 1.72 0.075
v 7.181 1.613 0.006
v 7.399 1.349 1.331
v 7.405 1.484 1.149
v 7.387 1.46 1.462
v 7.419 1.632 1.25
v 7.357 1.575 1.622
v 7.44 1.79 1.393
v 7.53 2.166 1.434
v 7.4 1.941 1.666
v 7.666 2.399 1.261
v 7.599 2.577 1.478
v 7.488 2.361 1.726
v 7.383 2.101 2.002
v 7.33 1.768 2.2
v 7.333 1.667 1.876
v 6.668 -2.343 2.545
v 6.591 -2.479 2.271
v 6.522 -2.535 2.001
v 6.445 -2.553 1.734
v 6.381 -2.481 1.467
v 6.382 -2.234 1.265
v 6.404 -1.971 1.121
v 6.468 -1.722 0.986
v 7.556 2.802 1.675
v 7.461 2.597 2
v -6.977 -0.973 2.64
v -6.897 -1.368 2.621
v -6.808 -1.771 2.572
v -6.97 -1.031 2.075
v -6.934 -1.17 2.324
v -6.994 -0.861 2.356
v -7.018 -0.761 2.099
v -7.056 -0.552 2.359
v -7.077 -0.495 2.096
v -6.874 -1.462 2.241
v -6.934 -1.294 2.021
v -7.03 -0.91 1.862
v -7.063 -0.671 1.869
v -7.113 -0.456 1.861
v -7.019 -1.162 1.834
v -7.118 -0.627 1.717
v -7.094 -0.826 1.713
v -7.167 -0.575 1.583
v -7.169 -0.722 1.574
v -7.137 -0.23 2.066
v -7.17 -0.261 1.833
v -7.151 -0.444 1.711
v -7.18 -0.424 1.574
v -7.094 -1.052 1.694
v -7.185 -0.909 1.556
v -7.193 -0.294 1.682
v -7.194 -0.31 1.557
v -7.208 -1.622 0.587
v -7.496 -1.83 0.54
v -7.619 -1.652 0.243
v -7.329 -1.449 0.29
v -7.381 0.127 1.496
v -7.406 0.246 1.578
v -7.451 0.271 1.474
v -7.411 0.172 1.414
v -7.732 -1.45 -0.039
v -7.449 -1.243 0.007
v -7.811 -1.794 0.656
v -7.957 -1.638 0.352
v -7.894 -1.583 0.76
v -7.639 -1.897 0.988
v -7.695 -1.693 1.089
v -7.56 -0.935 1.154
v -7.519 -0.768 1.192
v -7.705 -0.629 0.984
v -7.728 -0.817 0.936
v -7.529 0.848 1.24
v -7.504 0.971 1.201
v -7.453 1.008 1.095
v -7.488 0.829 1.126
v -7.544 0.617 1.295
v -7.497 0.587 1.185
v -7.472 0.359 1.266
v -7.508 0.408 1.353
v -7.303 0.05 1.393
v -7.304 0.109 1.335
v -7.165 0.007 1.348
v -7.147 0.078 1.308
v -7.866 -1.207 -0.347
v -7.575 -0.998 -0.294
v -8.087 -1.442 0.06
v -8.041 -1.456 0.445
v -7.786 -1.175 0.846
v -7.86 -1.377 0.82
v -7.669 -1.466 1.119
v -7.613 -1.267 1.116
v -7.585 -1.095 1.124
v -7.747 -0.995 0.888
v -7.468 -0.591 1.215
v -7.348 -0.458 1.196
v -7.442 -0.355 0.961
v -7.616 -0.445 0.998
v -7.307 1.024 0.969
v -7.356 0.81 1.033
v -7.383 0.553 1.104
v -7.367 0.309 1.2
v -7.168 0.277 1.214
v -7.166 0.539 1.12
v -8.202 -1.219 -0.226
v -7.717 -0.712 -0.587
v -8.001 -0.91 -0.663
v -8.131 -0.577 -0.911
v -7.857 -0.4 -0.834
v -8.147 -1.28 0.147
v -8.013 -1.252 0.514
v -7.928 -1.059 0.552
v -7.848 -0.5 0.719
v -7.87 -0.692 0.667
v -7.599 1.979 1.14
v -7.776 2.246 1.053
v -7.852 2.186 0.873
v -7.709 1.966 0.891
v -7.52 1.737 1.041
v -7.591 1.765 0.87
v -7.501 1.63 0.677
v -7.597 1.793 0.714
v -7.471 1.845 0.626
v -7.412 1.683 0.577
v -7.493 1.598 0.821
v -8.361 -0.93 -0.529
v -8.474 -0.624 -0.78
v -8.254 -1.063 -0.128
v -7.976 -0.07 -1.024
v -8.249 -0.238 -1.121
v -8.359 0.117 -1.298
v -8.071 0.278 -1.197
v -8.116 -1.105 0.21
v -8.025 -0.92 0.261
v -7.883 -0.874 0.603
v -7.505 -0.269 0.698
v -7.719 -0.315 0.73
v -7.949 -0.563 0.39
v -7.911 -0.381 0.451
v -8.106 2.702 0.902
v -7.977 2.833 1.029
v -8.15 3.032 0.885
v -8.266 2.901 0.787
v -7.939 2.481 0.993
v -7.984 2.398 0.833
v -7.702 1.977 0.737
v -7.821 2.186 0.734
v -7.62 2.258 0.686
v -7.553 2.031 0.672
v -6.972 0.53 1.178
v -6.936 0.249 1.274
v -8.382 -0.801 -0.415
v -8.503 -0.509 -0.627
v -8.597 -0.307 -0.997
v -8.703 0.036 -1.171
v -8.204 -0.904 -0.055
v -8.112 -0.749 -0.004
v -8.153 0.654 -1.313
v -8.466 0.498 -1.45
v -8.56 0.895 -1.574
v -8.216 1.039 -1.407
v -7.973 -0.739 0.317
v -7.76 -0.233 0.469
v -7.541 -0.199 0.438
v -8.025 -0.438 0.153
v -7.956 -0.283 0.215
v -8.226 3.439 0.462
v -8.3 3.562 0.165
v -8.592 3.576 0.166
v -8.449 3.412 0.477
v -8.442 3.082 0.617
v -8.305 3.226 0.71
v -8.621 3.241 0.395
v -8.127 2.609 0.767
v -8.28 2.812 0.668
v -7.95 2.385 0.714
v -7.709 2.479 0.669
v -7.357 1.885 0.581
v -7.31 1.716 0.516
v -8.607 -0.216 -0.831
v -8.705 0.101 -1.019
v -8.442 -0.405 -0.532
v -8.309 -0.668 -0.314
v -8.224 -0.533 -0.241
v -8.374 -0.288 -0.447
v -8.8 0.425 -1.329
v -8.905 0.816 -1.44
v -8.636 1.304 -1.665
v -8.272 1.427 -1.474
v -8.055 -0.588 0.074
v -7.785 -0.168 0.219
v -7.549 -0.15 0.174
v -8.101 0.009 -0.197
v -8.265 -0.07 -0.225
v -8.131 -0.278 -0.055
v -8.014 -0.16 0.002
v -7.813 -0.088 -0.021
v -7.86 0.048 -0.251
v -8.395 3.57 -0.203
v -8.738 3.604 -0.255
v -8.8 3.347 0.112
v -8.442 2.98 0.505
v -8.606 3.103 0.295
v -7.819 2.676 0.596
v -8.056 2.588 0.651
v -8.191 2.798 0.556
v -7.931 2.866 0.498
v -7.461 2.252 0.508
v -7.377 2.06 0.512
v -7.412 2.067 0.627
v -7.481 2.287 0.631
v -7.132 1.003 0.289
v -7.194 1.106 0.403
v -7.195 1.172 0.307
v -7.151 1.075 0.206
v -8.488 -0.034 -0.623
v -8.545 -0.119 -0.733
v -8.801 0.454 -1.166
v -8.903 0.854 -1.285
v -9.006 1.231 -1.496
v -8.798 2.106 -1.657
v -8.381 2.197 -1.453
v -8.319 1.815 -1.49
v -8.719 1.714 -1.691
v -8.337 -0.176 -0.328
v -8.181 -0.402 -0.143
v -7.565 -0.069 -0.069
v -7.608 0.082 -0.301
v -7.307 -0.019 -0.114
v -7.348 0.168 -0.317
v -8.184 0.211 -0.344
v -8.364 0.151 -0.365
v -8.452 2.927 -1.198
v -8.418 2.566 -1.358
v -8.866 2.494 -1.576
v -8.928 2.873 -1.392
v -8.846 3.491 -0.683
v -8.448 3.458 -0.574
v -8.457 3.235 -0.924
v -8.927 3.23 -1.083
v -8.973 3.356 -0.253
v -8.754 3.168 0.033
v -8.069 2.979 0.317
v -8.321 2.957 0.413
v -8.455 3.073 0.21
v -8.191 3.058 0.112
v -7.524 2.413 0.477
v -7.554 2.48 0.592
v -7.163 1.398 0.247
v -7.115 1.458 0.185
v -7.1 1.362 0.101
v -7.144 1.297 0.161
v -7.095 0.914 0.166
v -7.123 0.991 0.099
v -7.089 1.28 0.005
v -7.127 1.208 0.066
v -8.768 0.873 -1.197
v -8.715 0.504 -1.063
v -8.625 0.558 -0.934
v -8.657 0.899 -1.057
v -8.982 1.238 -1.347
v -9.147 1.978 -1.502
v -9.091 1.623 -1.539
v -8.459 0.055 -0.486
v -7.05 0.632 -0.109
v -7.091 0.731 -0.126
v -7.115 0.69 -0.189
v -7.099 0.596 -0.214
v -7.123 0.798 -0.163
v -7.137 0.737 -0.223
v -7.668 0.292 -0.456
v -7.932 0.248 -0.401
v -8.572 0.965 -0.637
v -8.526 0.674 -0.571
v -8.354 0.71 -0.497
v -8.412 0.98 -0.526
v -8.081 0.742 -0.537
v -8.173 1.004 -0.5
v -9.187 2.332 -1.433
v -9.197 2.672 -1.266
v -9.171 3.033 -0.98
v -9.096 3.252 -0.641
v -8.899 3.167 -0.272
v -8.591 3.138 -0.036
v -8.309 3.08 -0.119
v -7.695 2.651 0.245
v -7.605 2.552 0.38
v -7.652 2.657 0.495
v -7.751 2.8 0.368
v -7.539 2.331 0.388
v -7.488 2.194 0.421
v -7.092 1.21 -0.091
v -7.117 1.133 -0.031
v -7.111 1.382 -0.188
v -7.091 1.298 -0.147
v -7.079 1.36 -0.052
v -7.094 1.437 -0.095
v -8.664 1.227 -1.147
v -8.818 1.227 -1.275
v -9.116 1.944 -1.336
v -9.067 1.598 -1.373
v -8.602 0.619 -0.744
v -8.64 0.937 -0.839
v -7.121 0.365 -0.239
v -7.229 0.522 -0.375
v -7.409 0.379 -0.466
v -7.155 0.655 -0.288
v -7.182 0.929 -0.374
v -7.259 0.73 -0.46
v -7.175 0.763 -0.318
v -7.158 0.881 -0.279
v -7.363 0.933 -0.542
v -7.243 1.056 -0.441
v -7.293 1.211 -0.471
v -7.441 1.145 -0.557
v -7.814 0.78 -0.594
v -7.887 1.035 -0.54
v -7.564 0.835 -0.613
v -7.646 1.078 -0.581
v -8.428 1.222 -0.543
v -8.59 1.229 -0.683
v -9.145 2.25 -1.272
v -9.152 2.571 -1.143
v -9.051 3.077 -0.586
v -9.125 2.859 -0.914
v -8.701 3.144 -0.32
v -8.419 3.023 -0.369
v -7.903 2.698 0.013
v -7.79 2.7 0.129
v -7.884 2.874 0.197
v -8.022 2.888 0.038
v -7.599 2.412 0.297
v -7.659 2.477 0.198
v -7.608 2.12 0.249
v -7.559 2.133 0.306
v -7.596 2.276 0.275
v -7.642 2.284 0.204
v -7.526 1.981 0.255
v -7.432 1.869 0.234
v -7.391 1.886 0.286
v -7.481 2 0.311
v -7.137 1.504 -0.115
v -7.156 1.464 -0.201
v -8.677 1.861 -1.226
v -8.928 1.909 -1.302
v -8.885 1.572 -1.314
v -8.67 1.548 -1.218
v -8.644 1.231 -0.911
v -7.359 1.354 -0.445
v -7.517 1.311 -0.487
v -8.586 1.478 -0.688
v -8.44 1.448 -0.507
v -8.444 1.629 -0.466
v -8.571 1.712 -0.681
v -8.99 2.545 -1.124
v -8.982 2.224 -1.257
v -8.674 2.178 -1.197
v -8.669 2.485 -1.099
v -8.524 2.907 -0.622
v -8.835 3.037 -0.617
v -8.952 2.823 -0.91
v -8.601 2.74 -0.885
v -8.025 2.664 -0.108
v -8.153 2.857 -0.131
v -7.814 2.505 0.017
v -7.737 2.518 0.094
v -7.726 2.071 0.127
v -7.662 2.099 0.19
v -7.697 2.278 0.127
v -7.767 2.254 0.059
v -7.63 1.928 0.148
v -7.519 1.824 0.123
v -7.475 1.852 0.179
v -7.575 1.959 0.204
v -7.224 1.53 -0.187
v -7.195 1.565 -0.113
v -7.266 1.628 -0.09
v -7.302 1.596 -0.156
v -8.609 1.794 -0.967
v -8.633 1.521 -0.961
v -7.726 1.26 -0.471
v -7.587 1.429 -0.396
v -7.432 1.456 -0.377
v -7.502 1.523 -0.297
v -7.645 1.507 -0.299
v -8.049 1.516 -0.268
v -8.255 1.565 -0.333
v -8.229 1.422 -0.408
v -8.019 1.39 -0.345
v -8.152 2.578 -0.224
v -8.281 2.789 -0.304
v -7.914 2.472 -0.075
v -7.791 2.029 0.068
v -7.844 2.213 -0.005
v -7.412 1.761 0.065
v -7.377 1.778 0.129
v -7.688 1.889 0.09
v -7.568 1.795 0.061
v -7.788 1.398 -0.367
v -7.835 1.499 -0.277
v -8.535 1.944 -0.642
v -8.417 1.832 -0.429
v -8.342 2.001 -0.36
v -8.475 2.156 -0.567
v -8.545 2.312 -0.824
v -8.586 2.07 -0.932
v -8.476 2.523 -0.662
v -8.377 2.359 -0.456
v -8.271 2.477 -0.34
v -8.387 2.676 -0.482
v -8.023 2.374 -0.154
v -7.86 1.976 0.012
v -7.929 2.153 -0.06
v -7.497 1.7 -0.055
v -7.39 1.655 -0.112
v -7.351 1.683 -0.051
v -7.454 1.734 0.003
v -7.743 1.843 0.034
v -7.615 1.76 -0.002
v -7.681 1.576 -0.23
v -7.559 1.577 -0.232
v -7.602 1.615 -0.185
v -7.701 1.619 -0.15
v -8.236 1.713 -0.274
v -8.053 1.63 -0.204
v -8.029 1.736 -0.142
v -8.186 1.849 -0.216
v -8.246 2.163 -0.293
v -8.134 2.28 -0.224
v -8.107 1.971 -0.163
v -7.986 1.829 -0.085
v -7.925 1.911 -0.036
v -8.018 2.071 -0.113
v -7.832 1.727 -0.072
v -7.685 1.67 -0.104
v -7.658 1.709 -0.048
v -7.795 1.783 -0.015
v -7.856 1.58 -0.195
v -7.855 1.655 -0.128
v -7.534 1.669 -0.11
v -7.57 1.64 -0.157
v -7.222 1.339 0.31
v -7.186 1.235 0.224
v -7.328 1.291 0.709
v -7.317 1.257 0.864
v -7.388 1.404 0.919
v -7.414 1.441 0.772
v -7.268 1.215 0.498
v -7.131 1.058 0.532
v -7.221 1.165 0.63
v -7.058 0.94 0.385
v -7.025 0.849 0.248
v -7.158 1.141 0.129
v -7.139 1.061 0.03
v -7.42 1.477 0.631
v -7.346 1.336 0.569
v -7 0.479 -0.076
v -7.144 0.852 -0.21
v -7.154 0.785 -0.252
v -7.559 2.257 0.33
v -7.517 2.15 0.359
v -7.199 -0.37 1.208
v -7.247 -0.322 0.931
v -7.282 -0.276 0.657
v -7.303 -0.223 0.39
v -7.292 -0.146 0.12
v -7.958 1.23 -0.438
v -7.043 -0.62 2.642
v -7.442 1.564 0.98
v -6.956 0.774 1.075
v -7.137 0.785 1.037
v -7.101 0.961 0.934
v -6.913 0.921 0.938
v -7.402 2.042 0.43
v -7.438 2.018 0.363
v -7.352 1.897 0.341
v -7.32 1.905 0.408
v -7.297 1.794 0.239
v -7.337 1.787 0.183
v -7.306 1.904 0.491
v -7.26 1.797 0.297
v -7.23 1.789 0.365
v -7.237 1.758 0.448
v -6.82 0.707 0.448
v -6.84 0.831 0.59
v -6.953 0.879 0.497
v -6.924 0.775 0.34
v -7.047 0.11 -0.089
v -6.917 0.286 0.028
v -7.05 -0.285 1.131
v -7.054 -0.291 0.906
v -6.886 -0.197 0.908
v -6.918 -0.2 1.116
v -6.864 -0.137 0.659
v -7.053 -0.252 0.644
v -6.835 -0.039 0.414
v -7.038 -0.194 0.368
v -7.024 -0.076 0.114
v -6.847 0.107 0.193
v -6.756 -0.017 1.139
v -6.704 0.026 0.956
v -6.773 -0.083 0.931
v -6.824 -0.104 1.124
v -6.743 0.005 0.7
v -6.673 0.159 0.755
v -6.682 0.298 0.57
v -6.73 0.133 0.481
v -6.833 0.437 0.162
v -6.759 0.287 0.304
v -6.73 0.457 0.431
v -6.811 0.58 0.302
v -6.932 0.577 0.056
v -6.913 0.676 0.2
v -7.016 0.694 0.006
v -7.013 0.769 0.126
v -7.081 0.846 0.06
v -7.079 0.784 -0.037
v -7.114 0.923 0
v -7.113 0.86 -0.087
v -7.131 0.993 -0.06
v -7.117 1.062 -0.123
v -7.133 0.984 -0.208
v -7.133 0.925 -0.143
v -7.102 1.141 -0.189
v -7.137 1.052 -0.284
v -7.199 1.277 -0.377
v -7.159 1.156 -0.346
v -7.115 1.233 -0.246
v -7.141 1.332 -0.282
v -7.187 1.433 -0.293
v -7.254 1.392 -0.373
v -7.262 1.508 -0.264
v -7.343 1.576 -0.221
v -7.406 1.547 -0.27
v -7.328 1.482 -0.329
v -7.485 1.602 -0.212
v -7.435 1.626 -0.166
v -7.147 -0.312 1.336
v -7.057 -0.245 1.282
v -6.973 -0.169 1.261
v -6.632 0.514 1.239
v -6.514 0.508 1.208
v -6.523 0.333 1.246
v -6.616 0.293 1.263
v -6.638 0.74 1.129
v -6.518 0.699 1.1
v -6.67 0.868 0.984
v -6.55 0.822 0.98
v -6.667 0.903 0.848
v -6.56 0.876 0.891
v -6.554 0.805 0.844
v -6.525 0.734 0.905
v -6.65 0.789 0.777
v -6.607 0.672 0.843
v -6.562 0.529 0.922
v -6.481 0.592 0.997
v -6.576 0.37 1.05
v -6.492 0.421 1.105
v -6.572 0.253 1.193
v -6.495 0.3 1.202
v -7.435 0.245 1.335
v -7.475 0.308 1.385
v -7.333 0.201 1.273
v -7.152 0.17 1.272
v -6.956 0.138 1.302
v -7.397 1.343 1.074
v -7.369 1.2 1.008
v -7.451 1.133 1.143
v -7.429 1.25 1.227
v -7.498 1.022 1.264
v -7.466 1.097 1.357
v -7.159 -0.254 1.421
v -7.12 -0.182 1.374
v -7.069 -0.11 1.343
v -6.985 0.039 1.324
v -6.85 -0.008 1.271
v -6.902 -0.086 1.262
v -7.031 -0.036 1.32
v -6.77 0.521 1.238
v -6.725 0.228 1.284
v -6.79 0.766 1.112
v -6.793 0.898 0.962
v -6.781 0.921 0.808
v -6.758 0.775 0.697
v -6.681 0.601 0.764
v -6.631 0.436 0.872
v -6.616 0.299 1.022
v -6.668 0.188 1.195
v -6.894 0.954 0.763
v -6.735 0.611 0.561
v -6.674 0.451 0.663
v -6.639 0.298 0.816
v -6.649 0.167 0.987
v -6.713 0.089 1.169
v -7.474 0.906 1.466
v -7.517 0.869 1.348
v -7.535 0.644 1.406
v -7.488 0.669 1.523
v -7.455 0.434 1.562
v -7.499 0.429 1.443
v -7.37 1.246 1.621
v -7.363 0.991 1.755
v -7.318 1.027 1.936
v -7.329 1.311 1.804
v -7.218 0.06 2.007
v -7.268 0.41 2.05
v -7.32 0.43 1.867
v -7.288 0.149 1.833
v -7.027 1.024 0.71
v -7.179 1.125 0.792
v -6.779 0.108 1.283
v -7.856 2.959 1.103
v -8.01 3.127 0.907
v -8.118 3.296 0.706
v -6.934 -1.534 1.935
v -6.816 -1.685 2.103
v -6.731 -2.028 2.369
v -6.668 -2.343 2.545
v -6.667 -2.163 2.131
v -6.591 -2.479 2.271
v -6.604 -2.241 1.925
v -6.522 -2.535 2.001
v -6.545 -2.259 1.723
v -6.445 -2.553 1.734
v -6.76 -1.855 1.96
v -6.941 -1.734 1.827
v -6.904 -1.88 1.708
v -6.718 -1.975 1.812
v -6.668 -2.06 1.678
v -6.826 -2 1.575
v -7.165 -1.67 1.679
v -7.123 -1.877 1.565
v -7.01 -2.004 1.423
v -7.449 -1.731 1.412
v -7.372 -1.933 1.314
v -7.195 -2.012 1.196
v -7.367 -1.964 0.851
v -6.5 -2.222 1.553
v -6.381 -2.481 1.467
v -6.697 -2.033 1.477
v -6.622 -2.091 1.569
v -6.816 -1.962 1.334
v -6.951 -1.892 1.129
v -7.077 -1.77 0.869
v -6.53 -2.029 1.416
v -6.382 -2.234 1.265
v -6.618 -1.903 1.273
v -6.404 -1.971 1.121
v -6.72 -1.769 1.098
v -6.468 -1.722 0.986
v -7.184 -0.377 1.446
v -7.219 -0.474 1.41
v -7.182 -0.313 1.471
v -7.225 -0.099 1.779
v -7.288 0.012 1.683
v -7.233 -0.174 1.63
v -7.268 -0.075 1.55
v -7.204 -0.138 1.446
v -7.207 -0.218 1.507
v -7.412 1.18 1.488
v -7.409 0.951 1.603
v -7.381 0.434 1.716
v -7.351 0.206 1.696
v -7.342 0.083 1.586
v -7.294 -0.008 1.468
v -7.193 -0.069 1.383
v -7.261 -0.588 1.407
v -7.314 -0.74 1.398
v -7.058 -1.419 1.781
v -7.151 -1.266 1.663
v -7.227 -1.097 1.528
v -7.354 -0.92 1.368
v -7.266 -1.445 1.591
v -7.321 -1.246 1.457
v -7.408 -1.071 1.326
v -7.473 -1.166 1.271
v -7.44 -1.315 1.341
v -7.461 -1.515 1.393
v -7.41 0.696 1.67
v -7.346 0.714 1.828
v -7.298 0.725 2.018
v -7.258 0.74 2.246
v -7.225 0.41 2.29
v -7.278 1.062 2.166
v -7.298 1.377 2.039
v -7.176 0.075 2.306
v -7.115 -0.243 2.339
v -7.102 -0.278 2.625
v -7.158 0.062 2.598
v -7.206 0.406 2.568
v -7.243 0.751 2.52
v -7.27 1.094 2.447
v -7.296 1.433 2.34
v -8.215 1.215 -0.449
v -8.642 0.162 -0.908
v -8.578 0.236 -0.783
v -8.552 0.315 -0.619
v -8.456 0.393 -0.488
v -8.277 0.445 -0.46
v -8.003 0.473 -0.509
v -7.736 0.527 -0.554
v -7.486 0.605 -0.55
v -7.242 1.28 0.396
v -7.304 1.393 0.467
v -7.358 1.528 0.528
v -7.253 1.446 0.382
v -7.282 1.572 0.449
v -7.203 1.62 0.391
v -7.182 1.503 0.324
v -7.139 1.558 0.257
v -7.175 1.666 0.315
v -7.082 1.434 0.04
v -7.317 1.701 0.016
v -7.238 1.647 -0.023
v -7.186 1.589 -0.041
v -7.101 1.495 -0.008
v -7.138 1.545 -0.036
v -7.186 1.699 0.246
v -7.129 1.607 0.189
v -7.101 1.517 0.12
v -7.837 2.618 1.147
v -7.742 2.784 1.283
v -7.129 1.556 0.069
v -7.162 1.633 0.131
v -7.214 1.718 0.184
v -7.249 1.724 0.129
v -7.188 1.654 0.08
v -7.156 1.592 0.031
v -7.285 1.72 0.075
v -7.218 1.661 0.034
v -7.181 1.613 0.006
v -7.399 1.349 1.331
v -7.405 1.484 1.149
v -7.387 1.46 1.462
v -7.419 1.632 1.25
v -7.357 1.575 1.622
v -7.44 1.79 1.393
v -7.4 1.941 1.666
v -7.53 2.166 1.434
v -7.666 2.399 1.261
v -7.599 2.577 1.478
v -7.488 2.361 1.726
v -7.383 2.101 2.002
v -7.333 1.667 1.876
v -7.33 1.768 2.2
v -8.049 3.399 0.469
v -8.117 3.479 0.202
v -7.954 3.323 0.704
v -7.867 3.21 0.919
v -7.785 3.111 1.17
v -7.669 2.967 1.404
v -7.556 2.802 1.675
v -7.461 2.597 2
v -7.716 3.296 1.246
v -7.763 3.376 0.977
v -7.959 3.415 0.264
v -7.874 3.417 0.476
v -7.773 3.636 0.493
v -7.773 3.61 0.227
v -7.82 3.416 0.731
v -7.688 3.532 1.328
v -7.727 3.593 1.038
v -2.617 9.918 8.888
v -2.628 10.249 8.631
v -3.016 10.228 8.439
v -3.005 9.903 8.697
v -2.226 9.914 9.046
v -2.237 10.254 8.795
v -1.472 10.234 9.044
v -1.461 9.878 9.283
v -1.093 9.852 9.369
v -1.103 10.216 9.136
v -0.733 9.827 9.433
v -0.741 10.196 9.206
v -0.369 9.805 9.474
v -0.374 10.175 9.251
v 0 9.794 9.493
v 0 10.168 9.269
v -1.849 10.248 8.932
v -1.839 9.9 9.177
v -7.285 6.694 3.84
v -7.19 7.021 4.091
v -7.281 7.202 3.726
v -7.376 6.858 3.473
v -6.952 7.617 4.616
v -6.809 7.876 4.879
v -6.885 8.102 4.533
v -7.035 7.829 4.262
v -7.079 7.331 4.351
v -7.167 7.527 3.991
v -6.656 8.109 5.137
v -6.726 8.349 4.8
v -6.387 8.757 5.316
v -6.56 8.565 5.061
v -6.494 8.315 5.39
v -6.329 8.495 5.636
v -6.207 8.931 5.565
v -6.158 8.66 5.877
v -5.514 9.15 6.661
v -5.543 9.443 6.366
v -5.796 9.272 6.082
v -5.76 8.985 6.381
v -4.989 9.739 6.935
v -5.271 9.599 6.655
v -5.245 9.304 6.944
v -4.967 9.44 7.219
v -4.402 9.967 7.467
v -4.702 9.862 7.204
v -4.683 9.56 7.483
v -4.387 9.663 7.741
v -4.074 9.748 7.995
v -4.086 10.056 7.725
v -3.74 9.816 8.242
v -3.75 10.13 7.978
v -2.621 10.891 8.062
v -2.605 11.202 7.758
v -2.982 11.161 7.566
v -3.003 10.857 7.869
v -2.235 10.914 8.228
v -2.228 11.236 7.918
v -1.481 10.933 8.482
v -1.486 11.278 8.162
v -1.854 11.26 8.051
v -1.854 10.928 8.365
v -1.122 11.287 8.252
v -1.116 10.929 8.58
v -0.758 11.292 8.319
v -0.753 10.928 8.647
v -0.38 10.921 8.694
v -0.383 11.293 8.364
v 0 10.92 8.713
v 0 11.293 8.384
v -6.015 9.099 5.816
v -5.976 8.816 6.119
v -7.362 6.353 3.602
v -7.452 6.502 3.236
v -7.424 6.003 3.384
v -7.511 6.136 3.018
v -7.64 3.191 1.527
v -7.559 3.059 1.834
v -7.576 3.345 1.963
v -7.638 3.444 1.632
v -7.486 2.912 2.188
v -7.516 3.236 2.322
v -7.76 3.631 0.762
v -7.754 3.889 0.792
v -7.77 3.89 0.482
v -7.691 3.803 1.404
v -7.727 3.857 1.096
v -7.593 3.651 2.067
v -7.645 3.734 1.727
v -7.539 3.564 2.429
v -7.795 4.199 0.469
v -7.772 4.196 0.819
v -7.806 4.552 0.845
v -7.83 4.565 0.443
v -7.743 4.166 1.154
v -7.708 4.113 1.48
v -7.722 4.459 1.562
v -7.768 4.515 1.21
v -7.659 4.049 1.814
v -7.606 3.975 2.162
v -7.614 4.316 2.263
v -7.671 4.391 1.91
v -7.551 3.897 2.523
v -7.553 4.238 2.623
v -7.892 5.872 0.517
v -7.886 5.412 0.452
v -7.848 5.354 0.935
v -7.85 5.787 1.021
v -7.679 7.579 1.736
v -7.567 8.006 2.002
v -7.607 8.251 1.45
v -7.712 7.781 1.194
v -7.751 7.133 1.504
v -7.801 7.304 0.965
v -7.803 6.683 1.303
v -7.855 6.825 0.768
v -7.473 5.646 3.186
v -7.556 5.765 2.823
v -7.834 6.231 1.141
v -7.881 6.345 0.62
v -7.508 5.29 3.014
v -7.587 5.395 2.652
v -3.348 11.113 7.347
v -3.375 10.809 7.647
v -3.392 10.187 8.218
v -3.382 9.869 8.48
v -7.866 4.975 0.426
v -7.832 4.939 0.874
v -3.389 10.501 7.94
v -3.015 10.545 8.161
v -2.628 10.573 8.355
v -2.239 10.587 8.521
v -1.854 10.59 8.659
v -1.477 10.585 8.776
v -1.111 10.573 8.873
v -0.747 10.56 8.944
v -0.377 10.549 8.989
v 0 10.541 9.01
v -3.748 10.441 7.698
v -4.084 10.365 7.443
v -4.401 10.275 7.178
v -4.706 10.169 6.908
v -4.997 10.046 6.632
v -5.284 9.904 6.345
v -5.561 9.745 6.052
v -5.817 9.571 5.767
v -6.043 9.393 5.497
v -6.246 9.218 5.239
v -6.435 9.034 4.978
v -6.615 8.831 4.713
v -6.789 8.602 4.443
v -6.957 8.343 4.166
v -7.11 8.053 3.886
v -7.251 7.735 3.608
v -7.369 7.392 3.339
v -7.463 7.03 3.084
v -7.536 6.657 2.847
v -7.593 6.274 2.632
v -7.635 5.886 2.441
v -7.659 5.502 2.277
v -4.066 10.675 7.146
v -3.73 10.748 7.404
v -3.698 11.053 7.103
v -4.03 10.983 6.841
v -4.386 10.587 6.877
v -4.35 10.901 6.566
v -4.661 10.8 6.278
v -4.694 10.482 6.598
v -4.963 10.681 5.981
v -5.256 10.541 5.677
v -5.282 10.219 6.016
v -4.991 10.36 6.312
v -5.82 9.885 5.433
v -5.561 10.059 5.721
v -5.538 10.384 5.376
v -5.801 10.21 5.085
v -6.053 9.705 5.159
v -6.044 10.028 4.804
v -6.268 9.838 4.525
v -6.267 9.523 4.892
v -6.483 9.632 4.243
v -6.468 9.327 4.622
v -6.686 9.401 3.955
v -6.659 9.11 4.346
v -7.013 8.589 3.772
v -6.84 8.865 4.061
v -6.882 9.142 3.658
v -7.062 8.851 3.357
v -7.18 8.286 3.484
v -7.234 8.529 3.057
v -7.323 7.951 3.198
v -7.389 8.176 2.762
v -7.44 7.589 2.925
v -7.51 7.793 2.482
v -7.535 7.208 2.668
v -7.612 7.39 2.221
v -7.612 6.814 2.434
v -7.687 6.973 1.989
v -7.669 6.412 2.225
v -7.738 6.552 1.788
v -7.707 6.005 2.041
v -7.772 6.115 1.613
v -7.726 5.604 1.885
v -7.788 5.698 1.472
v -7.532 4.935 2.863
v -7.796 5.29 1.362
v -7.733 5.21 1.757
v -7.672 5.123 2.135
v -7.605 5.029 2.503
v -7.546 4.583 2.732
v -7.613 4.668 2.375
v -7.675 4.75 2.015
v -7.786 4.889 1.276
v -7.731 4.826 1.65
v -7.457 8.684 1.746
v -7.438 8.412 2.291
v -7.296 9.082 2.068
v -7.275 8.785 2.6
v -2.586 11.502 7.442
v -2.56 11.786 7.118
v -2.906 11.732 6.947
v -2.952 11.457 7.26
v -2.217 11.545 7.593
v -2.206 11.841 7.252
v -1.489 11.613 7.816
v -1.495 11.937 7.443
v -1.85 11.892 7.358
v -1.852 11.584 7.715
v -1.128 11.634 7.897
v -1.137 11.971 7.511
v -0.764 11.647 7.958
v -0.771 11.996 7.563
v -0.384 11.657 7.997
v -0.389 12.015 7.592
v 0 11.661 8.015
v 0 12.022 7.605
v -3.243 11.688 6.74
v -3.307 11.408 7.044
v -3.971 11.29 6.531
v -3.646 11.354 6.799
v -3.566 11.645 6.496
v -3.881 11.595 6.222
v -4.288 11.216 6.248
v -4.19 11.537 5.929
v -4.599 11.125 5.951
v -4.497 11.46 5.618
v -5.199 10.88 5.332
v -4.903 11.012 5.644
v -4.798 11.362 5.296
v -5.096 11.241 4.97
v -5.749 10.562 4.718
v -5.48 10.731 5.022
v -5.385 11.099 4.644
v -5.667 10.929 4.324
v -6.003 10.378 4.422
v -5.934 10.746 4.007
v -6.244 10.175 4.129
v -6.192 10.544 3.693
v -6.476 9.951 3.839
v -6.439 10.309 3.381
v -6.697 9.708 3.54
v -6.677 10.046 3.07
v -7.1 9.127 2.915
v -6.904 9.433 3.229
v -6.902 9.757 2.747
v -7.113 9.439 2.408
v 7.959 3.415 0.264
v 7.773 3.61 0.227
v 7.773 3.636 0.493
v 7.874 3.417 0.476
v 7.763 3.376 0.977
v 7.727 3.593 1.038
v 7.688 3.532 1.328
v 7.716 3.296 1.246
v 2.628 10.249 8.631
v 2.617 9.918 8.888
v 3.005 9.903 8.697
v 3.016 10.228 8.439
v 2.237 10.254 8.795
v 2.226 9.914 9.046
v 1.472 10.234 9.044
v 1.103 10.216 9.136
v 1.093 9.852 9.369
v 1.461 9.878 9.283
v 0.741 10.196 9.206
v 0.733 9.827 9.433
v 0.374 10.175 9.251
v 0.369 9.805 9.474
v 1.839 9.9 9.177
v 1.849 10.248 8.932
v 7.285 6.694 3.84
v 7.376 6.858 3.473
v 7.281 7.202 3.726
v 7.19 7.021 4.091
v 6.952 7.617 4.616
v 7.035 7.829 4.262
v 6.885 8.102 4.533
v 6.809 7.876 4.879
v 7.079 7.331 4.351
v 7.167 7.527 3.991
v 6.656 8.109 5.137
v 6.726 8.349 4.8
v 6.387 8.757 5.316
v 6.329 8.495 5.636
v 6.494 8.315 5.39
v 6.56 8.565 5.061
v 6.207 8.931 5.565
v 6.158 8.66 5.877
v 5.514 9.15 6.661
v 5.76 8.985 6.381
v 5.796 9.272 6.082
v 5.543 9.443 6.366
v 4.989 9.739 6.935
v 4.967 9.44 7.219
v 5.245 9.304 6.944
v 5.271 9.599 6.655
v 4.402 9.967 7.467
v 4.387 9.663 7.741
v 4.683 9.56 7.483
v 4.702 9.862 7.204
v 4.086 10.056 7.725
v 4.074 9.748 7.995
v 3.75 10.13 7.978
v 3.74 9.816 8.242
v 2.605 11.202 7.758
v 2.621 10.891 8.062
v 3.003 10.857 7.869
v 2.982 11.161 7.566
v 2.228 11.236 7.918
v 2.235 10.914 8.228
v 1.486 11.278 8.162
v 1.481 10.933 8.482
v 1.854 10.928 8.365
v 1.854 11.26 8.051
v 1.122 11.287 8.252
v 1.116 10.929 8.58
v 0.758 11.292 8.319
v 0.753 10.928 8.647
v 0.383 11.293 8.364
v 0.38 10.921 8.694
v 6.015 9.099 5.816
v 5.976 8.816 6.119
v 7.362 6.353 3.602
v 7.452 6.502 3.236
v 7.424 6.003 3.384
v 7.511 6.136 3.018
v 7.64 3.191 1.527
v 7.638 3.444 1.632
v 7.576 3.345 1.963
v 7.559 3.059 1.834
v 7.516 3.236 2.322
v 7.486 2.912 2.188
v 7.82 3.416 0.731
v 7.76 3.631 0.762
v 7.77 3.89 0.482
v 7.754 3.889 0.792
v 7.727 3.857 1.096
v 7.691 3.803 1.404
v 7.645 3.734 1.727
v 7.593 3.651 2.067
v 7.539 3.564 2.429
v 7.795 4.199 0.469
v 7.83 4.565 0.443
v 7.806 4.552 0.845
v 7.772 4.196 0.819
v 7.743 4.166 1.154
v 7.768 4.515 1.21
v 7.722 4.459 1.562
v 7.708 4.113 1.48
v 7.659 4.049 1.814
v 7.671 4.391 1.91
v 7.614 4.316 2.263
v 7.606 3.975 2.162
v 7.553 4.238 2.623
v 7.551 3.897 2.523
v 7.886 5.412 0.452
v 7.892 5.872 0.517
v 7.85 5.787 1.021
v 7.848 5.354 0.935
v 7.679 7.579 1.736
v 7.712 7.781 1.194
v 7.607 8.251 1.45
v 7.567 8.006 2.002
v 7.751 7.133 1.504
v 7.801 7.304 0.965
v 7.803 6.683 1.303
v 7.855 6.825 0.768
v 7.473 5.646 3.186
v 7.556 5.765 2.823
v 7.834 6.231 1.141
v 7.881 6.345 0.62
v 7.508 5.29 3.014
v 7.587 5.395 2.652
v 3.375 10.809 7.647
v 3.348 11.113 7.347
v 3.382 9.869 8.48
v 3.392 10.187 8.218
v 7.866 4.975 0.426
v 7.832 4.939 0.874
v 3.015 10.545 8.161
v 3.389 10.501 7.94
v 2.628 10.573 8.355
v 2.239 10.587 8.521
v 1.854 10.59 8.659
v 1.477 10.585 8.776
v 1.111 10.573 8.873
v 0.747 10.56 8.944
v 0.377 10.549 8.989
v 4.084 10.365 7.443
v 3.748 10.441 7.698
v 4.401 10.275 7.178
v 4.706 10.169 6.908
v 4.997 10.046 6.632
v 5.284 9.904 6.345
v 5.817 9.571 5.767
v 5.561 9.745 6.052
v 6.043 9.393 5.497
v 6.246 9.218 5.239
v 6.435 9.034 4.978
v 6.615 8.831 4.713
v 6.957 8.343 4.166
v 6.789 8.602 4.443
v 7.11 8.053 3.886
v 7.251 7.735 3.608
v 7.369 7.392 3.339
v 7.463 7.03 3.084
v 7.536 6.657 2.847
v 7.593 6.274 2.632
v 7.635 5.886 2.441
v 7.659 5.502 2.277
v 4.066 10.675 7.146
v 4.03 10.983 6.841
v 3.698 11.053 7.103
v 3.73 10.748 7.404
v 4.386 10.587 6.877
v 4.35 10.901 6.566
v 4.694 10.482 6.598
v 4.661 10.8 6.278
v 4.963 10.681 5.981
v 4.991 10.36 6.312
v 5.282 10.219 6.016
v 5.256 10.541 5.677
v 5.82 9.885 5.433
v 5.801 10.21 5.085
v 5.538 10.384 5.376
v 5.561 10.059 5.721
v 6.053 9.705 5.159
v 6.044 10.028 4.804
v 6.267 9.523 4.892
v 6.268 9.838 4.525
v 6.468 9.327 4.622
v 6.483 9.632 4.243
v 6.659 9.11 4.346
v 6.686 9.401 3.955
v 7.013 8.589 3.772
v 7.062 8.851 3.357
v 6.882 9.142 3.658
v 6.84 8.865 4.061
v 7.18 8.286 3.484
v 7.234 8.529 3.057
v 7.323 7.951 3.198
v 7.389 8.176 2.762
v 7.44 7.589 2.925
v 7.51 7.793 2.482
v 7.535 7.208 2.668
v 7.612 7.39 2.221
v 7.612 6.814 2.434
v 7.687 6.973 1.989
v 7.669 6.412 2.225
v 7.738 6.552 1.788
v 7.707 6.005 2.041
v 7.772 6.115 1.613
v 7.726 5.604 1.885
v 7.788 5.698 1.472
v 7.532 4.935 2.863
v 7.733 5.21 1.757
v 7.796 5.29 1.362
v 7.605 5.029 2.503
v 7.672 5.123 2.135
v 7.546 4.583 2.732
v 7.613 4.668 2.375
v 7.675 4.75 2.015
v 7.786 4.889 1.276
v 7.731 4.826 1.65
v 7.457 8.684 1.746
v 7.438 8.412 2.291
v 7.296 9.082 2.068
v 7.275 8.785 2.6
v 2.56 11.786 7.118
v 2.586 11.502 7.442
v 2.952 11.457 7.26
v 2.906 11.732 6.947
v 2.206 11.841 7.252
v 2.217 11.545 7.593
v 1.85 11.892 7.358
v 1.495 11.937 7.443
v 1.489 11.613 7.816
v 1.852 11.584 7.715
v 1.137 11.971 7.511
v 1.128 11.634 7.897
v 0.771 11.996 7.563
v 0.764 11.647 7.958
v 0.389 12.015 7.592
v 0.384 11.657 7.997
v 3.971 11.29 6.531
v 3.881 11.595 6.222
v 3.566 11.645 6.496
v 3.646 11.354 6.799
v 4.288 11.216 6.248
v 4.19 11.537 5.929
v 4.599 11.125 5.951
v 4.497 11.46 5.618
v 5.199 10.88 5.332
v 5.096 11.241 4.97
v 4.798 11.362 5.296
v 4.903 11.012 5.644
v 5.749 10.562 4.718
v 5.667 10.929 4.324
v 5.385 11.099 4.644
v 5.48 10.731 5.022
v 6.003 10.378 4.422
v 5.934 10.746 4.007
v 6.244 10.175 4.129
v 6.192 10.544 3.693
v 6.476 9.951 3.839
v 6.439 10.309 3.381
v 6.697 9.708 3.54
v 6.677 10.046 3.07
v 7.1 9.127 2.915
v 7.113 9.439 2.408
v 6.902 9.757 2.747
v 6.904 9.433 3.229
v 3.307 11.408 7.044
v 3.243 11.688 6.74
v -7.767 3.856 0.168
v 7.767 3.856 0.168
v -7.84 4.56 -0.042
v -7.796 4.168 0.082
v 7.84 4.56 -0.042
v 7.796 4.168 0.082
v 7.884 5.01 -0.118
v 7.909 5.5 -0.16
v 7.917 6.008 -0.136
v 7.91 6.526 -0.057
v 7.881 7.038 0.097
v 7.821 7.555 0.288
v 7.735 8.072 0.514
v 7.612 8.583 0.759
v 7.455 9.048 1.062
v 7.272 9.471 1.402
v 7.071 9.843 1.77
v 6.843 10.177 2.134
v 6.607 10.458 2.509
v 6.352 10.723 2.858
v 6.083 10.956 3.199
v 5.812 11.163 3.542
v 5.532 11.345 3.887
v 5.24 11.502 4.234
v 4.941 11.633 4.582
v 4.643 11.737 4.934
v 4.348 11.813 5.279
v 4.049 11.865 5.609
v 3.752 11.902 5.919
v 3.458 11.927 6.204
v 3.158 11.952 6.45
v 2.852 11.986 6.646
v 2.534 12.046 6.791
v 2.199 12.117 6.899
v 1.854 12.185 6.979
v 1.503 12.243 7.044
v 1.15 12.292 7.092
v 0.784 12.333 7.128
v 0.394 12.361 7.149
v 0 12.372 7.159
v -0.394 12.361 7.149
v -0.784 12.333 7.128
v -1.15 12.292 7.092
v -1.503 12.243 7.044
v -1.854 12.185 6.979
v -2.199 12.117 6.899
v -2.534 12.046 6.791
v -2.852 11.986 6.646
v -3.158 11.952 6.45
v -3.458 11.927 6.204
v -3.752 11.902 5.919
v -4.049 11.865 5.609
v -4.348 11.813 5.279
v -4.643 11.737 4.934
v -4.941 11.633 4.582
v -5.24 11.502 4.234
v -5.532 11.345 3.887
v -5.812 11.163 3.542
v -6.083 10.956 3.199
v -6.352 10.723 2.858
v -6.607 10.458 2.509
v -6.843 10.177 2.134
v -7.071 9.843 1.77
v -7.272 9.471 1.402
v -7.455 9.048 1.062
v -7.612 8.583 0.759
v -7.735 8.072 0.514
v -7.821 7.555 0.288
v -7.881 7.038 0.097
v -7.91 6.526 -0.057
v -7.917 6.008 -0.136
v -7.909 5.5 -0.16
v -7.884 5.01 -0.118
v -5.695 -9.009 0.041
v -5.675 -8.364 -0.206
v -5.673 -8.747 -0.722
v -5.746 -9.402 -0.471
v -5.36 -8.86 1.299
v -5.484 -8.237 1.08
v -5.618 -8.613 0.574
v -5.549 -9.244 0.808
v -5.579 -7.6 0.867
v -5.659 -7.98 0.334
v -3.728 -15.202 2.933
v -3.953 -14.944 2.722
v -4.4 -15.2 2.691
v -4.118 -15.428 2.937
v -4.513 -15.649 3.005
v -4.83 -15.446 2.72
v -4.646 -14.921 2.435
v -5.099 -15.194 2.412
v -3.431 -15.751 3.396
v -3.688 -15.962 3.519
v -3.163 -16.076 3.749
v -2.981 -15.848 3.593
v -2.506 -15.914 3.725
v -2.637 -16.166 3.898
v -5.689 -9.103 -1.185
v -5.81 -9.753 -0.921
v -3.481 -15.402 3.134
v -3.81 -15.613 3.176
v -4.135 -15.819 3.269
v -1.959 -15.654 3.641
v -2.414 -15.632 3.579
v -2.024 -15.964 3.788
v -2.118 -16.245 3.967
v -5.225 -9.471 1.52
v -5.453 -9.858 1.047
v -5.687 -9.646 0.29
v -5.8 -10.033 -0.201
v -5.931 -10.384 -0.648
v -5.657 -6.966 0.647
v -5.689 -7.337 0.096
v -5.646 -7.718 -0.461
v -5.582 -8.09 -0.972
v -5.536 -8.444 -1.438
v -6.044 -2.579 -0.93
v -6.002 -2.994 -0.728
v -6.128 -2.676 -0.106
v -6.177 -2.291 -0.298
v -4.172 -14.635 2.514
v -4.392 -14.273 2.32
v -4.873 -14.587 2.177
v -5.34 -14.89 2.091
v -5.646 -10.262 0.548
v -5.824 -10.658 0.062
v -6.017 -10.993 -0.366
v -5.58 -10.86 0.8
v -5.821 -11.255 0.33
v -6.073 -11.587 -0.083
v -5.484 -11.43 1.045
v -5.778 -11.818 0.595
v -6.1 -12.163 0.201
v -4.826 -13.443 1.931
v -5.026 -12.979 1.727
v -5.453 -13.35 1.388
v -5.274 -13.796 1.651
v -5.888 -13.683 1.11
v -5.735 -14.114 1.443
v -5.29 -5.621 3.285
v -5.264 -5.679 2.967
v -4.918 -6.222 3.077
v -4.909 -6.137 3.385
v -4.576 -6.766 3.186
v -4.537 -6.655 3.482
v -4.236 -7.305 3.302
v -4.17 -7.17 3.584
v -3.888 -7.835 3.426
v -3.798 -7.674 3.695
v -5.252 -5.769 2.65
v -4.952 -6.343 2.771
v -4.652 -6.911 2.896
v -4.346 -7.473 3.03
v -4.025 -8.025 3.169
v -4.703 -8.793 2.313
v -4.443 -8.503 2.629
v -4.69 -7.914 2.456
v -4.914 -8.192 2.126
v -4.916 -7.313 2.286
v -5.106 -7.579 1.939
v -5.129 -6.704 2.127
v -5.281 -6.956 1.766
v -5.334 -6.089 1.978
v -5.441 -6.332 1.592
v -4.493 -7.672 2.751
v -4.208 -8.245 2.91
v -4.76 -7.091 2.598
v -5.021 -6.5 2.46
v -4.97 -9.115 1.945
v -5.145 -8.509 1.742
v -5.306 -7.886 1.544
v -5.45 -7.259 1.348
v -5.566 -6.625 1.156
v -4.611 -13.875 2.128
v -5.083 -14.209 1.919
v -5.548 -14.523 1.764
v -6.559 -2.821 2.684
v -6.494 -2.877 2.359
v -6.414 -3.374 2.818
v -6.352 -3.409 2.481
v -6.226 -3.933 2.939
v -6.167 -3.963 2.602
v -5.971 -4.525 3.061
v -5.651 -5.088 3.176
v -5.914 -4.558 2.729
v -5.607 -5.13 2.852
v -6.416 -2.933 2.06
v -6.328 -2.954 1.736
v -6.273 -3.463 2.159
v -6.182 -3.51 1.821
v -6.089 -4.024 2.277
v -5.853 -4.613 2.404
v -5.566 -5.196 2.531
v -6.008 -4.108 1.938
v -5.793 -4.706 2.071
v -5.538 -5.299 2.203
v -5.27 -5.903 2.324
v -6.216 -2.953 1.304
v -6.084 -3.624 1.423
v -5.749 -4.857 1.702
v -5.544 -5.468 1.841
v -6.242 -2.515 1.019
v -6.266 -2.159 0.83
v -6.3 -1.843 0.667
v -6.089 -3.279 0.813
v -6.139 -2.797 0.612
v -6.081 -3.107 0.092
v -6.028 -3.602 0.282
v -6.184 -2.392 0.422
v -6.227 -2.038 0.243
v -5.97 -3.441 -0.519
v -5.932 -3.945 -0.321
v -5.737 -3.783 -1.192
v -5.728 -4.303 -0.984
v -5.753 -3.307 -1.393
v -5.676 -5.994 0.969
v -5.59 -5.699 1.434
v -5.741 -5.078 1.279
v -5.776 -5.372 0.786
v -5.726 -6.325 0.443
v -5.784 -5.704 0.234
v -5.714 -6.063 -0.37
v -5.705 -6.698 -0.147
v -5.597 -7.072 -0.714
v -5.535 -6.436 -0.968
v -5.411 -4.085 -1.812
v -5.428 -4.624 -1.588
v -5.406 -3.578 -2.015
v -5.477 -7.434 -1.226
v -5.36 -6.782 -1.47
v -5.775 -2.858 -1.592
v -5.424 -3.104 -2.206
v -1.032 -16.08 3.766
v -1.533 -16.025 3.795
v -1.597 -16.328 3.978
v -1.074 -16.398 3.953
v -5.063 -10.066 1.736
v -5.337 -10.455 1.282
v -3.532 -8.361 3.563
v -3.417 -8.168 3.818
v -4.468 -9.38 2.5
v -4.173 -9.08 2.804
v -3.905 -8.809 3.076
v -4.772 -9.709 2.143
v -3.691 -8.572 3.318
v -4.877 -10.646 1.941
v -5.188 -11.031 1.505
v -3.043 -8.647 3.962
v -3.177 -8.87 3.719
v -3.886 -9.64 2.985
v -4.213 -9.95 2.686
v -3.59 -9.358 3.246
v -4.551 -10.284 2.34
v -3.356 -9.105 3.482
v -5.717 -5.453 -0.576
v -5.49 -5.803 -1.175
v -5.877 -4.472 1.12
v -5.87 -4.763 0.615
v -5.836 -5.092 0.045
v -5.929 -4.246 1.56
v -5.724 -4.859 -0.773
v -5.454 -5.199 -1.372
v -5.997 -3.864 0.97
v -5.953 -4.164 0.454
v -5.887 -4.507 -0.143
v -5.045 -4.353 -2.353
v -5.096 -4.915 -2.13
v -5.009 -3.819 -2.571
v -5.018 -3.317 -2.75
v -5.251 -6.137 -1.692
v -5.167 -5.507 -1.907
v -3.947 -12.735 2.629
v -4.201 -12.244 2.484
v -4.612 -12.605 2.098
v -4.389 -13.083 2.27
v -3.693 -13.203 2.75
v -4.154 -13.531 2.419
v -3.494 -12.401 2.995
v -3.218 -12.89 3.099
v -2.69 -12.589 3.401
v -3.003 -12.072 3.314
v -3.454 -13.645 2.851
v -3.923 -13.951 2.557
v -2.973 -13.363 3.171
v -2.437 -13.103 3.443
v -3.24 -14.058 2.947
v -3.704 -14.335 2.696
v -2.764 -13.808 3.23
v -2.245 -13.593 3.454
v -3.057 -14.435 3.049
v -3.503 -14.681 2.843
v -2.596 -14.226 3.279
v -2.11 -14.059 3.452
v -2.013 -14.5 3.454
v -1.952 -14.913 3.48
v -1.481 -14.87 3.493
v -1.523 -14.416 3.503
v -1.934 -15.301 3.538
v -1.468 -15.299 3.537
v -2.91 -14.782 3.153
v -2.476 -14.621 3.328
v -2.801 -15.09 3.259
v -3.321 -14.979 3
v -3.164 -15.22 3.155
v -2.398 -14.988 3.388
v -2.76 -15.358 3.363
v -2.371 -15.325 3.469
v -3.04 -15.378 3.272
v -0.994 -14.852 3.465
v -1.023 -14.367 3.515
v -0.987 -15.309 3.499
v -3.581 -10.186 3.157
v -3.26 -9.888 3.412
v -3.009 -9.615 3.658
v -2.822 -9.353 3.894
v -2.684 -9.101 4.132
v -2.89 -11.23 3.47
v -2.501 -10.901 3.739
v -2.9 -10.402 3.581
v -3.249 -10.713 3.324
v -2.232 -10.559 4.002
v -2.636 -10.1 3.829
v -2.053 -10.223 4.255
v -2.452 -9.806 4.076
v -1.927 -9.901 4.494
v -2.319 -9.522 4.316
v -1.781 -10.991 4.173
v -1.613 -10.594 4.423
v -1.498 -10.224 4.656
v -2.498 -11.747 3.595
v -2.045 -11.409 3.898
v -1.464 -11.993 4.039
v -1.244 -11.371 4.336
v -1.115 -10.892 4.578
v -1.027 -10.477 4.795
v -3.332 -11.559 3.188
v -3.781 -11.897 2.861
v -5.701 -12.357 0.857
v -6.081 -12.705 0.489
v -4.672 -11.201 2.137
v -5.018 -11.579 1.716
v -4.314 -10.841 2.529
v -3.941 -10.503 2.866
v -5.594 -12.867 1.122
v -6.002 -13.202 0.8
v -4.446 -11.733 2.32
v -4.825 -12.103 1.915
v -4.056 -11.377 2.703
v -3.646 -11.039 3.032
v -2.104 -12.294 3.683
v -1.864 -12.884 3.667
v -1.704 -13.429 3.614
v -1.596 -13.938 3.552
v -0.525 -10.637 4.903
v 0 -10.701 4.952
v 0 -11.136 4.746
v -0.57 -11.073 4.697
v -0.627 -11.565 4.483
v 0 -11.633 4.537
v -0.683 -12.131 4.26
v 0 -12.177 4.321
v -1.148 -13.325 3.746
v -1.264 -12.731 3.89
v -1.073 -13.86 3.618
v -0.63 -12.73 4.047
v -0.576 -13.292 3.846
v -0.538 -13.826 3.671
v 0 -13.288 3.887
v 0 -12.741 4.1
v 0 -13.816 3.697
v -0.512 -14.34 3.525
v 0 -14.33 3.534
v 0 -16.14 3.722
v -0.52 -16.118 3.733
v -0.543 -16.45 3.921
v 0 -16.474 3.902
v -0.495 -15.318 3.466
v 0 -15.33 3.455
v 0 -14.838 3.44
v -0.498 -14.843 3.446
v -5.206 -12.486 1.511
v -5.358 -11.972 1.283
v -5.182 -7.115 -1.925
v -5.362 -7.779 -1.686
v -4.694 -4.594 -2.806
v -4.779 -5.175 -2.586
v -4.633 -4.038 -3.025
v -4.602 -3.512 -3.232
v -5.017 -6.448 -2.154
v -4.887 -5.784 -2.37
v -3.202 -15.544 3.31
v -0.503 -15.749 3.575
v 0 -15.761 3.562
v -0.999 -15.72 3.606
v -1.487 -15.687 3.641
v -2.835 -15.606 3.462
v 5.695 -9.009 0.041
v 5.746 -9.402 -0.471
v 5.673 -8.747 -0.722
v 5.675 -8.364 -0.206
v 5.484 -8.237 1.08
v 5.36 -8.86 1.299
v 5.549 -9.244 0.808
v 5.618 -8.613 0.574
v 5.579 -7.6 0.867
v 5.659 -7.98 0.334
v 3.728 -15.202 2.933
v 4.118 -15.428 2.937
v 4.4 -15.2 2.691
v 3.953 -14.944 2.722
v 4.513 -15.649 3.005
v 4.83 -15.446 2.72
v 5.099 -15.194 2.412
v 4.646 -14.921 2.435
v 3.688 -15.962 3.519
v 3.431 -15.751 3.396
v 2.981 -15.848 3.593
v 3.163 -16.076 3.749
v 2.506 -15.914 3.725
v 2.637 -16.166 3.898
v 5.81 -9.753 -0.921
v 5.689 -9.103 -1.185
v 3.481 -15.402 3.134
v 3.81 -15.613 3.176
v 4.135 -15.819 3.269
v 1.959 -15.654 3.641
v 2.024 -15.964 3.788
v 2.414 -15.632 3.579
v 2.118 -16.245 3.967
v 5.225 -9.471 1.52
v 5.453 -9.858 1.047
v 5.687 -9.646 0.29
v 5.8 -10.033 -0.201
v 5.931 -10.384 -0.648
v 5.657 -6.966 0.647
v 5.689 -7.337 0.096
v 5.582 -8.09 -0.972
v 5.646 -7.718 -0.461
v 5.536 -8.444 -1.438
v 6.044 -2.579 -0.93
v 6.177 -2.291 -0.298
v 6.128 -2.676 -0.106
v 6.002 -2.994 -0.728
v 4.873 -14.587 2.177
v 4.392 -14.273 2.32
v 4.172 -14.635 2.514
v 5.34 -14.89 2.091
v 5.646 -10.262 0.548
v 5.824 -10.658 0.062
v 6.017 -10.993 -0.366
v 5.58 -10.86 0.8
v 5.821 -11.255 0.33
v 6.073 -11.587 -0.083
v 5.484 -11.43 1.045
v 5.778 -11.818 0.595
v 6.1 -12.163 0.201
v 4.826 -13.443 1.931
v 5.274 -13.796 1.651
v 5.453 -13.35 1.388
v 5.026 -12.979 1.727
v 5.735 -14.114 1.443
v 5.888 -13.683 1.11
v 5.29 -5.621 3.285
v 4.909 -6.137 3.385
v 4.918 -6.222 3.077
v 5.264 -5.679 2.967
v 4.537 -6.655 3.482
v 4.576 -6.766 3.186
v 4.17 -7.17 3.584
v 4.236 -7.305 3.302
v 3.798 -7.674 3.695
v 3.888 -7.835 3.426
v 5.252 -5.769 2.65
v 4.952 -6.343 2.771
v 4.652 -6.911 2.896
v 4.346 -7.473 3.03
v 4.025 -8.025 3.169
v 4.703 -8.793 2.313
v 4.914 -8.192 2.126
v 4.69 -7.914 2.456
v 4.443 -8.503 2.629
v 5.106 -7.579 1.939
v 4.916 -7.313 2.286
v 5.281 -6.956 1.766
v 5.129 -6.704 2.127
v 5.441 -6.332 1.592
v 5.334 -6.089 1.978
v 4.493 -7.672 2.751
v 4.208 -8.245 2.91
v 4.76 -7.091 2.598
v 5.021 -6.5 2.46
v 5.145 -8.509 1.742
v 4.97 -9.115 1.945
v 5.306 -7.886 1.544
v 5.566 -6.625 1.156
v 5.45 -7.259 1.348
v 4.611 -13.875 2.128
v 5.083 -14.209 1.919
v 5.548 -14.523 1.764
v 6.559 -2.821 2.684
v 6.494 -2.877 2.359
v 6.414 -3.374 2.818
v 6.352 -3.409 2.481
v 6.226 -3.933 2.939
v 6.167 -3.963 2.602
v 5.651 -5.088 3.176
v 5.971 -4.525 3.061
v 5.607 -5.13 2.852
v 5.914 -4.558 2.729
v 6.416 -2.933 2.06
v 6.328 -2.954 1.736
v 6.273 -3.463 2.159
v 6.182 -3.51 1.821
v 6.089 -4.024 2.277
v 5.566 -5.196 2.531
v 5.853 -4.613 2.404
v 6.008 -4.108 1.938
v 5.538 -5.299 2.203
v 5.793 -4.706 2.071
v 5.27 -5.903 2.324
v 6.216 -2.953 1.304
v 6.084 -3.624 1.423
v 5.544 -5.468 1.841
v 5.749 -4.857 1.702
v 6.242 -2.515 1.019
v 6.266 -2.159 0.83
v 6.3 -1.843 0.667
v 6.089 -3.279 0.813
v 6.028 -3.602 0.282
v 6.081 -3.107 0.092
v 6.139 -2.797 0.612
v 6.184 -2.392 0.422
v 6.227 -2.038 0.243
v 5.932 -3.945 -0.321
v 5.97 -3.441 -0.519
v 5.728 -4.303 -0.984
v 5.737 -3.783 -1.192
v 5.753 -3.307 -1.393
v 5.676 -5.994 0.969
v 5.776 -5.372 0.786
v 5.741 -5.078 1.279
v 5.59 -5.699 1.434
v 5.726 -6.325 0.443
v 5.784 -5.704 0.234
v 5.705 -6.698 -0.147
v 5.714 -6.063 -0.37
v 5.597 -7.072 -0.714
v 5.535 -6.436 -0.968
v 5.428 -4.624 -1.588
v 5.411 -4.085 -1.812
v 5.406 -3.578 -2.015
v 5.477 -7.434 -1.226
v 5.36 -6.782 -1.47
v 5.775 -2.858 -1.592
v 5.424 -3.104 -2.206
v 1.032 -16.08 3.766
v 1.074 -16.398 3.953
v 1.597 -16.328 3.978
v 1.533 -16.025 3.795
v 3.417 -8.168 3.818
v 3.532 -8.361 3.563
v 4.173 -9.08 2.804
v 4.468 -9.38 2.5
v 3.905 -8.809 3.076
v 4.772 -9.709 2.143
v 5.063 -10.066 1.736
v 3.691 -8.572 3.318
v 3.043 -8.647 3.962
v 3.177 -8.87 3.719
v 3.886 -9.64 2.985
v 4.213 -9.95 2.686
v 3.59 -9.358 3.246
v 4.551 -10.284 2.34
v 4.877 -10.646 1.941
v 3.356 -9.105 3.482
v 5.49 -5.803 -1.175
v 5.717 -5.453 -0.576
v 5.87 -4.763 0.615
v 5.877 -4.472 1.12
v 5.836 -5.092 0.045
v 5.929 -4.246 1.56
v 5.454 -5.199 -1.372
v 5.724 -4.859 -0.773
v 5.953 -4.164 0.454
v 5.997 -3.864 0.97
v 5.887 -4.507 -0.143
v 5.096 -4.915 -2.13
v 5.045 -4.353 -2.353
v 5.009 -3.819 -2.571
v 5.018 -3.317 -2.75
v 5.251 -6.137 -1.692
v 5.167 -5.507 -1.907
v 5.337 -10.455 1.282
v 5.188 -11.031 1.505
v 4.201 -12.244 2.484
v 3.947 -12.735 2.629
v 4.389 -13.083 2.27
v 4.612 -12.605 2.098
v 3.494 -12.401 2.995
v 3.218 -12.89 3.099
v 3.693 -13.203 2.75
v 2.69 -12.589 3.401
v 3.003 -12.072 3.314
v 4.154 -13.531 2.419
v 2.973 -13.363 3.171
v 3.454 -13.645 2.851
v 2.437 -13.103 3.443
v 3.923 -13.951 2.557
v 2.764 -13.808 3.23
v 3.24 -14.058 2.947
v 2.245 -13.593 3.454
v 3.704 -14.335 2.696
v 2.596 -14.226 3.279
v 3.057 -14.435 3.049
v 2.11 -14.059 3.452
v 3.503 -14.681 2.843
v 2.013 -14.5 3.454
v 1.523 -14.416 3.503
v 1.481 -14.87 3.493
v 1.952 -14.913 3.48
v 1.468 -15.299 3.537
v 1.934 -15.301 3.538
v 2.476 -14.621 3.328
v 2.91 -14.782 3.153
v 2.398 -14.988 3.388
v 2.801 -15.09 3.259
v 3.164 -15.22 3.155
v 3.321 -14.979 3
v 2.371 -15.325 3.469
v 2.76 -15.358 3.363
v 3.04 -15.378 3.272
v 1.023 -14.367 3.515
v 0.994 -14.852 3.465
v 0.987 -15.309 3.499
v 3.26 -9.888 3.412
v 3.581 -10.186 3.157
v 3.009 -9.615 3.658
v 2.822 -9.353 3.894
v 2.684 -9.101 4.132
v 2.89 -11.23 3.47
v 3.249 -10.713 3.324
v 2.9 -10.402 3.581
v 2.501 -10.901 3.739
v 2.636 -10.1 3.829
v 2.232 -10.559 4.002
v 2.452 -9.806 4.076
v 2.053 -10.223 4.255
v 2.319 -9.522 4.316
v 1.927 -9.901 4.494
v 1.613 -10.594 4.423
v 1.781 -10.991 4.173
v 1.498 -10.224 4.656
v 2.045 -11.409 3.898
v 2.498 -11.747 3.595
v 1.244 -11.371 4.336
v 1.464 -11.993 4.039
v 1.115 -10.892 4.578
v 1.027 -10.477 4.795
v 3.781 -11.897 2.861
v 3.332 -11.559 3.188
v 5.701 -12.357 0.857
v 6.081 -12.705 0.489
v 4.672 -11.201 2.137
v 5.018 -11.579 1.716
v 4.314 -10.841 2.529
v 3.941 -10.503 2.866
v 6.002 -13.202 0.8
v 5.594 -12.867 1.122
v 4.446 -11.733 2.32
v 4.825 -12.103 1.915
v 4.056 -11.377 2.703
v 3.646 -11.039 3.032
v 2.104 -12.294 3.683
v 1.864 -12.884 3.667
v 1.704 -13.429 3.614
v 1.596 -13.938 3.552
v 0.525 -10.637 4.903
v 0.57 -11.073 4.697
v 0.627 -11.565 4.483
v 0.683 -12.131 4.26
v 1.148 -13.325 3.746
v 1.264 -12.731 3.89
v 1.073 -13.86 3.618
v 0.63 -12.73 4.047
v 0.576 -13.292 3.846
v 0.538 -13.826 3.671
v 0.512 -14.34 3.525
v 0.543 -16.45 3.921
v 0.52 -16.118 3.733
v 0.495 -15.318 3.466
v 0.498 -14.843 3.446
v 5.358 -11.972 1.283
v 5.206 -12.486 1.511
v 5.182 -7.115 -1.925
v 5.362 -7.779 -1.686
v 4.779 -5.175 -2.586
v 4.694 -4.594 -2.806
v 4.633 -4.038 -3.025
v 4.602 -3.512 -3.232
v 5.017 -6.448 -2.154
v 4.887 -5.784 -2.37
v 3.202 -15.544 3.31
v 0.503 -15.749 3.575
v 0.999 -15.72 3.606
v 1.487 -15.687 3.641
v 2.835 -15.606 3.462
v -6.097 -2.187 -1.125
v -6.159 -1.812 -1.312
v -5.863 -2.029 -1.985
v -5.815 -2.434 -1.788
v -7.075 0.818 -1.304
v -6.929 0.799 -1.809
v -6.857 0.448 -1.705
v -6.994 0.489 -1.214
v -7.097 1.509 -1.892
v -7.181 1.86 -1.901
v -7.03 1.86 -2.603
v -6.933 1.483 -2.568
v -6.238 -1.444 -1.493
v -5.926 -1.635 -2.178
v -6.319 -1.08 -1.678
v -5.997 -1.25 -2.373
v -6.566 0.005 -2.186
v -6.486 -0.357 -2.024
v -6.707 -0.246 -1.4
v -6.789 0.107 -1.567
v -6.403 -0.717 -1.857
v -6.608 -0.584 -1.222
v -6.149 -0.485 -2.738
v -6.07 -0.869 -2.563
v -6.234 -0.114 -2.888
v -6.587 6.478 -5.155
v -6.591 7.165 -5.046
v -5.97 7.362 -5.843
v -5.964 6.661 -5.973
v -3.896 -0.244 -5.775
v -4.481 -0.136 -5.333
v -4.565 0.291 -5.535
v -3.965 0.194 -5.991
v -7.659 3.375 -0.721
v -7.678 3.174 -0.444
v -7.724 3.362 -0.263
v -7.713 3.597 -0.473
v -7.347 2.161 -1.325
v -7.449 2.089 -0.946
v -7.5 2.372 -0.867
v -7.424 2.479 -1.241
v -7.361 1.455 -1.014
v -7.408 1.774 -0.988
v -7.274 1.843 -1.352
v -7.205 1.51 -1.366
v -6.237 -1.937 -0.492
v -6.282 -1.711 0.066
v -5.447 -2.652 -2.405
v -6.348 -1.549 0.509
v -5.318 7.534 -6.496
v -5.318 6.809 -6.623
v -3.236 -0.335 -6.159
v -3.289 0.11 -6.387
v -4.587 7.683 -7.06
v -4.59 6.935 -7.193
v -6.833 1.103 -2.518
v -7.009 1.155 -1.866
v -7.133 1.167 -1.349
v -7.311 1.12 -1.025
v -6.738 0.734 -2.438
v -6.644 0.362 -2.334
v -6.434 0.646 -3.157
v -6.038 0.559 -3.851
v -5.934 0.159 -3.711
v -6.332 0.261 -3.028
v -5.465 0.072 -4.337
v -5.577 0.477 -4.487
v -5.033 -2.842 -2.947
v -3.714 -3.925 -4.156
v -4.18 -3.711 -3.687
v -4.152 -3.193 -3.89
v -3.664 -3.385 -4.344
v -0.858 -3.323 -5.761
v 0 -3.349 -5.842
v 0 -3.93 -5.755
v -0.879 -3.901 -5.676
v -5.091 0.387 -5.043
v -4.993 -0.029 -4.86
v -4.595 -3.014 -3.437
v -7.645 3.626 -1.242
v -7.727 3.928 -0.868
v -7.347 2.561 -1.839
v -7.26 2.208 -1.883
v 0 -4.566 -5.697
v -0.913 -4.531 -5.61
v -1.783 -4.439 -5.401
v -2.549 -4.293 -5.05
v -2.467 -3.708 -5.175
v -1.725 -3.822 -5.489
v -3.181 -4.123 -4.626
v -3.108 -3.563 -4.785
v -5.483 -2.22 -2.604
v -5.058 -2.39 -3.152
v -4.152 -2.701 -4.091
v -3.641 -2.877 -4.528
v -4.61 -2.543 -3.641
v -2.413 -3.163 -5.303
v -1.685 -3.257 -5.592
v -3.068 -3.036 -4.946
v -5.832 -0.23 -3.555
v -5.734 -0.613 -3.394
v -5.66 -1.006 -3.202
v -5.591 -1.403 -3.007
v -5.531 -1.806 -2.807
v -5.37 -0.334 -4.153
v -5.282 -0.733 -3.967
v -5.21 -1.136 -3.762
v -5.149 -1.543 -3.561
v -5.097 -1.958 -3.357
v -4.899 -0.44 -4.669
v -4.814 -0.85 -4.464
v -4.741 -1.257 -4.259
v -4.686 -1.672 -4.056
v -4.644 -2.101 -3.853
v -4.318 -0.966 -4.917
v -4.395 -0.554 -5.128
v -3.827 -0.671 -5.558
v -3.762 -1.092 -5.338
v -4.249 -1.379 -4.706
v -3.702 -1.508 -5.116
v -4.17 -2.244 -4.299
v -4.201 -1.799 -4.498
v -3.659 -1.942 -4.91
v -3.641 -2.396 -4.715
v -0.844 -2.789 -5.876
v 0 -2.813 -5.959
v -1.661 -2.733 -5.717
v -2.388 -2.653 -5.449
v -3.053 -2.538 -5.11
v -0.838 -2.289 -6.016
v 0 -2.314 -6.102
v -1.653 -2.241 -5.865
v -2.384 -2.171 -5.611
v -3.056 -2.067 -5.285
v -0.847 -1.375 -6.396
v 0 -1.397 -6.473
v 0 -1.843 -6.267
v -0.838 -1.818 -6.18
v -1.657 -1.776 -6.033
v -1.668 -1.343 -6.254
v -2.392 -1.711 -5.787
v -2.425 -1.279 -6.011
v -3.124 -1.193 -5.699
v -3.078 -1.62 -5.478
v -0.857 -0.935 -6.625
v 0 -0.953 -6.696
v -1.687 -0.907 -6.482
v -2.466 -0.848 -6.241
v -3.179 -0.768 -5.928
v -0.877 -0.034 -7.103
v 0 -0.049 -7.173
v 0 -0.507 -6.929
v -0.866 -0.492 -6.86
v -1.709 -0.466 -6.717
v -1.732 -0.01 -6.958
v -2.503 -0.412 -6.479
v -2.545 0.041 -6.714
v -0.987 8.003 -8.322
v 0 8.019 -8.399
v 0 7.223 -8.567
v -0.992 7.209 -8.487
v -3.787 7.038 -7.676
v -3.776 7.806 -7.531
v -2.894 7.901 -7.897
v -2.903 7.119 -8.049
v -1.958 7.966 -8.159
v -1.967 7.176 -8.32
v -6.427 -1.278 0.319
v -6.527 -1.007 0.098
v -6.467 -1.089 -0.278
v -6.362 -1.395 -0.102
v -6.668 -0.755 -0.128
v -6.59 -0.78 -0.466
v -6.824 -0.493 -0.385
v -6.717 -0.477 -0.664
v -6.961 -0.202 -0.622
v -7.075 0.117 -0.803
v -6.918 0.156 -1.063
v -6.832 -0.157 -0.868
v -7.171 0.452 -0.923
v -7.249 0.779 -1.019
v -6.395 -1.253 -0.847
v -6.307 -1.59 -0.666
v -6.502 -0.918 -1.031
v -7.323 3.044 -2.57
v -7.447 2.922 -1.711
v -7.546 3.274 -1.524
v -7.433 3.471 -2.44
v -7.504 2.787 -1.135
v -7.587 3.093 -0.947
v -7.562 2.656 -0.748
v -7.618 2.923 -0.597
v -7.226 2.642 -2.61
v -7.126 2.245 -2.621
v -4.375 13.248 0.246
v -4.046 13.405 0.817
v -3.566 13.69 0.445
v -3.911 13.53 -0.146
v -4.692 13.049 -0.321
v -4.231 13.337 -0.732
v -5 12.803 -0.882
v -4.523 13.106 -1.331
v -5.299 12.494 -1.438
v -4.797 12.815 -1.947
v -5.567 12.118 -2.019
v -5.052 12.444 -2.568
v -5.795 11.679 -2.624
v -5.285 11.989 -3.172
v -6.013 11.153 -3.161
v -5.486 11.451 -3.746
v -6.2 10.56 -3.643
v -5.65 10.844 -4.272
v -6.344 9.915 -4.053
v -5.776 10.186 -4.735
v -6.452 9.241 -4.395
v -5.869 9.496 -5.111
v -6.522 8.554 -4.676
v -5.925 8.789 -5.422
v -7.761 3.525 -0.029
v -7.751 3.76 -0.157
v -7.775 4.089 -0.37
v -7.703 4.449 -1.778
v -7.82 4.524 -0.698
v 7.075 0.818 -1.304
v 6.994 0.489 -1.214
v 6.857 0.448 -1.705
v 6.929 0.799 -1.809
v 7.097 1.509 -1.892
v 6.933 1.483 -2.568
v 7.03 1.86 -2.603
v 7.181 1.86 -1.901
v 6.566 0.005 -2.186
v 6.789 0.107 -1.567
v 6.707 -0.246 -1.4
v 6.486 -0.357 -2.024
v 6.608 -0.584 -1.222
v 6.403 -0.717 -1.857
v 6.07 -0.869 -2.563
v 6.149 -0.485 -2.738
v 6.234 -0.114 -2.888
v 6.587 6.478 -5.155
v 5.964 6.661 -5.973
v 5.97 7.362 -5.843
v 6.591 7.165 -5.046
v 3.896 -0.244 -5.775
v 3.965 0.194 -5.991
v 4.565 0.291 -5.535
v 4.481 -0.136 -5.333
v 7.659 3.375 -0.721
v 7.713 3.597 -0.473
v 7.724 3.362 -0.263
v 7.678 3.174 -0.444
v 7.347 2.161 -1.325
v 7.424 2.479 -1.241
v 7.5 2.372 -0.867
v 7.449 2.089 -0.946
v 7.361 1.455 -1.014
v 7.205 1.51 -1.366
v 7.274 1.843 -1.352
v 7.408 1.774 -0.988
v 6.159 -1.812 -1.312
v 6.097 -2.187 -1.125
v 5.815 -2.434 -1.788
v 5.863 -2.029 -1.985
v 6.238 -1.444 -1.493
v 5.926 -1.635 -2.178
v 6.319 -1.08 -1.678
v 5.997 -1.25 -2.373
v 6.237 -1.937 -0.492
v 6.282 -1.711 0.066
v 5.447 -2.652 -2.405
v 6.348 -1.549 0.509
v 5.318 6.809 -6.623
v 5.318 7.534 -6.496
v 3.236 -0.335 -6.159
v 3.289 0.11 -6.387
v 4.59 6.935 -7.193
v 4.587 7.683 -7.06
v 6.833 1.103 -2.518
v 7.009 1.155 -1.866
v 7.133 1.167 -1.349
v 7.311 1.12 -1.025
v 6.644 0.362 -2.334
v 6.738 0.734 -2.438
v 6.434 0.646 -3.157
v 6.332 0.261 -3.028
v 5.934 0.159 -3.711
v 6.038 0.559 -3.851
v 5.465 0.072 -4.337
v 5.577 0.477 -4.487
v 5.033 -2.842 -2.947
v 3.714 -3.925 -4.156
v 3.664 -3.385 -4.344
v 4.152 -3.193 -3.89
v 4.18 -3.711 -3.687
v 4.993 -0.029 -4.86
v 5.091 0.387 -5.043
v 4.595 -3.014 -3.437
v 7.645 3.626 -1.242
v 7.727 3.928 -0.868
v 7.26 2.208 -1.883
v 7.347 2.561 -1.839
v 0.879 -3.901 -5.676
v 0.913 -4.531 -5.61
v 2.467 -3.708 -5.175
v 2.549 -4.293 -5.05
v 1.783 -4.439 -5.401
v 1.725 -3.822 -5.489
v 3.108 -3.563 -4.785
v 3.181 -4.123 -4.626
v 5.483 -2.22 -2.604
v 5.058 -2.39 -3.152
v 3.641 -2.877 -4.528
v 4.152 -2.701 -4.091
v 4.61 -2.543 -3.641
v 2.413 -3.163 -5.303
v 1.685 -3.257 -5.592
v 3.068 -3.036 -4.946
v 0.858 -3.323 -5.761
v 5.734 -0.613 -3.394
v 5.832 -0.23 -3.555
v 5.66 -1.006 -3.202
v 5.531 -1.806 -2.807
v 5.591 -1.403 -3.007
v 5.282 -0.733 -3.967
v 5.37 -0.334 -4.153
v 5.21 -1.136 -3.762
v 5.097 -1.958 -3.357
v 5.149 -1.543 -3.561
v 4.814 -0.85 -4.464
v 4.899 -0.44 -4.669
v 4.741 -1.257 -4.259
v 4.644 -2.101 -3.853
v 4.686 -1.672 -4.056
v 4.318 -0.966 -4.917
v 3.762 -1.092 -5.338
v 3.827 -0.671 -5.558
v 4.395 -0.554 -5.128
v 4.249 -1.379 -4.706
v 3.702 -1.508 -5.116
v 4.17 -2.244 -4.299
v 3.641 -2.396 -4.715
v 3.659 -1.942 -4.91
v 4.201 -1.799 -4.498
v 0.844 -2.789 -5.876
v 1.661 -2.733 -5.717
v 2.388 -2.653 -5.449
v 3.053 -2.538 -5.11
v 0.838 -2.289 -6.016
v 1.653 -2.241 -5.865
v 2.384 -2.171 -5.611
v 3.056 -2.067 -5.285
v 0.847 -1.375 -6.396
v 0.838 -1.818 -6.18
v 1.657 -1.776 -6.033
v 1.668 -1.343 -6.254
v 2.425 -1.279 -6.011
v 2.392 -1.711 -5.787
v 3.124 -1.193 -5.699
v 3.078 -1.62 -5.478
v 0.857 -0.935 -6.625
v 1.687 -0.907 -6.482
v 2.466 -0.848 -6.241
v 3.179 -0.768 -5.928
v 1.709 -0.466 -6.717
v 1.732 -0.01 -6.958
v 2.545 0.041 -6.714
v 2.503 -0.412 -6.479
v 0.987 8.003 -8.322
v 0.992 7.209 -8.487
v 3.787 7.038 -7.676
v 2.903 7.119 -8.049
v 2.894 7.901 -7.897
v 3.776 7.806 -7.531
v 1.967 7.176 -8.32
v 1.958 7.966 -8.159
v 0.877 -0.034 -7.103
v 0.866 -0.492 -6.86
v 6.427 -1.278 0.319
v 6.362 -1.395 -0.102
v 6.467 -1.089 -0.278
v 6.527 -1.007 0.098
v 6.59 -0.78 -0.466
v 6.668 -0.755 -0.128
v 6.717 -0.477 -0.664
v 6.824 -0.493 -0.385
v 6.961 -0.202 -0.622
v 6.832 -0.157 -0.868
v 6.918 0.156 -1.063
v 7.075 0.117 -0.803
v 7.249 0.779 -1.019
v 7.171 0.452 -0.923
v 6.307 -1.59 -0.666
v 6.395 -1.253 -0.847
v 6.502 -0.918 -1.031
v 7.323 3.044 -2.57
v 7.433 3.471 -2.44
v 7.546 3.274 -1.524
v 7.447 2.922 -1.711
v 7.504 2.787 -1.135
v 7.587 3.093 -0.947
v 7.562 2.656 -0.748
v 7.618 2.923 -0.597
v 7.126 2.245 -2.621
v 7.226 2.642 -2.61
v 5.326 11.79 3.405
v 5.023 11.937 3.785
v 4.719 12.053 4.17
v 4.421 12.136 4.552
v 4.133 12.185 4.929
v 3.847 12.208 5.287
v 3.57 12.212 5.626
v 3.299 12.202 5.929
v 3.042 12.191 6.186
v 2.793 12.204 6.374
v 5.618 11.62 3.021
v 5.909 11.418 2.644
v 6.19 11.192 2.259
v 6.455 10.943 1.855
v 6.714 10.652 1.447
v 6.964 10.308 1.048
v 7.193 9.911 0.662
v 7.393 9.465 0.297
v 7.56 8.968 -0.025
v 7.693 8.436 -0.306
v 7.79 7.868 -0.53
v 7.854 7.306 -0.725
v 7.751 3.76 -0.157
v 7.761 3.525 -0.029
v 7.775 4.089 -0.37
v 7.703 4.449 -1.778
v 7.82 4.524 -0.698
v -7.79 7.868 -0.53
v -7.854 7.306 -0.725
v -7.693 8.436 -0.306
v -7.56 8.968 -0.025
v -7.393 9.465 0.297
v -7.193 9.911 0.662
v -6.964 10.308 1.048
v -6.714 10.652 1.447
v -6.455 10.943 1.855
v -6.19 11.192 2.259
v -5.909 11.418 2.644
v -5.618 11.62 3.021
v -5.326 11.79 3.405
v -5.023 11.937 3.785
v -4.719 12.053 4.17
v -4.421 12.136 4.552
v -4.133 12.185 4.929
v -3.847 12.208 5.287
v -3.57 12.212 5.626
v -3.299 12.202 5.929
v -3.042 12.191 6.186
v -2.793 12.204 6.374
v 7.741 7.628 -1.691
v 7.673 8.231 -1.476
v 7.569 8.825 -1.211
v 7.415 9.387 -0.896
v 7.234 9.907 -0.534
v 7.015 10.376 -0.138
v 6.771 10.791 0.283
v 6.501 11.152 0.714
v 6.219 11.455 1.152
v 5.931 11.71 1.592
v 5.636 11.927 2.024
v 5.339 12.109 2.454
v 5.038 12.271 2.88
v 4.729 12.393 3.306
v 4.419 12.492 3.731
v 4.128 12.551 4.157
v 3.846 12.572 4.57
v 3.578 12.559 4.97
v 3.32 12.525 5.343
v 3.086 12.469 5.686
v 2.881 12.408 5.975
v -7.673 8.231 -1.476
v -7.741 7.628 -1.691
v -7.569 8.825 -1.211
v -7.415 9.387 -0.896
v -7.234 9.907 -0.534
v -7.015 10.376 -0.138
v -6.771 10.791 0.283
v -6.501 11.152 0.714
v -6.219 11.455 1.152
v -5.931 11.71 1.592
v -5.636 11.927 2.024
v -5.339 12.109 2.454
v -5.038 12.271 2.88
v -4.729 12.393 3.306
v -4.419 12.492 3.731
v -4.128 12.551 4.157
v -3.846 12.572 4.57
v -3.578 12.559 4.97
v -3.32 12.525 5.343
v -3.086 12.469 5.686
v -2.881 12.408 5.975
v 7.482 7.956 -2.716
v 7.41 8.588 -2.47
v 7.303 9.214 -2.166
v 7.156 9.807 -1.813
v 6.965 10.353 -1.411
v 6.734 10.841 -0.97
v 6.476 11.272 -0.507
v 6.189 11.64 -0.04
v 5.887 11.953 0.429
v 5.585 12.219 0.904
v 5.269 12.431 1.374
v 4.957 12.606 1.851
v 4.646 12.746 2.332
v 4.338 12.858 2.805
v 4.036 12.922 3.286
v 3.751 12.959 3.756
v 3.48 12.95 4.216
v 3.224 12.913 4.655
v 2.995 12.834 5.082
v 2.794 12.73 5.482
v 2.636 12.604 5.847
v -7.41 8.588 -2.47
v -7.482 7.956 -2.716
v -7.303 9.214 -2.166
v -7.156 9.807 -1.813
v -6.965 10.353 -1.411
v -6.734 10.841 -0.97
v -6.476 11.272 -0.507
v -6.189 11.64 -0.04
v -5.887 11.953 0.429
v -5.585 12.219 0.904
v -5.269 12.431 1.374
v -4.957 12.606 1.851
v -4.646 12.746 2.332
v -4.338 12.858 2.805
v -4.036 12.922 3.286
v -3.751 12.959 3.756
v -3.48 12.95 4.216
v -3.224 12.913 4.655
v -2.995 12.834 5.082
v -2.794 12.73 5.482
v -2.636 12.604 5.847
v 7.07 8.272 -3.732
v 7 8.937 -3.465
v 6.893 9.586 -3.13
v 6.746 10.204 -2.741
v 6.56 10.777 -2.299
v 6.331 11.286 -1.811
v 6.071 11.722 -1.29
v 5.78 12.102 -0.785
v 5.47 12.421 -0.285
v 5.156 12.68 0.231
v 4.831 12.888 0.744
v 4.516 13.05 1.282
v 2.533 12.461 6.166
v 2.323 12.786 5.755
v 2.24 12.588 6.157
v -7 8.937 -3.465
v -7.07 8.272 -3.732
v -6.893 9.586 -3.13
v -6.746 10.204 -2.741
v -6.56 10.777 -2.299
v -6.331 11.286 -1.811
v -6.071 11.722 -1.29
v -5.78 12.102 -0.785
v -5.47 12.421 -0.285
v -5.156 12.68 0.231
v -4.831 12.888 0.744
v -4.516 13.05 1.282
v -2.533 12.461 6.166
v -2.24 12.588 6.157
v -2.323 12.786 5.755
v 6.522 8.554 -4.676
v 6.452 9.241 -4.395
v 6.344 9.915 -4.053
v 6.2 10.56 -3.643
v 6.013 11.153 -3.161
v 5.795 11.679 -2.624
v 5.567 12.118 -2.019
v 5.299 12.494 -1.438
v 5 12.803 -0.882
v 4.692 13.049 -0.321
v 4.375 13.248 0.246
v 4.046 13.405 0.817
v 1.988 12.938 5.695
v 1.914 12.709 6.152
v -1.988 12.938 5.695
v -1.914 12.709 6.152
v -1.572 12.808 6.15
v -1.642 13.06 5.657
v 5.925 8.789 -5.422
v 5.869 9.496 -5.111
v 5.776 10.186 -4.735
v 5.65 10.844 -4.272
v 5.486 11.451 -3.746
v 5.285 11.989 -3.172
v 5.052 12.444 -2.568
v 4.797 12.815 -1.947
v 4.523 13.106 -1.331
v 4.231 13.337 -0.732
v 3.911 13.53 -0.146
v 3.566 13.69 0.445
v 1.216 12.889 6.15
v 1.275 13.157 5.63
v 0.876 13.232 5.616
v 0.838 12.952 6.153
v -2.457 12.959 5.325
v 2.457 12.959 5.325
v -2.101 13.141 5.213
v -1.737 13.287 5.139
v 2.101 13.141 5.213
v -0.931 13.485 5.051
v -0.876 13.232 5.616
v -0.436 13.284 5.607
v -0.465 13.546 5.028
v 0.931 13.485 5.051
v 1.351 13.397 5.087
v -2.629 13.103 4.868
v 2.629 13.103 4.868
v -2.252 13.309 4.712
v -1.864 13.476 4.601
v 2.252 13.309 4.712
v -1.003 13.704 4.471
v -0.505 13.773 4.436
v 1.003 13.704 4.471
v 1.453 13.604 4.525
v -2.839 13.21 4.395
v 2.839 13.21 4.395
v -2.431 13.448 4.187
v -2.02 13.631 4.041
v 2.431 13.448 4.187
v -1.093 13.887 3.878
v -0.554 13.963 3.831
v 1.093 13.887 3.878
v 1.583 13.774 3.947
v -3.065 13.286 3.893
v 3.065 13.286 3.893
v -1.204 14.034 3.269
v -0.61 14.119 3.225
v 1.204 14.034 3.269
v 1.735 13.908 3.355
v -3.597 13.31 2.87
v -3.888 13.261 2.343
v 3.597 13.31 2.87
v 3.888 13.261 2.343
v -4.198 13.173 1.818
v 4.198 13.173 1.818
v -3.707 13.595 -1.088
v -3.986 13.371 -1.712
v 3.707 13.595 -1.088
v 3.986 13.371 -1.712
v -4.246 13.082 -2.354
v 4.246 13.082 -2.354
v -4.483 12.715 -3.006
v 4.483 12.715 -3.006
v -4.699 12.262 -3.649
v 4.699 12.262 -3.649
v -7.894 6.191 -0.965
v -7.89 5.628 -0.968
v -7.886 6.746 -0.87
v -7.862 5.066 -0.89
v 7.89 5.628 -0.968
v 7.894 6.191 -0.965
v 7.886 6.746 -0.87
v 7.862 5.066 -0.89
v -7.784 6.422 -1.966
v -7.775 5.809 -2.006
v -7.776 7.026 -1.857
v -7.744 5.171 -1.959
v 7.775 5.809 -2.006
v 7.784 6.422 -1.966
v 7.776 7.026 -1.857
v 7.744 5.171 -1.959
v -2.206 13.749 3.472
v -2.638 13.551 3.64
v 2.638 13.551 3.64
v -3.126 13.629 2.519
v -3.408 13.598 1.947
v 3.408 13.598 1.947
v 3.126 13.629 2.519
v -3.719 13.522 1.387
v 3.719 13.522 1.387
v -2.642 13.866 2.293
v -2.904 13.862 1.684
v 2.904 13.862 1.684
v 2.642 13.866 2.293
v -3.213 13.807 1.054
v 3.213 13.807 1.054
v -1.257 14.173 -2.23
v -1.389 13.995 -2.837
v -2.078 13.905 -2.645
v -1.881 14.1 -2.033
v 1.389 13.995 -2.837
v 1.257 14.173 -2.23
v 1.881 14.1 -2.033
v 2.078 13.905 -2.645
v -0.629 14.22 -2.345
v 0 14.246 -2.383
v 0 14.081 -2.994
v -0.697 14.051 -2.954
v 0.629 14.22 -2.345
v 0.697 14.051 -2.954
v -2.502 13.984 -1.761
v -2.748 13.776 -2.383
v 2.502 13.984 -1.761
v 2.748 13.776 -2.383
v -3.117 13.818 -1.437
v -3.392 13.596 -2.065
v 3.117 13.818 -1.437
v 3.392 13.596 -2.065
v -1.505 13.742 -3.504
v -2.244 13.644 -3.312
v 1.505 13.742 -3.504
v 2.244 13.644 -3.312
v 0 13.833 -3.662
v -0.753 13.802 -3.62
v 0.753 13.802 -3.62
v -2.957 13.505 -3.05
v 2.957 13.505 -3.05
v -3.628 13.315 -2.725
v 3.628 13.315 -2.725
v -1.608 13.397 -4.209
v -2.392 13.296 -4.012
v 1.608 13.397 -4.209
v 2.392 13.296 -4.012
v 0 13.491 -4.373
v -0.806 13.46 -4.328
v 0.806 13.46 -4.328
v -3.144 13.151 -3.74
v 3.144 13.151 -3.74
v -3.847 12.954 -3.4
v 3.847 12.954 -3.4
v -1.697 12.952 -4.92
v -2.521 12.851 -4.716
v 1.697 12.952 -4.92
v 2.521 12.851 -4.716
v 0 13.045 -5.094
v -0.852 13.013 -5.044
v 0.852 13.013 -5.044
v -3.308 12.704 -4.432
v 3.308 12.704 -4.432
v -4.039 12.505 -4.071
v 4.039 12.505 -4.071
v -4.885 11.724 -4.26
v 4.885 11.724 -4.26
v -1.771 12.407 -5.604
v -2.629 12.307 -5.39
v 1.771 12.407 -5.604
v 2.629 12.307 -5.39
v 0 12.496 -5.791
v -0.889 12.466 -5.735
v 0.889 12.466 -5.735
v -3.446 12.161 -5.091
v 3.446 12.161 -5.091
v -4.202 11.964 -4.71
v 4.202 11.964 -4.71
v -5.038 11.112 -4.82
v 5.038 11.112 -4.82
v -1.829 11.77 -6.228
v -2.714 11.674 -6.003
v 1.829 11.77 -6.228
v 2.714 11.674 -6.003
v 0 11.857 -6.428
v -0.919 11.827 -6.366
v 0.919 11.827 -6.366
v -3.554 11.532 -5.692
v 3.554 11.532 -5.692
v -4.333 11.343 -5.294
v 4.333 11.343 -5.294
v -5.152 10.441 -5.313
v 5.152 10.441 -5.313
v -1.873 11.069 -6.774
v -2.776 10.978 -6.542
v 1.873 11.069 -6.774
v 2.776 10.978 -6.542
v 0 11.149 -6.986
v -0.943 11.123 -6.919
v 0.943 11.123 -6.919
v -3.636 10.844 -6.221
v 3.636 10.844 -6.221
v -4.432 10.663 -5.809
v 4.432 10.663 -5.809
v -5.232 9.734 -5.724
v 5.232 9.734 -5.724
v -1.908 10.325 -7.245
v -2.825 10.238 -7.004
v 1.908 10.325 -7.245
v 2.825 10.238 -7.004
v 0 10.398 -7.464
v -0.96 10.376 -7.393
v 0.96 10.376 -7.393
v -3.697 10.114 -6.676
v 3.697 10.114 -6.676
v -4.505 9.942 -6.248
v 4.505 9.942 -6.248
v -5.278 9.004 -6.051
v 5.278 9.004 -6.051
v -1.932 9.552 -7.637
v -2.859 9.472 -7.39
v 1.932 9.552 -7.637
v 2.859 9.472 -7.39
v 0 9.615 -7.867
v -0.974 9.598 -7.792
v 0.974 9.598 -7.792
v -3.737 9.352 -7.04
v 3.737 9.352 -7.04
v -4.545 9.192 -6.594
v 4.545 9.192 -6.594
v -5.959 8.077 -5.666
v -6.561 7.858 -4.895
v -7.516 7.316 -2.9
v -7.114 7.602 -3.94
v -5.308 8.271 -6.309
v -1.946 8.76 -7.931
v -2.877 8.685 -7.673
v 0.981 8.802 -8.092
v 0 8.818 -8.168
v -0.981 8.802 -8.092
v -3.758 8.579 -7.316
v -4.571 8.439 -6.86
v 1.946 8.76 -7.931
v 2.877 8.685 -7.673
v 3.758 8.579 -7.316
v 4.571 8.439 -6.86
v 5.308 8.271 -6.309
v 5.959 8.077 -5.666
v 6.561 7.858 -4.895
v 7.114 7.602 -3.94
v 7.516 7.316 -2.9
v -5.943 5.972 -6.042
v -6.55 5.804 -5.231
v -5.307 6.096 -6.695
v -4.587 6.199 -7.269
v 0 6.432 -8.657
v -0.994 6.422 -8.578
v -2.906 6.349 -8.135
v -3.786 6.284 -7.753
v -1.968 6.394 -8.408
v 6.55 5.804 -5.231
v 5.943 5.972 -6.042
v 5.307 6.096 -6.695
v 4.587 6.199 -7.269
v 0.994 6.422 -8.578
v 3.786 6.284 -7.753
v 2.906 6.349 -8.135
v 1.968 6.394 -8.408
v 7.529 6.674 -3.032
v 7.132 6.929 -4.082
v -7.132 6.929 -4.082
v -7.529 6.674 -3.032
v 7.522 6.028 -3.114
v 7.126 6.261 -4.19
v -7.126 6.261 -4.19
v -7.522 6.028 -3.114
v 7.49 5.379 -3.154
v 7.088 5.6 -4.265
v -7.088 5.6 -4.265
v -7.49 5.379 -3.154
v -5.278 5.394 -6.708
v -5.902 5.296 -6.063
v 5.902 5.296 -6.063
v 5.278 5.394 -6.708
v -6.493 5.149 -5.274
v 6.493 5.149 -5.274
v 7.425 4.733 -3.179
v 7.015 4.962 -4.322
v -7.015 4.962 -4.322
v -7.425 4.733 -3.179
v -5.243 4.709 -6.679
v -5.852 4.638 -6.045
v 5.852 4.638 -6.045
v 5.243 4.709 -6.679
v -6.413 4.518 -5.281
v 6.413 4.518 -5.281
v 7.561 3.919 -2.187
v 7.295 4.17 -3.347
v 6.911 4.361 -4.379
v -6.911 4.361 -4.379
v -7.295 4.17 -3.347
v -7.561 3.919 -2.187
v -5.189 4.042 -6.62
v -5.784 3.997 -5.991
v 6.322 3.917 -5.265
v 5.784 3.997 -5.991
v 7.171 3.652 -3.456
v 6.797 3.799 -4.414
v -6.322 3.917 -5.265
v -6.797 3.799 -4.414
v -7.171 3.652 -3.456
v -7.053 3.17 -3.513
v -6.944 2.719 -3.518
v -6.848 2.274 -3.47
v -6.745 1.851 -3.416
v -6.642 1.439 -3.348
v -6.536 1.04 -3.262
v 7.053 3.17 -3.513
v 6.944 2.719 -3.518
v 6.848 2.274 -3.47
v 6.745 1.851 -3.416
v 6.642 1.439 -3.348
v 6.536 1.04 -3.262
v -4.575 5.474 -7.288
v 0 5.648 -8.683
v -0.991 5.641 -8.605
v -2.903 5.588 -8.159
v -3.779 5.538 -7.774
v -1.965 5.622 -8.434
v 4.575 5.474 -7.288
v 0.991 5.641 -8.605
v 3.779 5.538 -7.774
v 2.903 5.588 -8.159
v 1.965 5.622 -8.434
v -4.553 4.765 -7.255
v 0 4.877 -8.658
v -0.987 4.875 -8.582
v -2.891 4.841 -8.138
v -3.765 4.807 -7.746
v -1.958 4.863 -8.413
v 4.553 4.765 -7.255
v 0.987 4.875 -8.582
v 3.765 4.807 -7.746
v 2.891 4.841 -8.138
v 1.958 4.863 -8.413
v -4.508 4.073 -7.187
v 0 4.128 -8.583
v -0.98 4.13 -8.509
v -2.868 4.113 -8.07
v -3.728 4.096 -7.676
v -1.942 4.124 -8.34
v 5.189 4.042 -6.62
v 4.508 4.073 -7.187
v 0.98 4.13 -8.509
v 3.728 4.096 -7.676
v 2.868 4.113 -8.07
v 1.942 4.124 -8.34
v 6.683 3.269 -4.411
v 6.217 3.346 -5.215
v 5.702 3.386 -5.905
v 5.12 3.405 -6.523
v 4.443 3.413 -7.075
v 3.674 3.417 -7.558
v 2.829 3.417 -7.95
v 1.919 3.418 -8.222
v 0.969 3.415 -8.388
v 0 3.41 -8.463
v -0.969 3.415 -8.388
v -1.919 3.418 -8.222
v -2.829 3.417 -7.95
v -3.674 3.417 -7.558
v -4.443 3.413 -7.075
v -5.12 3.405 -6.523
v -5.702 3.386 -5.905
v -6.217 3.346 -5.215
v -6.683 3.269 -4.411
v 6.574 2.768 -4.371
v 6.116 2.799 -5.127
v 5.61 2.809 -5.798
v 5.043 2.802 -6.402
v 4.369 2.79 -6.937
v 3.615 2.774 -7.411
v 2.784 2.758 -7.794
v 1.892 2.747 -8.064
v 0.955 2.738 -8.228
v 0 2.73 -8.303
v -0.955 2.738 -8.228
v -1.892 2.747 -8.064
v -2.784 2.758 -7.794
v -3.615 2.774 -7.411
v -4.369 2.79 -6.937
v -5.043 2.802 -6.402
v -5.61 2.809 -5.798
v -6.116 2.799 -5.127
v -6.574 2.768 -4.371
v 6.47 2.285 -4.287
v 6.013 2.284 -5.018
v 5.509 2.268 -5.669
v 4.952 2.236 -6.255
v 4.291 2.203 -6.775
v 3.55 2.169 -7.233
v 2.735 2.139 -7.607
v 1.861 2.118 -7.87
v 0.941 2.103 -8.033
v 0 2.093 -8.106
v -0.941 2.103 -8.033
v -1.861 2.118 -7.87
v -2.735 2.139 -7.607
v -3.55 2.169 -7.233
v -4.291 2.203 -6.775
v -4.952 2.236 -6.255
v -5.509 2.268 -5.669
v -6.013 2.284 -5.018
v -6.47 2.285 -4.287
v 6.361 1.83 -4.197
v 5.906 1.798 -4.9
v 5.402 1.761 -5.527
v 4.853 1.708 -6.088
v 4.21 1.653 -6.596
v 3.482 1.603 -7.038
v 2.684 1.56 -7.397
v 1.826 1.53 -7.655
v 0.923 1.512 -7.814
v 0 1.5 -7.885
v -0.923 1.512 -7.814
v -1.826 1.53 -7.655
v -2.684 1.56 -7.397
v -3.482 1.603 -7.038
v -4.21 1.653 -6.596
v -4.853 1.708 -6.088
v -5.402 1.761 -5.527
v -5.906 1.798 -4.9
v -6.361 1.83 -4.197
v 6.253 1.391 -4.095
v 5.796 1.339 -4.77
v 5.298 1.28 -5.375
v 4.753 1.211 -5.912
v 4.126 1.137 -6.403
v 3.414 1.074 -6.829
v 2.635 1.021 -7.177
v 1.796 0.983 -7.43
v 0.907 0.961 -7.585
v 0 0.948 -7.654
v -0.907 0.961 -7.585
v -1.796 0.983 -7.43
v -2.635 1.021 -7.177
v -3.414 1.074 -6.829
v -4.126 1.137 -6.403
v -4.753 1.211 -5.912
v -5.298 1.28 -5.375
v -5.796 1.339 -4.77
v -6.253 1.391 -4.095
v 6.144 0.971 -3.98
v 5.687 0.898 -4.63
v 5.193 0.823 -5.213
v 4.657 0.739 -5.727
v 4.043 0.654 -6.199
v 3.348 0.579 -6.61
v 2.586 0.516 -6.949
v 1.763 0.472 -7.195
v 0.888 0.449 -7.344
v 0 0.434 -7.412
v -0.888 0.449 -7.344
v -1.763 0.472 -7.195
v -2.586 0.516 -6.949
v -3.348 0.579 -6.61
v -4.043 0.654 -6.199
v -4.657 0.739 -5.727
v -5.193 0.823 -5.213
v -5.687 0.898 -4.63
v -6.144 0.971 -3.98
v 2.516 12.273 6.473
v -2.516 12.273 6.473
v 2.205 12.366 6.534
v -2.205 12.366 6.534
v 1.87 12.457 6.58
v -1.87 12.457 6.58
v 1.528 12.536 6.614
v -1.528 12.536 6.614
v 0 12.701 6.677
v -0.405 12.686 6.669
v 1.177 12.599 6.64
v -1.177 12.599 6.64
v 0.801 12.651 6.657
v -0.801 12.651 6.657
v 0.405 12.686 6.669
v 2.741 12.36 6.176
v -2.741 12.36 6.176
v 1.572 12.808 6.15
v 0 13.012 6.159
v -0.412 12.996 6.155
v -1.216 12.889 6.15
v -0.838 12.952 6.153
v 0.412 12.996 6.155
v 2.02 13.631 4.041
v 2.206 13.749 3.472
v 1.864 13.476 4.601
v 1.737 13.287 5.139
v 1.642 13.06 5.657
v -1.275 13.157 5.63
v -1.351 13.397 5.087
v -1.453 13.604 4.525
v -1.583 13.774 3.947
v -1.735 13.908 3.355
v 0 13.995 3.813
v 0.554 13.963 3.831
v 0.61 14.119 3.225
v 0 14.155 3.203
v 0 13.801 4.419
v 0.505 13.773 4.436
v 0 13.569 5.02
v 0.465 13.546 5.028
v 0 13.305 5.603
v 0.436 13.284 5.607
v -3.319 13.319 3.381
v 3.319 13.319 3.381
v -2.866 13.608 3.083
v 2.866 13.608 3.083
v 2.41 13.826 2.89
v -2.41 13.826 2.89
v -1.899 14.011 2.753
v 1.899 14.011 2.753
v -2.088 14.074 2.13
v 2.088 14.074 2.13
v -2.306 14.098 1.471
v 2.306 14.098 1.471
v -2.586 14.072 0.774
v 2.586 14.072 0.774
v -3.001 13.947 0.126
v 3.001 13.947 0.126
v -3.392 13.778 -0.482
v 3.392 13.778 -0.482
v 0 14.287 2.585
v -0.665 14.248 2.604
v 0.665 14.248 2.604
v 1.313 14.151 2.659
v -1.313 14.151 2.659
v 1.436 14.241 2.014
v 0.726 14.345 1.964
v 0 14.388 1.947
v -0.726 14.345 1.964
v -1.436 14.241 2.014
v 1.11 14.291 -1.694
v 1.654 14.237 -1.485
v 0.56 14.328 -1.805
v 0 14.35 -1.839
v -0.56 14.328 -1.805
v -1.11 14.291 -1.694
v 0.469 14.441 -0.94
v 0.823 14.411 -0.958
v 0.957 14.375 -1.254
v 0.497 14.407 -1.34
v 0 14.462 -0.929
v 0 14.427 -1.361
v -0.469 14.441 -0.94
v -0.497 14.407 -1.34
v -0.823 14.411 -0.958
v -0.957 14.375 -1.254
v 0.808 14.451 0.579
v 1.752 14.312 0.44
v 1.34 14.386 -0.236
v 0.679 14.468 -0.04
v 0 14.496 0.618
v 0 14.505 0.019
v -0.808 14.451 0.579
v -0.679 14.468 -0.04
v -1.752 14.312 0.44
v -1.34 14.386 -0.236
v -1.654 14.237 -1.485
v -2.211 14.15 -1.186
v 2.211 14.15 -1.186
v -2.798 13.996 -0.831
v 2.798 13.996 -0.831
v 0 14.458 1.284
v 0.784 14.413 1.284
v -0.784 14.413 1.284
v 1.583 14.299 1.305
v -1.583 14.299 1.305
v -1.029 14.412 -0.688
v -0.548 14.468 -0.537
v 0 14.493 -0.491
v 0.548 14.468 -0.537
v 1.029 14.412 -0.688
v -1.382 14.335 -1.022
v 1.382 14.335 -1.022
v -1.841 14.278 -0.667
v 1.841 14.278 -0.667
v -2.372 14.161 -0.231
v 2.372 14.161 -0.231
v 6.652 -1.26 0.667
v 6.547 -1.49 0.86
v 7.98 3.348 0.027
v 8.149 3.461 -0.084
v 8.181 3.141 -0.63
v 8.167 3.346 -0.377
v 6.773 -1.064 0.388
v 6.944 -1.456 0.622
v 7.072 -1.249 0.333
v 7.19 -1.061 0.041
v 7.327 -0.824 -0.255
v 7.967 3.254 -0.185
v 7.965 3.065 -0.37
v 7.724 1.317 -0.95
v 7.656 0.968 -0.962
v 7.74 0.108 -0.913
v 7.844 0.445 -1.046
v 7.89 2.261 -0.805
v 7.859 1.953 -0.885
v 7.799 1.65 -0.941
v 7.916 0.826 -1.091
v 7.99 1.185 -1.146
v 8.041 1.541 -1.167
v 8.151 2.564 -0.997
v 8.17 2.866 -0.834
v 7.476 -0.53 -0.533
v 7.611 -0.218 -0.758
v 6.818 -1.614 0.888
v 8.093 1.891 -1.166
v 8.128 2.232 -1.11
v 6.919 -0.836 0.078
v 7.081 -0.616 -0.226
v 7.356 -0.055 -0.729
v 7.22 -0.346 -0.496
v 7.582 0.622 -0.963
v 7.484 0.285 -0.863
v 7.948 2.834 -0.545
v 7.919 2.559 -0.679
v -6.652 -1.26 0.667
v -6.547 -1.49 0.86
v -7.98 3.348 0.027
v -8.149 3.461 -0.084
v -7.965 3.065 -0.37
v -8.181 3.141 -0.63
v -8.167 3.346 -0.377
v -7.967 3.254 -0.185
v -6.773 -1.064 0.388
v -6.944 -1.456 0.622
v -7.072 -1.249 0.333
v -7.19 -1.061 0.041
v -6.919 -0.836 0.078
v -7.327 -0.824 -0.255
v -7.081 -0.616 -0.226
v -7.656 0.968 -0.962
v -7.724 1.317 -0.95
v -7.582 0.622 -0.963
v -7.484 0.285 -0.863
v -7.74 0.108 -0.913
v -7.844 0.445 -1.046
v -7.89 2.261 -0.805
v -7.859 1.953 -0.885
v -7.799 1.65 -0.941
v -7.916 0.826 -1.091
v -7.99 1.185 -1.146
v -8.041 1.541 -1.167
v -8.151 2.564 -0.997
v -8.17 2.866 -0.834
v -7.948 2.834 -0.545
v -7.919 2.559 -0.679
v -7.476 -0.53 -0.533
v -7.22 -0.346 -0.496
v -7.611 -0.218 -0.758
v -7.356 -0.055 -0.729
v -6.818 -1.614 0.888
v -8.093 1.891 -1.166
v -8.128 2.232 -1.11
v -5.255 -15.669 2.801
v -5.706 -15.869 2.925
v -5.322 -16.059 3.256
v -4.907 -15.858 3.114
v -6.547 -15.842 2.654
v -6.187 -16.065 3.056
v -6.03 -15.655 2.552
v -5.556 -15.443 2.457
v -3.981 -16.171 3.667
v -4.285 -16.392 3.834
v -3.632 -16.53 4.089
v -3.375 -16.302 3.919
v -2.989 -16.651 4.278
v -2.798 -16.405 4.086
v -5.75 -16.269 3.41
v -3.905 -16.785 4.274
v -4.593 -16.635 4.013
v -4.94 -16.916 4.193
v -5.321 -17.253 4.357
v -4.52 -17.414 4.631
v -4.204 -17.077 4.453
v -3.709 -17.543 4.847
v -3.452 -17.211 4.66
v -7.718 -12.582 -6.584
v -9.191 -13.446 -6.927
v -9.041 -12.573 -5.412
v -7.918 -12.122 -5.651
v -10.536 -13.385 -5.715
v -11.583 -13.489 -4.461
v -10.8 -13.136 -3.67
v -10.052 -12.832 -4.639
v -4.854 -16.233 3.555
v -4.492 -16.024 3.403
v -5.219 -16.462 3.724
v -7.765 -16.272 2.831
v -7.302 -16.566 3.283
v -6.724 -16.289 3.187
v -7.123 -16.033 2.754
v -6.734 -16.825 3.687
v -6.219 -16.511 3.565
v -6.065 -17.057 4.046
v -5.621 -16.726 3.896
v -4.851 -17.796 4.788
v -3.968 -17.915 5.022
v -5.716 -17.655 4.496
v -7.918 -16.939 3.341
v -7.283 -17.23 3.775
v -6.542 -17.467 4.156
v -5.175 -18.227 4.929
v -5.491 -18.681 5.072
v -4.486 -18.733 5.313
v -4.23 -18.315 5.17
v -6.13 -18.111 4.62
v -6.53 -18.618 4.755
v -8.566 -17.412 3.353
v -9.284 -17.956 3.369
v -8.549 -18.335 3.926
v -7.882 -17.734 3.834
v -7.583 -18.52 4.374
v -7.046 -17.957 4.259
v -6.91 -19.16 4.915
v -5.746 -19.158 5.233
v -10.632 -17.931 2.728
v -10.044 -18.539 3.42
v -9.849 -17.464 2.772
v -9.364 -19.146 4.071
v -8.16 -19.163 4.526
v -2.158 -17.768 5.035
v -1.436 -17.866 5.03
v -1.347 -17.554 4.812
v -2.019 -17.45 4.826
v -2.371 -16.764 4.376
v -2.231 -16.507 4.167
v -3.214 -16.912 4.468
v -2.536 -17.035 4.583
v -2.913 -17.659 4.983
v -2.72 -17.331 4.785
v -4.743 -19.165 5.449
v -3.6 -19.167 5.639
v -3.478 -18.774 5.492
v -5.734 -9.432 -1.616
v -5.825 -9.756 -2.067
v -6.076 -10.365 -1.792
v -5.917 -10.063 -1.343
v -12.3 -15.067 -0.474
v -12.044 -15.725 0.468
v -11.091 -15.607 0.632
v -11.309 -15.036 -0.185
v -11.14 -17.295 2.051
v -10.34 -16.904 2.138
v -6.327 -10.661 -2.28
v -6.643 -11.205 -1.961
v -6.323 -10.946 -1.496
v -7.335 -14.41 0.592
v -7.23 -14.849 1.087
v -6.68 -14.636 1.166
v -6.794 -14.198 0.735
v -6.915 -11.763 -1.601
v -7.134 -12.336 -1.194
v -6.694 -12.112 -0.823
v -6.529 -11.527 -1.176
v -6.837 -15.565 2.162
v -6.299 -15.381 2.107
v -7.056 -11.192 -3.383
v -7.595 -11.653 -3.008
v -7.072 -11.444 -2.461
v -6.661 -10.937 -2.8
v -6.475 -10.728 -3.699
v -6.211 -10.421 -3.108
v -8.055 -12.143 -2.534
v -8.42 -12.655 -1.968
v -7.704 -12.521 -1.588
v -7.419 -11.967 -2.055
v -8.732 -14.737 0.298
v -8.6 -15.155 0.936
v -7.868 -15.015 1.021
v -7.979 -14.585 0.454
v -8.647 -13.197 -1.435
v -7.905 -13.081 -1.101
v -8.123 -15.932 2.272
v -7.449 -15.742 2.234
v -6.745 -11.05 -4.338
v -7.46 -11.454 -4.027
v -8.756 -12.325 -3.056
v -9.2 -12.799 -2.405
v -9.461 -13.313 -1.776
v -8.436 -16.605 2.849
v -6.957 -11.376 -5.027
v -7.797 -11.745 -4.779
v -9.463 -12.518 -3.75
v -10.001 -12.946 -2.97
v -10.32 -13.414 -2.195
v -9.13 -17.014 2.821
v -7.004 -11.72 -5.726
v -11.207 -13.492 -2.727
v -8.68 -12.126 -4.391
v -8.162 -11.878 -3.612
v -6.094 -10.683 -1.064
v -5.517 -8.789 -1.877
v -5.539 -9.14 -2.338
v -5.602 -9.508 -2.844
v -5.987 -10.094 -2.57
v -5.865 -10.263 -3.98
v -5.71 -9.889 -3.391
v -6.028 -10.647 -4.601
v -6.173 -11.037 -5.233
v -6.25 -11.412 -5.811
v -5.269 -8.121 -2.131
v -5.206 -8.499 -2.602
v -5.172 -8.898 -3.118
v -5.173 -9.323 -3.676
v -5.208 -9.77 -4.265
v -5.378 -10.728 -5.473
v -5.497 -11.21 -6.026
v -4.606 -8.712 -3.974
v -4.486 -9.249 -4.56
v -4.509 -10.455 -5.734
v -4.623 -11.059 -6.285
v -4.835 -11.671 -6.801
v -5.697 -11.683 -6.5
v -4.025 -8.045 -4.285
v -3.669 -8.662 -4.881
v -3.537 -10.202 -6.001
v -3.616 -10.938 -6.535
v -3.78 -11.661 -7.077
v -3.445 -7.291 -4.569
v -2.643 -7.915 -5.272
v -2.451 -9.981 -6.248
v -2.499 -10.819 -6.754
v -2.593 -11.639 -7.303
v -3.063 -6.441 -4.71
v -2.241 -6.77 -5.252
v -1.255 -9.831 -6.469
v -1.289 -10.709 -6.944
v -1.327 -11.597 -7.47
v -5.808 -15.153 2.075
v -6.239 -11.289 -0.772
v -6.354 -11.884 -0.463
v -6.81 -12.672 -0.461
v -6.429 -12.448 -0.142
v -7.294 -12.896 -0.775
v -12.091 -13.707 -3.402
v -6.206 -14.403 1.28
v -6.338 -13.967 0.9
v -8.847 -16.187 2.269
v -9.587 -16.524 2.229
v -6.513 -15.042 1.631
v -6.026 -14.808 1.677
v -7.065 -15.241 1.623
v -8.402 -15.554 1.618
v -7.693 -15.404 1.632
v -11.615 -16.527 1.328
v -10.756 -16.266 1.439
v -9.395 -15.295 0.844
v -9.166 -15.732 1.583
v -10.223 -15.447 0.75
v -9.952 -15.976 1.528
v -5.021 -7.452 -2.378
v -4.878 -7.83 -2.865
v -2.823 -5.649 -4.822
v -2.02 -5.878 -5.281
v 0 -9.751 -6.579
v 0 -10.641 -7.041
v 0 -11.545 -7.546
v -1.679 -16.608 4.179
v -1.776 -16.879 4.393
v -1.19 -16.979 4.37
v -1.127 -16.695 4.155
v -2.662 -4.937 -4.933
v -1.877 -5.118 -5.336
v -1.891 -17.154 4.611
v -2.624 -19.189 5.74
v -2.553 -18.821 5.588
v -3.111 -18.012 5.17
v -3.305 -18.386 5.338
v -4.797 -6.776 -2.611
v -4.571 -7.144 -3.115
v -4.611 -6.099 -2.83
v -4.309 -6.446 -3.343
v -12.365 -14.058 -2.335
v -11.399 -13.968 -1.839
v -10.46 -13.918 -1.474
v -9.588 -13.832 -1.173
v -8.763 -13.721 -0.902
v -8.013 -13.591 -0.611
v -7.379 -13.42 -0.347
v -6.867 -13.2 -0.084
v -6.456 -12.976 0.187
v -12.416 -14.512 -1.402
v -11.412 -14.489 -1.02
v -8.787 -14.256 -0.311
v -8.028 -14.115 -0.083
v -7.388 -13.924 0.116
v -6.86 -13.71 0.319
v -6.426 -13.483 0.535
v -10.393 -14.966 -0.013
v -9.54 -14.861 0.136
v -2.3 -18.106 5.237
v -2.435 -18.457 5.42
v -1.264 -17.261 4.591
v -1.686 -18.872 5.621
v -1.614 -18.526 5.439
v -1.526 -18.193 5.242
v -0.847 -18.918 5.624
v -0.874 -19.275 5.784
v 0 -19.308 5.784
v 0 -18.943 5.62
v -0.809 -18.582 5.428
v 0 -18.611 5.419
v -0.767 -18.257 5.226
v 0 -18.287 5.214
v -0.722 -17.936 5.01
v 0 -17.968 4.996
v 0 -17.659 4.768
v -0.678 -17.63 4.786
v -0.637 -17.337 4.557
v 0 -17.37 4.538
v 0 -17.081 4.313
v -0.601 -17.047 4.333
v -0.57 -16.754 4.119
v 0 -16.786 4.099
v -9.605 -14.365 -0.537
v -10.474 -14.448 -0.758
v -4.737 -8.247 -3.399
v -4.32 -7.56 -3.675
v -3.947 -6.833 -3.924
v -3.658 -6.09 -4.121
v -3.45 -5.38 -4.294
v -3.297 -4.724 -4.464
v -4.46 -5.441 -3.039
v -4.101 -5.749 -3.546
v -4.333 -4.835 -3.262
v -3.928 -5.104 -3.757
v -4.241 -4.26 -3.479
v -3.803 -4.494 -3.961
v -2.488 -9.048 -5.771
v -1.275 -7.883 -5.754
v -1.255 -8.898 -6.056
v 0 -7.869 -5.905
v 0 -8.832 -6.186
v -1.155 -6.887 -5.618
v 0 -6.921 -5.749
v -1.04 -6.007 -5.572
v -0.964 -5.228 -5.574
v 0 -6.047 -5.684
v 0 -5.266 -5.671
v -3.544 -9.443 -5.442
v -4.458 -9.851 -5.144
v -5.281 -10.241 -4.872
v -1.73 -19.228 5.776
v -2.746 -12.495 -7.888
v -3.971 -12.438 -7.684
v -1.395 -12.535 -8.028
v 0 -12.52 -8.073
v -5.144 -12.331 -7.349
v -3.039 -13.443 -8.509
v -4.38 -13.261 -8.286
v -1.513 -13.572 -8.618
v 0 -13.591 -8.627
v -6.767 -12.86 -7.393
v -7.741 -13.64 -7.893
v -5.636 -13.043 -7.893
v -6.372 -13.879 -8.484
v -6.799 -12.04 -6.371
v -6.256 -11.699 -6.236
v -6.104 -12.199 -6.916
v -5.013 -14.152 -8.906
v -3.357 -14.475 -9.15
v -1.667 -14.736 -9.232
v 0 -14.876 -9.217
v 5.255 -15.669 2.801
v 4.907 -15.858 3.114
v 5.322 -16.059 3.256
v 5.706 -15.869 2.925
v 6.547 -15.842 2.654
v 6.03 -15.655 2.552
v 6.187 -16.065 3.056
v 5.556 -15.443 2.457
v 4.285 -16.392 3.834
v 3.981 -16.171 3.667
v 3.375 -16.302 3.919
v 3.632 -16.53 4.089
v 2.798 -16.405 4.086
v 2.989 -16.651 4.278
v 5.75 -16.269 3.41
v 5.321 -17.253 4.357
v 4.94 -16.916 4.193
v 4.204 -17.077 4.453
v 4.52 -17.414 4.631
v 3.709 -17.543 4.847
v 3.452 -17.211 4.66
v 7.718 -12.582 -6.584
v 7.918 -12.122 -5.651
v 9.041 -12.573 -5.412
v 9.191 -13.446 -6.927
v 10.536 -13.385 -5.715
v 10.052 -12.832 -4.639
v 10.8 -13.136 -3.67
v 11.583 -13.489 -4.461
v 4.492 -16.024 3.403
v 4.854 -16.233 3.555
v 5.219 -16.462 3.724
v 4.593 -16.635 4.013
v 3.905 -16.785 4.274
v 7.302 -16.566 3.283
v 7.765 -16.272 2.831
v 7.123 -16.033 2.754
v 6.724 -16.289 3.187
v 6.734 -16.825 3.687
v 6.219 -16.511 3.565
v 6.065 -17.057 4.046
v 5.621 -16.726 3.896
v 3.968 -17.915 5.022
v 4.851 -17.796 4.788
v 7.283 -17.23 3.775
v 7.918 -16.939 3.341
v 6.542 -17.467 4.156
v 5.716 -17.655 4.496
v 5.175 -18.227 4.929
v 4.23 -18.315 5.17
v 4.486 -18.733 5.313
v 5.491 -18.681 5.072
v 8.566 -17.412 3.353
v 7.882 -17.734 3.834
v 8.549 -18.335 3.926
v 9.284 -17.956 3.369
v 7.046 -17.957 4.259
v 7.583 -18.52 4.374
v 6.53 -18.618 4.755
v 6.13 -18.111 4.62
v 5.746 -19.158 5.233
v 6.91 -19.16 4.915
v 10.632 -17.931 2.728
v 9.849 -17.464 2.772
v 10.044 -18.539 3.42
v 9.364 -19.146 4.071
v 8.16 -19.163 4.526
v 1.436 -17.866 5.03
v 2.158 -17.768 5.035
v 2.019 -17.45 4.826
v 1.347 -17.554 4.812
v 2.371 -16.764 4.376
v 2.231 -16.507 4.167
v 3.214 -16.912 4.468
v 2.536 -17.035 4.583
v 2.913 -17.659 4.983
v 2.72 -17.331 4.785
v 4.743 -19.165 5.449
v 3.478 -18.774 5.492
v 3.6 -19.167 5.639
v 5.734 -9.432 -1.616
v 5.917 -10.063 -1.343
v 6.076 -10.365 -1.792
v 5.825 -9.756 -2.067
v 12.3 -15.067 -0.474
v 11.309 -15.036 -0.185
v 11.091 -15.607 0.632
v 12.044 -15.725 0.468
v 11.14 -17.295 2.051
v 10.34 -16.904 2.138
v 6.327 -10.661 -2.28
v 6.323 -10.946 -1.496
v 6.643 -11.205 -1.961
v 7.335 -14.41 0.592
v 6.794 -14.198 0.735
v 6.68 -14.636 1.166
v 7.23 -14.849 1.087
v 6.915 -11.763 -1.601
v 6.529 -11.527 -1.176
v 6.694 -12.112 -0.823
v 7.134 -12.336 -1.194
v 6.837 -15.565 2.162
v 6.299 -15.381 2.107
v 7.595 -11.653 -3.008
v 7.056 -11.192 -3.383
v 6.661 -10.937 -2.8
v 7.072 -11.444 -2.461
v 6.475 -10.728 -3.699
v 6.211 -10.421 -3.108
v 8.42 -12.655 -1.968
v 8.055 -12.143 -2.534
v 7.419 -11.967 -2.055
v 7.704 -12.521 -1.588
v 8.6 -15.155 0.936
v 8.732 -14.737 0.298
v 7.979 -14.585 0.454
v 7.868 -15.015 1.021
v 8.647 -13.197 -1.435
v 7.905 -13.081 -1.101
v 8.123 -15.932 2.272
v 7.449 -15.742 2.234
v 7.46 -11.454 -4.027
v 6.745 -11.05 -4.338
v 9.2 -12.799 -2.405
v 8.756 -12.325 -3.056
v 9.461 -13.313 -1.776
v 8.436 -16.605 2.849
v 7.797 -11.745 -4.779
v 6.957 -11.376 -5.027
v 10.001 -12.946 -2.97
v 9.463 -12.518 -3.75
v 10.32 -13.414 -2.195
v 9.13 -17.014 2.821
v 7.004 -11.72 -5.726
v 11.207 -13.492 -2.727
v 8.68 -12.126 -4.391
v 8.162 -11.878 -3.612
v 6.094 -10.683 -1.064
v 5.539 -9.14 -2.338
v 5.517 -8.789 -1.877
v 5.602 -9.508 -2.844
v 5.987 -10.094 -2.57
v 5.865 -10.263 -3.98
v 5.71 -9.889 -3.391
v 6.173 -11.037 -5.233
v 6.028 -10.647 -4.601
v 6.25 -11.412 -5.811
v 5.206 -8.499 -2.602
v 5.269 -8.121 -2.131
v 5.172 -8.898 -3.118
v 5.173 -9.323 -3.676
v 5.208 -9.77 -4.265
v 5.497 -11.21 -6.026
v 5.378 -10.728 -5.473
v 4.606 -8.712 -3.974
v 4.486 -9.249 -4.56
v 4.623 -11.059 -6.285
v 4.509 -10.455 -5.734
v 5.697 -11.683 -6.5
v 4.835 -11.671 -6.801
v 4.025 -8.045 -4.285
v 3.669 -8.662 -4.881
v 3.616 -10.938 -6.535
v 3.537 -10.202 -6.001
v 3.78 -11.661 -7.077
v 3.445 -7.291 -4.569
v 2.643 -7.915 -5.272
v 2.499 -10.819 -6.754
v 2.451 -9.981 -6.248
v 2.593 -11.639 -7.303
v 3.063 -6.441 -4.71
v 2.241 -6.77 -5.252
v 5.808 -15.153 2.075
v 6.239 -11.289 -0.772
v 6.354 -11.884 -0.463
v 6.429 -12.448 -0.142
v 6.81 -12.672 -0.461
v 7.294 -12.896 -0.775
v 12.091 -13.707 -3.402
v 6.338 -13.967 0.9
v 6.206 -14.403 1.28
v 8.847 -16.187 2.269
v 9.587 -16.524 2.229
v 6.513 -15.042 1.631
v 6.026 -14.808 1.677
v 7.065 -15.241 1.623
v 8.402 -15.554 1.618
v 7.693 -15.404 1.632
v 10.756 -16.266 1.439
v 11.615 -16.527 1.328
v 9.166 -15.732 1.583
v 9.395 -15.295 0.844
v 9.952 -15.976 1.528
v 10.223 -15.447 0.75
v 4.878 -7.83 -2.865
v 5.021 -7.452 -2.378
v 2.823 -5.649 -4.822
v 2.02 -5.878 -5.281
v 1.679 -16.608 4.179
v 1.127 -16.695 4.155
v 1.19 -16.979 4.37
v 1.776 -16.879 4.393
v 2.662 -4.937 -4.933
v 1.877 -5.118 -5.336
v 1.255 -9.831 -6.469
v 1.289 -10.709 -6.944
v 1.327 -11.597 -7.47
v 1.891 -17.154 4.611
v 2.553 -18.821 5.588
v 2.624 -19.189 5.74
v 3.111 -18.012 5.17
v 3.305 -18.386 5.338
v 4.571 -7.144 -3.115
v 4.797 -6.776 -2.611
v 4.309 -6.446 -3.343
v 4.611 -6.099 -2.83
v 11.399 -13.968 -1.839
v 12.365 -14.058 -2.335
v 10.46 -13.918 -1.474
v 9.588 -13.832 -1.173
v 8.763 -13.721 -0.902
v 8.013 -13.591 -0.611
v 6.867 -13.2 -0.084
v 7.379 -13.42 -0.347
v 6.456 -12.976 0.187
v 12.416 -14.512 -1.402
v 11.412 -14.489 -1.02
v 8.787 -14.256 -0.311
v 8.028 -14.115 -0.083
v 7.388 -13.924 0.116
v 6.86 -13.71 0.319
v 6.426 -13.483 0.535
v 10.393 -14.966 -0.013
v 9.54 -14.861 0.136
v 2.3 -18.106 5.237
v 2.435 -18.457 5.42
v 1.264 -17.261 4.591
v 1.614 -18.526 5.439
v 1.686 -18.872 5.621
v 1.526 -18.193 5.242
v 0.847 -18.918 5.624
v 0.874 -19.275 5.784
v 0.809 -18.582 5.428
v 0.767 -18.257 5.226
v 0.722 -17.936 5.01
v 0.678 -17.63 4.786
v 0.637 -17.337 4.557
v 0.601 -17.047 4.333
v 0.57 -16.754 4.119
v 9.605 -14.365 -0.537
v 10.474 -14.448 -0.758
v 4.737 -8.247 -3.399
v 4.32 -7.56 -3.675
v 3.947 -6.833 -3.924
v 3.658 -6.09 -4.121
v 3.45 -5.38 -4.294
v 3.297 -4.724 -4.464
v 4.101 -5.749 -3.546
v 4.46 -5.441 -3.039
v 3.928 -5.104 -3.757
v 4.333 -4.835 -3.262
v 3.803 -4.494 -3.961
v 4.241 -4.26 -3.479
v 1.275 -7.883 -5.754
v 1.255 -8.898 -6.056
v 1.155 -6.887 -5.618
v 1.04 -6.007 -5.572
v 0.964 -5.228 -5.574
v 3.544 -9.443 -5.442
v 4.458 -9.851 -5.144
v 5.281 -10.241 -4.872
v 2.488 -9.048 -5.771
v 1.73 -19.228 5.776
v 3.971 -12.438 -7.684
v 2.746 -12.495 -7.888
v 1.395 -12.535 -8.028
v 5.144 -12.331 -7.349
v 4.38 -13.261 -8.286
v 3.039 -13.443 -8.509
v 1.513 -13.572 -8.618
v 7.741 -13.64 -7.893
v 6.767 -12.86 -7.393
v 6.372 -13.879 -8.484
v 5.636 -13.043 -7.893
v 6.799 -12.04 -6.371
v 6.256 -11.699 -6.236
v 6.104 -12.199 -6.916
v 5.013 -14.152 -8.906
v 3.357 -14.475 -9.15
v 1.667 -14.736 -9.232
v -1.359 -3.888 10.239
v -1.39 -3.988 10.172
v -1.576 -3.921 10.078
v -1.541 -3.834 10.149
v -1.181 -3.933 10.315
v -1.209 -4.043 10.251
v -1.761 -3.843 9.969
v -1.722 -3.771 10.044
v -1.934 -3.759 9.858
v -1.892 -3.704 9.937
v -0.363 -4.187 10.486
v -0.356 -4.051 10.535
v -0.182 -4.056 10.553
v -0.185 -4.193 10.505
v 0 -4.056 10.561
v 0 -4.194 10.513
v -1.009 -3.969 10.378
v -1.033 -4.089 10.318
v -0.864 -4.124 10.373
v -0.844 -3.999 10.43
v -0.684 -4.022 10.474
v -0.699 -4.153 10.42
v -2.073 -3.674 9.769
v -2.035 -3.635 9.845
v -2.293 -3.222 9.788
v -2.259 -3.265 9.85
v -2.301 -3.301 9.807
v -2.336 -3.269 9.741
v -2.238 -3.179 9.845
v -2.207 -3.229 9.901
v -0.918 -2.705 10.675
v -0.787 -2.687 10.71
v -0.774 -2.776 10.728
v -0.901 -2.792 10.695
v -0.652 -2.673 10.74
v -0.642 -2.765 10.757
v -1.028 -2.812 10.656
v -1.047 -2.727 10.634
v -1.315 -2.786 10.529
v -1.294 -2.868 10.554
v -1.443 -2.907 10.485
v -1.468 -2.827 10.458
v -1.178 -2.754 10.586
v -1.157 -2.837 10.61
v -2.053 -3.144 10.05
v -2.08 -3.079 10.004
v -1.948 -3.008 10.126
v -1.917 -3.077 10.167
v -0.185 -2.656 10.8
v -0.188 -2.751 10.812
v -0.355 -2.753 10.8
v -0.36 -2.658 10.787
v 0 -2.655 10.805
v 0 -2.751 10.817
v -2.143 -3.191 9.966
v -2.17 -3.133 9.914
v -1.629 -2.878 10.366
v -1.602 -2.955 10.396
v -1.763 -3.012 10.289
v -1.793 -2.938 10.254
v -2.329 -3.343 9.775
v -2.365 -3.318 9.704
v -2.34 -3.395 9.75
v -2.377 -3.375 9.675
v -2.184 -3.598 9.707
v -2.146 -3.574 9.784
v -2.288 -3.485 9.733
v -2.329 -3.484 9.656
v -2.365 -3.433 9.658
v -2.325 -3.446 9.735
v -2.272 -3.534 9.671
v -2.23 -3.524 9.748
v -0.534 -4.174 10.458
v -0.522 -4.039 10.508
v -2.847 -1.093 7.871
v -2.765 -1.066 8.108
v -2.873 -1.275 8.165
v -2.953 -1.277 7.885
v -2.67 -1.071 8.367
v -2.776 -1.272 8.425
v -2.836 -1.453 8.487
v -2.945 -1.485 8.21
v -3.041 -1.511 7.9
v -1.236 -5.445 9.512
v -1.199 -5.33 9.713
v -0.958 -5.378 9.776
v -0.977 -5.488 9.574
v -1.275 -5.537 9.272
v -1.006 -5.575 9.339
v -1.823 -5.353 9.102
v -1.757 -5.253 9.339
v -1.497 -5.37 9.436
v -1.548 -5.467 9.197
v -1.687 -5.132 9.538
v -1.444 -5.25 9.637
v -1.351 -5.665 8.707
v -1.312 -5.609 9.004
v -1.038 -5.649 9.075
v -1.071 -5.706 8.776
v -1.947 -5.512 8.548
v -1.883 -5.433 8.834
v -1.596 -5.542 8.926
v -1.641 -5.598 8.63
v -2.256 -5.384 8.448
v -2.164 -5.286 8.728
v -2.077 -5.189 8.986
v -1.999 -5.088 9.214
v -1.915 -4.974 9.41
v -2.389 -4.628 8.895
v -2.3 -4.545 9.092
v -2.119 -4.773 9.253
v -2.21 -4.875 9.059
v -2.475 -4.703 8.67
v -2.3 -4.968 8.836
v -2.606 -4.417 8.512
v -2.525 -4.361 8.737
v -2.444 -4.298 8.935
v -2.659 -4.865 8.146
v -2.564 -4.78 8.42
v -2.4 -5.069 8.588
v -2.504 -5.165 8.314
v -2.765 -4.529 7.974
v -2.685 -4.47 8.258
v -2.398 -1.185 9.127
v -2.453 -1.34 9.207
v -2.593 -1.38 8.981
v -2.541 -1.217 8.916
v -3.099 -1.842 7.916
v -3.147 -2.156 7.696
v -3.196 -2.04 7.413
v -3.159 -1.766 7.537
v -3.154 -2.425 7.517
v -3.206 -2.292 7.269
v -3.052 -3.776 6.833
v -3.174 -3.4 6.398
v -3.178 -3.079 6.681
v -3.089 -3.316 7.019
v -3.091 -1.492 7.584
v -2.887 -1.098 7.658
v -2.998 -1.272 7.616
v -2.72 -1.418 8.74
v -2.665 -1.248 8.681
v -2.693 -4.126 8.378
v -2.615 -4.091 8.602
v -2.541 -4.049 8.799
v -2.842 -4.183 7.826
v -2.772 -4.156 8.124
v -1.762 -2.085 10.189
v -1.803 -1.974 10.154
v -1.613 -1.928 10.266
v -1.575 -2.037 10.299
v -1.952 -2.142 10.052
v -1.996 -2.028 10.015
v -1.843 -1.856 10.116
v -2.041 -1.91 9.971
v -1.652 -1.813 10.229
v -2.082 -1.786 9.918
v -2.114 -1.658 9.855
v -1.915 -1.61 10.004
v -1.883 -1.735 10.066
v -1.719 -1.572 10.122
v -1.688 -1.695 10.183
v -2.909 -4.223 7.477
v -2.866 -4.617 7.663
v -2.985 -4.31 7.071
v -2.978 -4.747 7.331
v -2.962 -3.813 7.354
v -2.894 -3.836 7.729
v -2.769 -4.968 7.856
v -2.855 -5.085 7.552
v -2.919 -2.438 8.497
v -2.984 -2.284 8.339
v -2.917 -2.135 8.552
v -2.866 -2.298 8.682
v -2.853 -2.57 8.639
v -2.811 -2.44 8.805
v -2.72 -2.789 8.908
v -2.784 -2.686 8.773
v -2.753 -2.564 8.922
v -2.69 -2.673 9.04
v -2.733 -2.918 8.792
v -2.797 -2.828 8.643
v -2.867 -2.726 8.489
v -2.941 -2.607 8.322
v -3.012 -2.474 8.144
v -1.934 -1.484 9.931
v -1.735 -1.45 10.051
v -2.132 -1.526 9.782
v -1.933 -1.357 9.846
v -2.135 -1.392 9.695
v -1.735 -1.325 9.959
v -2.104 -1.256 9.605
v -1.911 -1.225 9.741
v -1.716 -1.195 9.843
v -2.144 -4.009 9.5
v -2.081 -3.942 9.6
v -1.913 -4.085 9.721
v -1.978 -4.174 9.631
v -2.274 -3.846 9.39
v -2.219 -3.8 9.498
v -2.027 -3.878 9.691
v -2.166 -3.757 9.596
v -1.855 -4 9.807
v -2.116 -3.715 9.686
v -1.979 -3.817 9.777
v -1.806 -3.919 9.891
v -0.205 -1.456 10.619
v -0.204 -1.568 10.666
v -0.404 -1.571 10.642
v -0.405 -1.454 10.591
v -0.202 -1.679 10.697
v -0.4 -1.683 10.674
v -0.2 -1.783 10.72
v -0.197 -1.883 10.734
v -0.389 -1.888 10.712
v -0.394 -1.787 10.696
v -0.756 -1.808 10.611
v -0.743 -1.909 10.63
v -0.907 -1.926 10.579
v -0.924 -1.824 10.556
v -0.768 -1.702 10.585
v -0.942 -1.717 10.528
v -0.786 -1.473 10.494
v -0.78 -1.589 10.55
v -0.958 -1.603 10.491
v -0.97 -1.486 10.434
v -0.595 -1.58 10.601
v -0.588 -1.69 10.634
v -0.204 -1.329 10.539
v -0.404 -1.332 10.508
v -0.398 -1.213 10.387
v -0.2 -1.208 10.414
v -0.788 -1.353 10.413
v -0.975 -1.366 10.357
v -0.781 -1.231 10.301
v -0.971 -1.241 10.251
v -0.768 -1.11 10.151
v -0.956 -1.117 10.104
v -0.194 -1.101 10.239
v -0.388 -1.098 10.218
v -3.083 -2.32 7.938
v -3.051 -2.096 8.155
v -3.01 -2.694 7.981
v -3.085 -2.564 7.758
v -2.731 -3.06 8.701
v -2.793 -2.987 8.537
v -2.863 -2.903 8.363
v -2.935 -2.807 8.183
v -2.532 -3.172 9.324
v -2.488 -3.216 9.434
v -2.494 -3.298 9.389
v -2.538 -3.265 9.273
v -2.445 -3.254 9.533
v -2.453 -3.327 9.495
v -2.509 -3.084 9.388
v -2.462 -3.138 9.489
v -2.418 -3.186 9.582
v -2.404 -3.288 9.623
v -2.375 -3.229 9.666
v -2.416 -3.353 9.59
v -3.003 -3.434 7.387
v -2.932 -3.504 7.712
v -2.586 -5.25 8.018
v -2.625 -5.323 7.707
v -2.611 -1.855 9.223
v -2.586 -2.003 9.301
v -2.702 -2.09 9.081
v -2.73 -1.935 8.992
v -2.552 -2.142 9.373
v -2.67 -2.235 9.158
v -2.509 -2.268 9.445
v -2.458 -2.384 9.508
v -2.565 -2.475 9.336
v -2.626 -2.363 9.244
v -2.639 -2.57 9.184
v -2.7 -2.458 9.082
v -2.749 -2.33 8.98
v -2.793 -2.185 8.877
v -2.83 -2.024 8.768
v -2.96 -1.947 8.414
v -2.981 -1.726 8.279
v -1.465 -1.78 10.32
v -1.432 -1.893 10.354
v -1.397 -2 10.385
v -1.524 -1.546 10.22
v -1.498 -1.664 10.277
v -1.153 -1.503 10.372
v -1.137 -1.621 10.428
v -1.316 -1.64 10.358
v -1.337 -1.521 10.301
v -1.114 -1.735 10.467
v -1.287 -1.755 10.398
v -1.091 -1.843 10.497
v -1.068 -1.947 10.522
v -1.23 -1.971 10.458
v -1.258 -1.865 10.43
v -2.359 -2.178 9.651
v -2.31 -2.292 9.704
v -2.405 -2.054 9.592
v -2.472 -1.782 9.456
v -2.443 -1.922 9.527
v -2.824 -3.845 8.031
v -2.751 -3.843 8.283
v -2.861 -3.549 7.994
v -2.79 -3.575 8.234
v -2.61 -3.812 8.698
v -2.679 -3.83 8.5
v -2.723 -3.588 8.445
v -2.659 -3.593 8.639
v -2.624 -1.701 9.14
v -2.745 -1.77 8.901
v -2.744 -1.596 8.814
v -2.619 -1.543 9.058
v -2.855 -1.847 8.66
v -2.861 -1.654 8.56
v -2.989 -2.935 7.849
v -3.065 -2.823 7.606
v -3.141 -2.689 7.35
v -2.96 -3.204 7.757
v -3.036 -3.108 7.479
v -3.117 -2.975 7.186
v -2.914 -3.029 8.076
v -2.845 -3.103 8.277
v -2.718 -3.218 8.643
v -2.778 -3.166 8.468
v -2.695 -3.395 8.621
v -2.754 -3.366 8.436
v -2.819 -3.329 8.237
v -2.888 -3.276 8.012
v -3.204 -2.534 7.102
v -3.193 -2.792 6.908
v -2.486 -1.637 9.376
v -2.482 -1.489 9.291
v -1.145 -1.129 10.055
v -1.334 -1.147 9.997
v -1.313 -1.033 9.84
v -1.129 -1.016 9.882
v -1.865 -1.099 9.616
v -1.682 -1.077 9.71
v -1.499 -1.054 9.781
v -1.524 -1.171 9.929
v -1.161 -1.38 10.294
v -1.349 -1.4 10.226
v -1.348 -1.273 10.127
v -1.159 -1.255 10.193
v -1.539 -1.298 10.052
v -1.539 -1.422 10.145
v -2.05 -1.123 9.492
v -1.389 -4.552 9.995
v -1.457 -4.697 9.919
v -1.659 -4.577 9.804
v -1.586 -4.448 9.89
v -1.194 -4.638 10.083
v -1.254 -4.795 10.014
v -1.53 -4.846 9.823
v -1.322 -4.953 9.922
v -1.741 -4.71 9.7
v -1.05 -4.872 10.091
v -1 -4.706 10.156
v -0.809 -4.758 10.214
v -0.848 -4.929 10.151
v -1.106 -5.036 10.001
v -0.887 -5.096 10.059
v -1.159 -5.192 9.875
v -0.923 -5.251 9.932
v -1.613 -4.992 9.697
v -1.387 -5.107 9.797
v -1.828 -4.845 9.571
v -2.21 -4.081 9.39
v -2.049 -4.266 9.526
v -2.285 -4.155 9.261
v -2.128 -4.36 9.406
v -1.785 -4.321 9.765
v -1.858 -4.433 9.669
v -1.94 -4.549 9.556
v -2.213 -4.457 9.261
v -2.027 -4.664 9.419
v -2.364 -4.229 9.112
v -2.332 -3.898 9.271
v -2.398 -3.949 9.132
v -2.468 -4.001 8.976
v -2.545 -3.785 8.875
v -2.484 -3.756 9.037
v -2.6 -3.59 8.814
v -2.547 -3.585 8.977
v -2.375 -3.698 9.31
v -2.428 -3.727 9.182
v -2.496 -3.576 9.126
v -2.448 -3.568 9.26
v -2.526 -3.359 9.244
v -2.57 -3.333 9.113
v -2.581 -3.225 9.147
v -2.617 -3.301 8.967
v -2.627 -3.179 9.01
v -2.497 -3.457 9.238
v -2.542 -3.448 9.104
v -2.59 -3.434 8.955
v -2.64 -3.417 8.793
v -2.666 -3.263 8.808
v -2.677 -3.125 8.859
v -2.577 -3.122 9.203
v -2.556 -3.023 9.278
v -2.624 -3.064 9.075
v -2.607 -2.955 9.161
v -2.675 -2.996 8.938
v -2.661 -2.878 9.037
v -2.629 -2.769 9.154
v -2.573 -2.854 9.264
v -2.52 -2.931 9.367
v -2.47 -3 9.465
v -2.468 -2.846 9.466
v -2.416 -2.923 9.552
v -2.522 -2.762 9.376
v -2.578 -2.671 9.282
v -2.298 -2.685 9.708
v -2.249 -2.774 9.772
v -2.345 -2.85 9.652
v -2.397 -2.766 9.578
v -2.45 -2.676 9.501
v -2.348 -2.59 9.645
v -2.505 -2.58 9.42
v -2.405 -2.492 9.573
v -2.16 -2.596 9.867
v -2.114 -2.688 9.92
v -2.209 -2.5 9.812
v -2.259 -2.399 9.757
v -1.602 -2.481 10.332
v -1.642 -2.388 10.296
v -1.469 -2.339 10.391
v -1.436 -2.433 10.42
v -1.776 -2.54 10.22
v -1.818 -2.447 10.177
v -1.679 -2.291 10.261
v -1.86 -2.349 10.136
v -1.504 -2.242 10.361
v -1.906 -2.249 10.093
v -1.72 -2.19 10.225
v -1.538 -2.141 10.33
v -1.007 -2.24 10.583
v -0.988 -2.335 10.602
v -1.131 -2.362 10.55
v -1.155 -2.268 10.528
v -1.18 -2.172 10.507
v -1.027 -2.144 10.565
v -1.338 -2.204 10.44
v -1.309 -2.301 10.466
v -1.28 -2.395 10.49
v -1.369 -2.104 10.413
v -1.047 -2.047 10.545
v -1.205 -2.073 10.484
v -0.19 -2.174 10.763
v -0.187 -2.27 10.769
v -0.366 -2.274 10.752
v -0.372 -2.178 10.744
v -0.377 -2.082 10.736
v -0.193 -2.078 10.756
v -0.708 -2.199 10.675
v -0.697 -2.294 10.688
v -0.844 -2.313 10.648
v -0.86 -2.217 10.632
v -0.719 -2.104 10.662
v -0.875 -2.122 10.616
v -0.731 -2.007 10.647
v -0.891 -2.025 10.599
v -0.563 -1.994 10.689
v -0.554 -2.091 10.702
v -0.195 -1.981 10.747
v -0.383 -1.986 10.725
v -2.323 -5.461 8.139
v -2.011 -5.576 8.231
v -2.348 -5.478 7.806
v -2.048 -5.589 7.888
v -0.943 -1.003 9.92
v -0.757 -0.993 9.955
v 0 -5.447 9.862
v 0 -5.54 9.675
v -0.249 -5.54 9.666
v -0.244 -5.443 9.854
v 0 -5.62 9.464
v -0.253 -5.619 9.452
v -0.501 -5.615 9.428
v -0.492 -5.534 9.649
v -0.482 -5.434 9.839
v -0.257 -5.687 9.208
v -0.262 -5.74 8.917
v -0.529 -5.738 8.88
v -0.511 -5.683 9.182
v -2.23 -1.153 9.323
v -2.296 -1.294 9.419
v -2.32 -1.438 9.511
v -2.303 -1.715 9.67
v -2.321 -1.578 9.594
v -2.272 -1.849 9.736
v -2.232 -1.977 9.794
v -2.138 -2.209 9.888
v -2.186 -2.096 9.843
v -2.089 -2.315 9.935
v -2.041 -2.417 9.983
v -1.949 -2.607 10.079
v -1.995 -2.515 10.031
v -1.69 -5.643 8.313
v -1.735 -5.655 7.958
v -1.39 -5.7 8.381
v -1.106 -5.737 8.437
v -1.433 -5.71 8.016
v -1.142 -5.751 8.062
v -0.438 -4.985 10.229
v -0.42 -4.808 10.296
v -0.214 -4.816 10.318
v -0.223 -4.995 10.25
v -0.229 -5.165 10.151
v -0.457 -5.154 10.134
v 0 -4.82 10.326
v 0 -4.996 10.26
v 0 -5.173 10.157
v 0 -5.317 10.034
v -0.238 -5.322 10.015
v -0.469 -5.311 9.998
v 0 -0.793 4.566
v 0 -0.693 5.157
v -0.389 -0.691 5.199
v -0.473 -0.784 4.645
v 0 -0.639 5.668
v 0 -0.613 6.123
v -0.345 -0.615 6.132
v -0.345 -0.64 5.681
v 0 -3.466 0.903
v 0 -3.038 0.986
v -1.14 -2.98 1.161
v -1.14 -3.424 1.054
v -0.546 -5.772 8.529
v -0.272 -5.778 8.563
v -0.281 -5.8 8.164
v -0.564 -5.792 8.139
v -0.19 -0.989 10.025
v -0.379 -0.984 10.009
v 0 -0.995 10.031
v 0 -1.107 10.248
v 0 -1.211 10.425
v 0 -1.333 10.551
v 0 -1.463 10.632
v 0 -1.679 10.704
v 0 -1.782 10.727
v 0 -1.882 10.742
v 0 -1.571 10.675
v 0 -1.98 10.754
v 0 -2.076 10.763
v 0 -2.172 10.77
v 0 -2.268 10.775
v -0.185 -2.366 10.776
v -0.361 -2.37 10.76
v 0 -2.365 10.781
v -0.183 -2.463 10.783
v 0 -2.462 10.788
v -0.358 -2.466 10.769
v -0.184 -2.559 10.791
v 0 -2.558 10.796
v -0.36 -2.561 10.777
v -0.823 -5.76 8.49
v -0.798 -5.73 8.83
v -0.851 -5.777 8.105
v -0.734 -5.517 9.618
v -0.715 -5.416 9.809
v -0.747 -5.589 9.391
v -0.773 -5.673 9.134
v -0.646 -4.965 10.195
v -0.617 -4.791 10.261
v -0.673 -5.135 10.101
v -0.703 -5.281 9.977
v -0.662 -2.58 10.727
v -0.801 -2.595 10.694
v -0.673 -2.485 10.714
v -0.814 -2.502 10.679
v -0.684 -2.39 10.702
v -0.829 -2.407 10.664
v -0.529 -2.377 10.734
v -0.522 -2.473 10.745
v -0.97 -2.429 10.621
v -0.952 -2.522 10.639
v -0.934 -2.615 10.657
v -1.109 -2.456 10.572
v -1.087 -2.548 10.593
v -1.067 -2.639 10.613
v -1.342 -2.702 10.503
v -1.496 -2.744 10.43
v -1.37 -2.614 10.476
v -1.529 -2.658 10.4
v -1.225 -2.579 10.539
v -1.201 -2.668 10.563
v -1.401 -2.524 10.449
v -1.564 -2.571 10.367
v -1.251 -2.487 10.515
v -1.694 -2.713 10.3
v -1.734 -2.628 10.262
v -1.661 -2.797 10.334
v -1.906 -2.696 10.127
v -1.864 -2.779 10.174
v -1.827 -2.861 10.216
v -1.985 -2.936 10.079
v -2.025 -2.858 10.027
v -2.068 -2.775 9.975
v -2.201 -2.858 9.834
v -2.154 -2.936 9.896
v -2.115 -3.01 9.951
v -2.295 -2.928 9.724
v -2.248 -3.002 9.792
v -2.206 -3.07 9.856
v -2.276 -3.123 9.781
v -2.319 -3.061 9.71
v -2.367 -2.995 9.634
v -2.422 -3.064 9.557
v -2.375 -3.122 9.641
v -2.332 -3.175 9.718
v -2.483 -3.381 9.364
v -2.442 -3.4 9.473
v -2.404 -3.418 9.57
v -2.372 -3.478 9.567
v -2.41 -3.472 9.469
v -2.453 -3.464 9.359
v -2.403 -3.558 9.378
v -2.327 -3.67 9.424
v -2.359 -3.551 9.487
v -2.278 -3.645 9.527
v -2.316 -3.543 9.584
v -2.229 -3.622 9.622
v -1.617 -4.012 10.003
v -1.664 -4.11 9.927
v -1.72 -4.213 9.85
v -1.473 -4.204 10.034
v -1.526 -4.322 9.964
v -1.428 -4.093 10.104
v -1.284 -4.283 10.125
v -1.332 -4.414 10.062
v -1.243 -4.16 10.188
v -1.1 -4.348 10.202
v -1.144 -4.489 10.143
v -1.064 -4.214 10.259
v -0.89 -4.258 10.319
v -0.72 -4.292 10.37
v -0.922 -4.399 10.266
v -0.746 -4.438 10.319
v -0.775 -4.593 10.269
v -0.958 -4.549 10.213
v -0.373 -4.33 10.441
v -0.549 -4.316 10.41
v -0.387 -4.48 10.396
v -0.569 -4.465 10.362
v -0.403 -4.639 10.349
v -0.592 -4.623 10.314
v -0.206 -4.647 10.371
v -0.198 -4.487 10.416
v -0.191 -4.337 10.46
v 0 -4.339 10.467
v 0 -4.49 10.424
v 0 -4.65 10.379
v 0 -5.419 2.589
v 0 -5.386 2.071
v -0.836 -5.369 2.212
v -0.695 -5.407 2.734
v -2.988 -2.963 3.266
v -3.055 -3.366 3.314
v -2.738 -3.532 2.717
v -2.735 -3.111 2.661
v -3.026 -4.726 3.872
v -2.825 -5.127 4.258
v -2.439 -5.209 3.65
v -2.686 -4.88 3.281
v -2.747 -2.67 2.69
v -2.964 -2.554 3.299
v -2.933 -1.187 5.622
v -2.594 -0.9 5.945
v -2.715 -0.908 6.368
v -3.014 -1.146 6.107
v -1.936 -0.678 6.552
v -1.616 -0.631 6.867
v -1.828 -0.644 7.163
v -2.12 -0.692 6.894
v -2.034 -5.254 2.992
v -2.33 -5.021 2.588
v -2.453 -3.7 2.059
v -2.44 -3.27 2.004
v -2.427 -2.815 2.025
v -1.8 -1.025 4.208
v -2.078 -0.958 4.658
v -2.444 -1.274 4.15
v -2.174 -1.372 3.613
v 0 -3.955 0.834
v -1.163 -3.905 0.98
v -1.98 -2.929 1.482
v -2.016 -3.416 1.424
v 0 -5.351 1.513
v 0 -5.305 0.935
v -1.108 -5.283 1.017
v -0.972 -5.331 1.63
v -2.041 -3.865 1.427
v -1.559 -5.311 2.311
v -1.857 -5.246 1.795
v -1.338 -5.355 2.776
v -1.138 -5.397 3.205
v -1.411 -1.143 3.692
v -1.8 -1.569 3.027
v 0 -1.392 2.896
v -0.863 -1.335 3.099
v -1.178 -1.917 2.296
v 0 -2.01 2.006
v -1.204 -0.728 5.178
v -0.88 -0.758 4.865
v -0.731 -0.683 5.327
v -0.998 -0.671 5.528
v -1.456 -0.695 5.566
v -1.186 -0.654 5.836
v -0.867 -0.645 5.771
v -0.652 -0.643 5.719
v -0.666 -0.622 6.107
v -0.942 -0.632 6.036
v -2.284 -0.92 5.098
v -2.644 -1.206 4.648
v -1.338 -0.641 6.181
v -1.635 -0.678 5.9
v -0.707 -0.601 6.489
v -1.033 -0.621 6.383
v -0.357 -0.587 6.558
v 0 -0.584 6.562
v -2.731 -1.696 3.726
v -2.441 -1.793 3.171
v -2.09 -1.956 2.627
v -1.761 -2.128 2.227
v -2.912 -2.111 3.442
v -2.648 -2.212 2.869
v -2.288 -2.349 2.302
v -1.871 -2.48 1.873
v -1.098 -2.542 1.573
v 0 -2.631 1.341
v -2.907 -1.623 4.265
v 0 -5.685 9.225
v 0 -5.738 8.94
v 0 -5.778 8.592
v 0 -5.803 8.186
v -2.259 -0.749 6.255
v -2.416 -0.759 6.634
v -1.942 -0.761 5.514
v -1.742 -0.786 5.146
v -1.471 -0.828 4.748
v -1.099 -0.895 4.31
v -0.614 -0.964 3.954
v 0 -0.99 3.824
v -1.217 -0.581 7.197
v -1.541 -0.604 7.456
v -2.381 -0.786 8.211
v -2.541 -0.912 8.31
v -2.654 -0.932 8.051
v -2.53 -0.827 7.964
v -2.373 -0.758 7.832
v -2.18 -0.719 8.078
v -2.547 -0.82 7.617
v -2.656 -0.885 7.753
v -2.744 -0.968 7.84
v -2.715 -0.906 7.425
v -2.773 -0.96 7.588
v -2.805 -1.003 7.694
v -2.877 -1.035 7.262
v -2.894 -1.075 7.464
v -3.015 -1.235 7.359
v -3.031 -1.202 7.121
v -3.243 -1.662 5.337
v -3.289 -1.482 5.934
v -3.178 -1.415 7.033
v -3.128 -1.452 7.298
v -3.207 -1.702 7.239
v -3.243 -1.953 7.157
v -3.251 -2.172 7.052
v -3.28 -3.069 6.093
v -3.265 -2.814 6.41
v -3.259 -2.578 6.675
v -3.256 -2.366 6.891
v -3.456 -2.062 5.5
v -3.458 -1.849 5.945
v -3.354 -2.53 6.201
v -3.374 -2.749 5.855
v -3.457 -2.42 5.663
v -3.445 -2.209 6.046
v -3.277 -1.656 6.97
v -3.333 -2.336 6.501
v -3.314 -2.179 6.743
v -3.294 -2.081 6.905
v -3.41 -2.045 6.391
v -3.364 -1.937 6.685
v -3.305 -1.899 6.928
v -3.418 -1.719 6.347
v -3.28 -1.409 6.384
v -3.242 -1.39 6.741
v -3.357 -1.656 6.685
v -3.044 -1.144 6.524
v -3.046 -1.168 6.853
v -2.799 -0.94 6.729
v -2.848 -0.986 7.023
v -2.543 -0.8 6.952
v -2.641 -0.851 7.22
v -2.284 -0.724 7.186
v -2.427 -0.768 7.434
v -2.031 -0.671 7.43
v -2.209 -0.711 7.659
v -1.785 -0.633 7.694
v -1.991 -0.671 7.901
v -3.19 -4.088 6.329
v -3.134 -4.552 6.676
v -3.309 -4.381 5.84
v -3.235 -4.841 6.245
v -3.051 -4.929 6.996
v -3.029 -5.142 6.658
v -3.212 -4.659 5.34
v -3.042 -5.117 5.725
v -2.809 -5.323 6.355
v -2.379 -5.239 4.803
v -3.046 -4.896 4.815
v -2.866 -5.126 5.127
v -2.489 -5.324 5.585
v -2.382 -5.427 6.213
v -1.966 -5.412 5.615
v -1.88 -5.355 4.987
v -1.931 -5.476 6.186
v -1.571 -5.486 5.702
v -1.524 -5.449 5.151
v -1.569 -5.538 6.223
v -1.246 -5.555 5.794
v -1.215 -5.518 5.304
v -1.251 -5.602 6.28
v -0.93 -5.61 5.879
v -0.907 -5.578 5.44
v -0.936 -5.65 6.334
v -0.611 -5.649 5.951
v -0.586 -5.622 5.557
v -0.618 -5.684 6.376
v -0.301 -5.672 5.997
v -0.288 -5.648 5.628
v -0.306 -5.704 6.407
v 0 -5.681 6.014
v 0 -5.658 5.652
v 0 -5.711 6.417
v -0.303 -5.741 6.846
v 0 -5.747 6.855
v -0.614 -5.725 6.824
v -0.927 -5.698 6.795
v -2.866 -5.207 7.248
v -2.779 -5.31 6.983
v -2.548 -5.403 6.808
v -2.213 -5.476 6.714
v -1.871 -5.538 6.694
v -1.548 -5.599 6.717
v -1.237 -5.656 6.756
v -0.907 -5.746 7.25
v -0.6 -5.768 7.277
v -0.297 -5.779 7.298
v 0 -5.784 7.31
v -2.627 -5.362 7.412
v -2.617 -5.39 7.191
v -2.415 -5.451 7.161
v -2.12 -5.522 7.138
v -1.816 -5.592 7.148
v -1.514 -5.658 7.178
v -1.212 -5.71 7.215
v -2.367 -5.468 7.48
v -1.179 -5.746 7.653
v -0.88 -5.779 7.689
v -0.583 -5.796 7.72
v -0.289 -5.802 7.744
v 0 -5.807 7.761
v -1.477 -5.699 7.611
v -1.771 -5.634 7.564
v -2.067 -5.558 7.521
v -3.253 -3.679 5.989
v -3.314 -3.315 5.705
v -3.437 -2.339 5.082
v -3.324 -2.083 4.878
v -3.06 -2.037 3.997
v -3.434 -2.651 5.262
v -3.376 -2.979 5.463
v -3.13 -2.442 3.844
v -3.159 -2.826 3.814
v -3.094 -3.784 3.43
v -2.759 -3.958 2.825
v -2.441 -4.14 2.155
v -2.001 -4.3 1.462
v -1.155 -4.355 0.946
v 0 -4.373 0.802
v -2.049 -5.285 4.057
v -1.746 -5.314 3.402
v -3.383 -2.559 4.707
v -3.335 -2.337 4.628
v -3.179 -3.204 3.878
v -3.378 -2.863 4.84
v -3.346 -3.196 5.02
v -3.179 -3.597 4.014
v -3.076 -4.235 3.609
v -2.76 -4.393 3
v -2.408 -4.575 2.317
v -1.964 -4.742 1.554
v -1.141 -4.82 0.957
v 0 -4.843 0.827
v -3.174 -4.023 4.202
v -3.322 -3.557 5.241
v -3.149 -4.479 4.464
v -3.309 -3.955 5.507
v -0.366 -0.543 7.241
v -0.368 -0.561 6.919
v 0 -0.557 6.926
v 0 -0.54 7.244
v -0.745 -0.574 6.854
v -0.758 -0.553 7.222
v -1.123 -0.599 6.756
v -1.466 -0.637 6.509
v -1.775 -0.673 6.2
v -2.105 -0.749 5.873
v -2.45 -0.906 5.513
v -2.791 -1.195 5.139
v -3.046 -1.604 4.798
v -3.18 -2.014 4.491
v -3.249 -2.372 4.31
v -3.293 -2.7 4.298
v -3.294 -3.041 4.385
v -3.277 -3.4 4.539
v -3.268 -3.79 4.743
v -3.254 -4.214 5.005
v -1.715 -5.358 4.357
v -1.47 -5.379 3.758
v -0.962 -5.441 3.579
v -0.583 -5.445 3.187
v 0 -5.454 3.036
v -1.227 -5.436 4.072
v -1.416 -5.435 4.601
v -1.136 -5.497 4.817
v -0.998 -5.491 4.352
v -0.785 -5.487 3.922
v -0.469 -5.488 3.621
v 0 -5.489 3.471
v -0.852 -5.554 5.013
v -0.763 -5.54 4.612
v -0.608 -5.535 4.283
v -0.361 -5.527 3.947
v 0 -5.526 3.841
v -0.552 -5.603 5.192
v -0.499 -5.587 4.843
v -0.404 -5.577 4.569
v 0 -5.565 4.195
v -0.242 -5.567 4.269
v 0 -5.596 4.524
v -0.168 -5.591 4.516
v -0.206 -5.606 4.739
v -0.246 -5.621 5.023
v -0.266 -5.633 5.313
v 0 -5.642 5.342
v 0 -5.628 5.064
v 0 -5.619 4.785
v -0.579 -1.101 10.189
v -0.57 -0.983 9.984
v -0.591 -1.219 10.344
v -0.598 -1.342 10.464
v -0.599 -1.461 10.547
v -0.58 -1.795 10.658
v -0.572 -1.896 10.675
v -0.545 -2.186 10.713
v -0.537 -2.282 10.723
v -0.516 -2.569 10.755
v -0.511 -2.664 10.767
v -0.504 -2.757 10.781
v -1.031 -0.556 7.643
v -1.328 -0.583 7.8
v -0.684 -0.539 7.591
v -0.338 -0.531 7.571
v 0 -0.529 7.571
v -2.564 -1.069 8.62
v -2.224 -0.781 8.448
v -2.421 -0.9 8.544
v -1.966 -0.702 8.358
v -1.571 -0.613 7.974
v -1.776 -0.649 8.153
v -2.438 -1.053 8.841
v -2.292 -1.033 9.041
v -1.298 -0.936 9.653
v -1.12 -0.918 9.684
v -1.807 -0.996 9.483
v -1.643 -0.977 9.559
v -1.472 -0.956 9.616
v -1.971 -1.006 9.367
v -0.938 -0.904 9.707
v -0.753 -0.894 9.73
v -2.135 -1.017 9.222
v -0.38 -0.883 9.764
v -0.19 -0.879 9.779
v 0 -0.883 9.787
v -0.568 -0.887 9.747
v -1.879 -0.916 9.257
v -1.751 -0.915 9.355
v -1.782 -0.849 9.166
v -1.711 -0.866 9.265
v -1.663 -0.804 9.12
v -1.613 -0.841 9.263
v -1.528 -0.767 9.084
v -1.476 -0.814 9.261
v -0.992 -0.744 9.235
v -1.049 -0.686 8.994
v -0.861 -0.665 8.967
v -0.807 -0.726 9.228
v -0.658 -0.648 8.946
v -0.613 -0.714 9.222
v -0.444 -0.637 8.93
v -0.413 -0.705 9.219
v -0.223 -0.63 8.924
v -0.207 -0.697 9.219
v 0 -0.627 8.92
v 0 -0.693 9.221
v -1.613 -0.899 9.41
v -1.462 -0.876 9.437
v -1.3 -0.855 9.455
v -1.132 -0.835 9.466
v -0.955 -0.818 9.476
v -0.772 -0.804 9.483
v -0.391 -0.787 9.497
v -0.196 -0.781 9.506
v 0 -0.776 9.513
v -0.584 -0.796 9.489
v -1.165 -0.765 9.245
v -1.222 -0.709 9.023
v -1.327 -0.789 9.253
v -1.382 -0.737 9.054
v -2.291 -0.903 8.757
v -2.156 -0.906 8.947
v -2.016 -0.91 9.115
v -2.114 -0.797 8.671
v -2 -0.813 8.859
v -1.885 -0.831 9.028
v -1.605 -0.735 8.91
v -1.463 -0.701 8.856
v -1.695 -0.712 8.741
v -1.575 -0.679 8.67
v -1.723 -0.677 8.5
v -1.779 -0.705 8.614
v -1.923 -0.733 8.606
v -1.746 -0.775 8.959
v -1.842 -0.751 8.793
v 0 -0.53 7.929
v -0.306 -0.532 7.937
v -0.609 -0.54 7.964
v -1.308 -0.671 8.801
v -1.423 -0.647 8.583
v -1.577 -0.64 8.369
v -0.902 -0.556 8.02
v -1.164 -0.579 8.123
v -1.388 -0.607 8.242
v -0.246 -0.582 8.614
v 0 -0.579 8.609
v -0.487 -0.589 8.63
v -0.273 -0.55 8.287
v -0.543 -0.557 8.309
v 0 -0.547 8.279
v -0.72 -0.601 8.659
v -0.8 -0.571 8.353
v -0.936 -0.621 8.698
v -1.035 -0.592 8.419
v -1.132 -0.645 8.748
v -1.243 -0.618 8.498
v 1.359 -3.888 10.239
v 1.541 -3.834 10.149
v 1.576 -3.921 10.078
v 1.39 -3.988 10.172
v 1.181 -3.933 10.315
v 1.209 -4.043 10.251
v 1.761 -3.843 9.969
v 1.722 -3.771 10.044
v 1.892 -3.704 9.937
v 1.934 -3.759 9.858
v 0.363 -4.187 10.486
v 0.185 -4.193 10.505
v 0.182 -4.056 10.553
v 0.356 -4.051 10.535
v 1.009 -3.969 10.378
v 1.033 -4.089 10.318
v 0.864 -4.124 10.373
v 0.699 -4.153 10.42
v 0.684 -4.022 10.474
v 0.844 -3.999 10.43
v 2.073 -3.674 9.769
v 2.035 -3.635 9.845
v 2.293 -3.222 9.788
v 2.336 -3.269 9.741
v 2.301 -3.301 9.807
v 2.259 -3.265 9.85
v 2.238 -3.179 9.845
v 2.207 -3.229 9.901
v 0.918 -2.705 10.675
v 0.901 -2.792 10.695
v 0.774 -2.776 10.728
v 0.787 -2.687 10.71
v 0.642 -2.765 10.757
v 0.652 -2.673 10.74
v 1.047 -2.727 10.634
v 1.028 -2.812 10.656
v 1.315 -2.786 10.529
v 1.468 -2.827 10.458
v 1.443 -2.907 10.485
v 1.294 -2.868 10.554
v 1.178 -2.754 10.586
v 1.157 -2.837 10.61
v 2.053 -3.144 10.05
v 1.917 -3.077 10.167
v 1.948 -3.008 10.126
v 2.08 -3.079 10.004
v 0.185 -2.656 10.8
v 0.36 -2.658 10.787
v 0.355 -2.753 10.8
v 0.188 -2.751 10.812
v 2.17 -3.133 9.914
v 2.143 -3.191 9.966
v 1.629 -2.878 10.366
v 1.793 -2.938 10.254
v 1.763 -3.012 10.289
v 1.602 -2.955 10.396
v 2.329 -3.343 9.775
v 2.365 -3.318 9.704
v 2.34 -3.395 9.75
v 2.377 -3.375 9.675
v 2.184 -3.598 9.707
v 2.146 -3.574 9.784
v 2.288 -3.485 9.733
v 2.325 -3.446 9.735
v 2.365 -3.433 9.658
v 2.329 -3.484 9.656
v 2.23 -3.524 9.748
v 2.272 -3.534 9.671
v 0.522 -4.039 10.508
v 0.534 -4.174 10.458
v 2.847 -1.093 7.871
v 2.953 -1.277 7.885
v 2.873 -1.275 8.165
v 2.765 -1.066 8.108
v 2.776 -1.272 8.425
v 2.67 -1.071 8.367
v 2.836 -1.453 8.487
v 2.945 -1.485 8.21
v 3.041 -1.511 7.9
v 1.236 -5.445 9.512
v 0.977 -5.488 9.574
v 0.958 -5.378 9.776
v 1.199 -5.33 9.713
v 1.275 -5.537 9.272
v 1.006 -5.575 9.339
v 1.823 -5.353 9.102
v 1.548 -5.467 9.197
v 1.497 -5.37 9.436
v 1.757 -5.253 9.339
v 1.444 -5.25 9.637
v 1.687 -5.132 9.538
v 1.351 -5.665 8.707
v 1.071 -5.706 8.776
v 1.038 -5.649 9.075
v 1.312 -5.609 9.004
v 1.947 -5.512 8.548
v 1.641 -5.598 8.63
v 1.596 -5.542 8.926
v 1.883 -5.433 8.834
v 2.164 -5.286 8.728
v 2.256 -5.384 8.448
v 2.077 -5.189 8.986
v 1.915 -4.974 9.41
v 1.999 -5.088 9.214
v 2.389 -4.628 8.895
v 2.21 -4.875 9.059
v 2.119 -4.773 9.253
v 2.3 -4.545 9.092
v 2.475 -4.703 8.67
v 2.3 -4.968 8.836
v 2.525 -4.361 8.737
v 2.606 -4.417 8.512
v 2.444 -4.298 8.935
v 2.659 -4.865 8.146
v 2.504 -5.165 8.314
v 2.4 -5.069 8.588
v 2.564 -4.78 8.42
v 2.685 -4.47 8.258
v 2.765 -4.529 7.974
v 2.398 -1.185 9.127
v 2.541 -1.217 8.916
v 2.593 -1.38 8.981
v 2.453 -1.34 9.207
v 3.099 -1.842 7.916
v 3.159 -1.766 7.537
v 3.196 -2.04 7.413
v 3.147 -2.156 7.696
v 3.206 -2.292 7.269
v 3.154 -2.425 7.517
v 3.052 -3.776 6.833
v 3.089 -3.316 7.019
v 3.178 -3.079 6.681
v 3.174 -3.4 6.398
v 3.091 -1.492 7.584
v 2.887 -1.098 7.658
v 2.998 -1.272 7.616
v 2.665 -1.248 8.681
v 2.72 -1.418 8.74
v 2.615 -4.091 8.602
v 2.693 -4.126 8.378
v 2.541 -4.049 8.799
v 2.772 -4.156 8.124
v 2.842 -4.183 7.826
v 1.762 -2.085 10.189
v 1.575 -2.037 10.299
v 1.613 -1.928 10.266
v 1.803 -1.974 10.154
v 1.996 -2.028 10.015
v 1.952 -2.142 10.052
v 1.843 -1.856 10.116
v 2.041 -1.91 9.971
v 1.652 -1.813 10.229
v 2.082 -1.786 9.918
v 1.883 -1.735 10.066
v 1.915 -1.61 10.004
v 2.114 -1.658 9.855
v 1.688 -1.695 10.183
v 1.719 -1.572 10.122
v 2.909 -4.223 7.477
v 2.866 -4.617 7.663
v 2.985 -4.31 7.071
v 2.978 -4.747 7.331
v 2.962 -3.813 7.354
v 2.894 -3.836 7.729
v 2.769 -4.968 7.856
v 2.855 -5.085 7.552
v 2.919 -2.438 8.497
v 2.866 -2.298 8.682
v 2.917 -2.135 8.552
v 2.984 -2.284 8.339
v 2.853 -2.57 8.639
v 2.811 -2.44 8.805
v 2.72 -2.789 8.908
v 2.69 -2.673 9.04
v 2.753 -2.564 8.922
v 2.784 -2.686 8.773
v 2.797 -2.828 8.643
v 2.733 -2.918 8.792
v 2.867 -2.726 8.489
v 3.012 -2.474 8.144
v 2.941 -2.607 8.322
v 1.735 -1.45 10.051
v 1.934 -1.484 9.931
v 2.132 -1.526 9.782
v 1.933 -1.357 9.846
v 2.135 -1.392 9.695
v 1.735 -1.325 9.959
v 1.911 -1.225 9.741
v 2.104 -1.256 9.605
v 1.716 -1.195 9.843
v 2.144 -4.009 9.5
v 1.978 -4.174 9.631
v 1.913 -4.085 9.721
v 2.081 -3.942 9.6
v 2.219 -3.8 9.498
v 2.274 -3.846 9.39
v 2.027 -3.878 9.691
v 2.166 -3.757 9.596
v 1.855 -4 9.807
v 2.116 -3.715 9.686
v 1.979 -3.817 9.777
v 1.806 -3.919 9.891
v 0.205 -1.456 10.619
v 0.405 -1.454 10.591
v 0.404 -1.571 10.642
v 0.204 -1.568 10.666
v 0.4 -1.683 10.674
v 0.202 -1.679 10.697
v 0.2 -1.783 10.72
v 0.394 -1.787 10.696
v 0.389 -1.888 10.712
v 0.197 -1.883 10.734
v 0.756 -1.808 10.611
v 0.924 -1.824 10.556
v 0.907 -1.926 10.579
v 0.743 -1.909 10.63
v 0.768 -1.702 10.585
v 0.942 -1.717 10.528
v 0.786 -1.473 10.494
v 0.97 -1.486 10.434
v 0.958 -1.603 10.491
v 0.78 -1.589 10.55
v 0.588 -1.69 10.634
v 0.595 -1.58 10.601
v 0.204 -1.329 10.539
v 0.404 -1.332 10.508
v 0.2 -1.208 10.414
v 0.398 -1.213 10.387
v 0.788 -1.353 10.413
v 0.975 -1.366 10.357
v 0.781 -1.231 10.301
v 0.971 -1.241 10.251
v 0.768 -1.11 10.151
v 0.956 -1.117 10.104
v 0.194 -1.101 10.239
v 0.388 -1.098 10.218
v 3.051 -2.096 8.155
v 3.083 -2.32 7.938
v 3.085 -2.564 7.758
v 3.01 -2.694 7.981
v 2.793 -2.987 8.537
v 2.731 -3.06 8.701
v 2.863 -2.903 8.363
v 2.935 -2.807 8.183
v 2.532 -3.172 9.324
v 2.538 -3.265 9.273
v 2.494 -3.298 9.389
v 2.488 -3.216 9.434
v 2.453 -3.327 9.495
v 2.445 -3.254 9.533
v 2.462 -3.138 9.489
v 2.509 -3.084 9.388
v 2.418 -3.186 9.582
v 2.375 -3.229 9.666
v 2.404 -3.288 9.623
v 2.416 -3.353 9.59
v 3.003 -3.434 7.387
v 2.932 -3.504 7.712
v 2.586 -5.25 8.018
v 2.625 -5.323 7.707
v 2.611 -1.855 9.223
v 2.73 -1.935 8.992
v 2.702 -2.09 9.081
v 2.586 -2.003 9.301
v 2.67 -2.235 9.158
v 2.552 -2.142 9.373
v 2.509 -2.268 9.445
v 2.626 -2.363 9.244
v 2.565 -2.475 9.336
v 2.458 -2.384 9.508
v 2.639 -2.57 9.184
v 2.7 -2.458 9.082
v 2.749 -2.33 8.98
v 2.793 -2.185 8.877
v 2.83 -2.024 8.768
v 2.96 -1.947 8.414
v 2.981 -1.726 8.279
v 1.465 -1.78 10.32
v 1.432 -1.893 10.354
v 1.397 -2 10.385
v 1.524 -1.546 10.22
v 1.498 -1.664 10.277
v 1.153 -1.503 10.372
v 1.337 -1.521 10.301
v 1.316 -1.64 10.358
v 1.137 -1.621 10.428
v 1.287 -1.755 10.398
v 1.114 -1.735 10.467
v 1.091 -1.843 10.497
v 1.258 -1.865 10.43
v 1.23 -1.971 10.458
v 1.068 -1.947 10.522
v 2.31 -2.292 9.704
v 2.359 -2.178 9.651
v 2.405 -2.054 9.592
v 2.443 -1.922 9.527
v 2.472 -1.782 9.456
v 2.824 -3.845 8.031
v 2.751 -3.843 8.283
v 2.861 -3.549 7.994
v 2.79 -3.575 8.234
v 2.61 -3.812 8.698
v 2.659 -3.593 8.639
v 2.723 -3.588 8.445
v 2.679 -3.83 8.5
v 2.624 -1.701 9.14
v 2.745 -1.77 8.901
v 2.619 -1.543 9.058
v 2.744 -1.596 8.814
v 2.855 -1.847 8.66
v 2.861 -1.654 8.56
v 2.989 -2.935 7.849
v 3.065 -2.823 7.606
v 3.141 -2.689 7.35
v 2.96 -3.204 7.757
v 3.036 -3.108 7.479
v 3.117 -2.975 7.186
v 2.914 -3.029 8.076
v 2.845 -3.103 8.277
v 2.718 -3.218 8.643
v 2.778 -3.166 8.468
v 2.695 -3.395 8.621
v 2.754 -3.366 8.436
v 2.819 -3.329 8.237
v 2.888 -3.276 8.012
v 3.204 -2.534 7.102
v 3.193 -2.792 6.908
v 2.486 -1.637 9.376
v 2.482 -1.489 9.291
v 1.145 -1.129 10.055
v 1.129 -1.016 9.882
v 1.313 -1.033 9.84
v 1.334 -1.147 9.997
v 1.682 -1.077 9.71
v 1.865 -1.099 9.616
v 1.524 -1.171 9.929
v 1.499 -1.054 9.781
v 1.161 -1.38 10.294
v 1.349 -1.4 10.226
v 1.159 -1.255 10.193
v 1.348 -1.273 10.127
v 1.539 -1.298 10.052
v 1.539 -1.422 10.145
v 2.05 -1.123 9.492
v 1.389 -4.552 9.995
v 1.586 -4.448 9.89
v 1.659 -4.577 9.804
v 1.457 -4.697 9.919
v 1.254 -4.795 10.014
v 1.194 -4.638 10.083
v 1.53 -4.846 9.823
v 1.322 -4.953 9.922
v 1.741 -4.71 9.7
v 1.05 -4.872 10.091
v 0.848 -4.929 10.151
v 0.809 -4.758 10.214
v 1 -4.706 10.156
v 1.106 -5.036 10.001
v 0.887 -5.096 10.059
v 0.923 -5.251 9.932
v 1.159 -5.192 9.875
v 1.387 -5.107 9.797
v 1.613 -4.992 9.697
v 1.828 -4.845 9.571
v 2.21 -4.081 9.39
v 2.049 -4.266 9.526
v 2.285 -4.155 9.261
v 2.128 -4.36 9.406
v 1.858 -4.433 9.669
v 1.785 -4.321 9.765
v 1.94 -4.549 9.556
v 2.027 -4.664 9.419
v 2.213 -4.457 9.261
v 2.364 -4.229 9.112
v 2.332 -3.898 9.271
v 2.398 -3.949 9.132
v 2.468 -4.001 8.976
v 2.545 -3.785 8.875
v 2.484 -3.756 9.037
v 2.6 -3.59 8.814
v 2.547 -3.585 8.977
v 2.375 -3.698 9.31
v 2.448 -3.568 9.26
v 2.496 -3.576 9.126
v 2.428 -3.727 9.182
v 2.526 -3.359 9.244
v 2.581 -3.225 9.147
v 2.57 -3.333 9.113
v 2.627 -3.179 9.01
v 2.617 -3.301 8.967
v 2.497 -3.457 9.238
v 2.542 -3.448 9.104
v 2.59 -3.434 8.955
v 2.64 -3.417 8.793
v 2.666 -3.263 8.808
v 2.677 -3.125 8.859
v 2.556 -3.023 9.278
v 2.577 -3.122 9.203
v 2.607 -2.955 9.161
v 2.624 -3.064 9.075
v 2.675 -2.996 8.938
v 2.661 -2.878 9.037
v 2.629 -2.769 9.154
v 2.573 -2.854 9.264
v 2.47 -3 9.465
v 2.52 -2.931 9.367
v 2.468 -2.846 9.466
v 2.416 -2.923 9.552
v 2.522 -2.762 9.376
v 2.578 -2.671 9.282
v 2.298 -2.685 9.708
v 2.397 -2.766 9.578
v 2.345 -2.85 9.652
v 2.249 -2.774 9.772
v 2.348 -2.59 9.645
v 2.45 -2.676 9.501
v 2.505 -2.58 9.42
v 2.405 -2.492 9.573
v 2.16 -2.596 9.867
v 2.114 -2.688 9.92
v 2.209 -2.5 9.812
v 2.259 -2.399 9.757
v 1.602 -2.481 10.332
v 1.436 -2.433 10.42
v 1.469 -2.339 10.391
v 1.642 -2.388 10.296
v 1.818 -2.447 10.177
v 1.776 -2.54 10.22
v 1.679 -2.291 10.261
v 1.86 -2.349 10.136
v 1.504 -2.242 10.361
v 1.906 -2.249 10.093
v 1.72 -2.19 10.225
v 1.538 -2.141 10.33
v 1.007 -2.24 10.583
v 1.155 -2.268 10.528
v 1.131 -2.362 10.55
v 0.988 -2.335 10.602
v 1.027 -2.144 10.565
v 1.18 -2.172 10.507
v 1.338 -2.204 10.44
v 1.309 -2.301 10.466
v 1.28 -2.395 10.49
v 1.369 -2.104 10.413
v 1.205 -2.073 10.484
v 1.047 -2.047 10.545
v 0.19 -2.174 10.763
v 0.372 -2.178 10.744
v 0.366 -2.274 10.752
v 0.187 -2.27 10.769
v 0.193 -2.078 10.756
v 0.377 -2.082 10.736
v 0.708 -2.199 10.675
v 0.86 -2.217 10.632
v 0.844 -2.313 10.648
v 0.697 -2.294 10.688
v 0.719 -2.104 10.662
v 0.875 -2.122 10.616
v 0.891 -2.025 10.599
v 0.731 -2.007 10.647
v 0.554 -2.091 10.702
v 0.563 -1.994 10.689
v 0.383 -1.986 10.725
v 0.195 -1.981 10.747
v 2.323 -5.461 8.139
v 2.011 -5.576 8.231
v 2.348 -5.478 7.806
v 2.048 -5.589 7.888
v 0.943 -1.003 9.92
v 0.757 -0.993 9.955
v 0.244 -5.443 9.854
v 0.249 -5.54 9.666
v 0.253 -5.619 9.452
v 0.492 -5.534 9.649
v 0.501 -5.615 9.428
v 0.482 -5.434 9.839
v 0.257 -5.687 9.208
v 0.511 -5.683 9.182
v 0.529 -5.738 8.88
v 0.262 -5.74 8.917
v 2.296 -1.294 9.419
v 2.23 -1.153 9.323
v 2.32 -1.438 9.511
v 2.321 -1.578 9.594
v 2.303 -1.715 9.67
v 2.272 -1.849 9.736
v 2.232 -1.977 9.794
v 2.186 -2.096 9.843
v 2.138 -2.209 9.888
v 2.089 -2.315 9.935
v 2.041 -2.417 9.983
v 1.995 -2.515 10.031
v 1.949 -2.607 10.079
v 1.69 -5.643 8.313
v 1.735 -5.655 7.958
v 1.39 -5.7 8.381
v 1.106 -5.737 8.437
v 1.433 -5.71 8.016
v 1.142 -5.751 8.062
v 0.438 -4.985 10.229
v 0.223 -4.995 10.25
v 0.214 -4.816 10.318
v 0.42 -4.808 10.296
v 0.457 -5.154 10.134
v 0.229 -5.165 10.151
v 0.238 -5.322 10.015
v 0.469 -5.311 9.998
v 0.473 -0.784 4.645
v 0.389 -0.691 5.199
v 0.345 -0.64 5.681
v 0.345 -0.615 6.132
v 1.14 -3.424 1.054
v 1.14 -2.98 1.161
v 0.546 -5.772 8.529
v 0.272 -5.778 8.563
v 0.564 -5.792 8.139
v 0.281 -5.8 8.164
v 0.19 -0.989 10.025
v 0.379 -0.984 10.009
v 0.361 -2.37 10.76
v 0.185 -2.366 10.776
v 0.183 -2.463 10.783
v 0.358 -2.466 10.769
v 0.184 -2.559 10.791
v 0.36 -2.561 10.777
v 0.798 -5.73 8.83
v 0.823 -5.76 8.49
v 0.851 -5.777 8.105
v 0.715 -5.416 9.809
v 0.734 -5.517 9.618
v 0.747 -5.589 9.391
v 0.773 -5.673 9.134
v 0.617 -4.791 10.261
v 0.646 -4.965 10.195
v 0.673 -5.135 10.101
v 0.703 -5.281 9.977
v 0.662 -2.58 10.727
v 0.801 -2.595 10.694
v 0.673 -2.485 10.714
v 0.814 -2.502 10.679
v 0.829 -2.407 10.664
v 0.684 -2.39 10.702
v 0.522 -2.473 10.745
v 0.529 -2.377 10.734
v 0.97 -2.429 10.621
v 0.952 -2.522 10.639
v 0.934 -2.615 10.657
v 1.109 -2.456 10.572
v 1.087 -2.548 10.593
v 1.067 -2.639 10.613
v 1.342 -2.702 10.503
v 1.496 -2.744 10.43
v 1.37 -2.614 10.476
v 1.529 -2.658 10.4
v 1.225 -2.579 10.539
v 1.201 -2.668 10.563
v 1.564 -2.571 10.367
v 1.401 -2.524 10.449
v 1.251 -2.487 10.515
v 1.734 -2.628 10.262
v 1.694 -2.713 10.3
v 1.661 -2.797 10.334
v 1.906 -2.696 10.127
v 1.864 -2.779 10.174
v 1.827 -2.861 10.216
v 1.985 -2.936 10.079
v 2.025 -2.858 10.027
v 2.068 -2.775 9.975
v 2.201 -2.858 9.834
v 2.154 -2.936 9.896
v 2.115 -3.01 9.951
v 2.295 -2.928 9.724
v 2.248 -3.002 9.792
v 2.206 -3.07 9.856
v 2.276 -3.123 9.781
v 2.319 -3.061 9.71
v 2.367 -2.995 9.634
v 2.422 -3.064 9.557
v 2.375 -3.122 9.641
v 2.332 -3.175 9.718
v 2.483 -3.381 9.364
v 2.442 -3.4 9.473
v 2.404 -3.418 9.57
v 2.372 -3.478 9.567
v 2.41 -3.472 9.469
v 2.453 -3.464 9.359
v 2.327 -3.67 9.424
v 2.403 -3.558 9.378
v 2.278 -3.645 9.527
v 2.359 -3.551 9.487
v 2.316 -3.543 9.584
v 2.229 -3.622 9.622
v 1.617 -4.012 10.003
v 1.664 -4.11 9.927
v 1.72 -4.213 9.85
v 1.526 -4.322 9.964
v 1.473 -4.204 10.034
v 1.428 -4.093 10.104
v 1.332 -4.414 10.062
v 1.284 -4.283 10.125
v 1.243 -4.16 10.188
v 1.144 -4.489 10.143
v 1.1 -4.348 10.202
v 1.064 -4.214 10.259
v 0.89 -4.258 10.319
v 0.72 -4.292 10.37
v 0.922 -4.399 10.266
v 0.746 -4.438 10.319
v 0.775 -4.593 10.269
v 0.958 -4.549 10.213
v 0.549 -4.316 10.41
v 0.373 -4.33 10.441
v 0.569 -4.465 10.362
v 0.387 -4.48 10.396
v 0.403 -4.639 10.349
v 0.592 -4.623 10.314
v 0.206 -4.647 10.371
v 0.198 -4.487 10.416
v 0.191 -4.337 10.46
v 0.695 -5.407 2.734
v 0.836 -5.369 2.212
v 2.988 -2.963 3.266
v 2.735 -3.111 2.661
v 2.738 -3.532 2.717
v 3.055 -3.366 3.314
v 3.026 -4.726 3.872
v 2.686 -4.88 3.281
v 2.439 -5.209 3.65
v 2.825 -5.127 4.258
v 2.747 -2.67 2.69
v 2.964 -2.554 3.299
v 2.933 -1.187 5.622
v 3.014 -1.146 6.107
v 2.715 -0.908 6.368
v 2.594 -0.9 5.945
v 1.936 -0.678 6.552
v 2.12 -0.692 6.894
v 1.828 -0.644 7.163
v 1.616 -0.631 6.867
v 2.33 -5.021 2.588
v 2.034 -5.254 2.992
v 2.44 -3.27 2.004
v 2.453 -3.7 2.059
v 2.427 -2.815 2.025
v 1.8 -1.025 4.208
v 2.174 -1.372 3.613
v 2.444 -1.274 4.15
v 2.078 -0.958 4.658
v 1.163 -3.905 0.98
v 1.98 -2.929 1.482
v 2.016 -3.416 1.424
v 0.972 -5.331 1.63
v 1.108 -5.283 1.017
v 2.041 -3.865 1.427
v 1.857 -5.246 1.795
v 1.559 -5.311 2.311
v 1.138 -5.397 3.205
v 1.338 -5.355 2.776
v 1.411 -1.143 3.692
v 1.8 -1.569 3.027
v 1.178 -1.917 2.296
v 0.863 -1.335 3.099
v 1.204 -0.728 5.178
v 0.998 -0.671 5.528
v 0.731 -0.683 5.327
v 0.88 -0.758 4.865
v 1.456 -0.695 5.566
v 1.186 -0.654 5.836
v 0.867 -0.645 5.771
v 0.942 -0.632 6.036
v 0.666 -0.622 6.107
v 0.652 -0.643 5.719
v 2.284 -0.92 5.098
v 2.644 -1.206 4.648
v 1.338 -0.641 6.181
v 1.635 -0.678 5.9
v 0.707 -0.601 6.489
v 1.033 -0.621 6.383
v 0.357 -0.587 6.558
v 2.441 -1.793 3.171
v 2.731 -1.696 3.726
v 2.09 -1.956 2.627
v 1.761 -2.128 2.227
v 2.648 -2.212 2.869
v 2.912 -2.111 3.442
v 2.288 -2.349 2.302
v 1.871 -2.48 1.873
v 1.098 -2.542 1.573
v 2.907 -1.623 4.265
v 2.259 -0.749 6.255
v 2.416 -0.759 6.634
v 1.742 -0.786 5.146
v 1.942 -0.761 5.514
v 1.471 -0.828 4.748
v 1.099 -0.895 4.31
v 0.614 -0.964 3.954
v 1.541 -0.604 7.456
v 1.217 -0.581 7.197
v 2.381 -0.786 8.211
v 2.53 -0.827 7.964
v 2.654 -0.932 8.051
v 2.541 -0.912 8.31
v 2.373 -0.758 7.832
v 2.18 -0.719 8.078
v 2.547 -0.82 7.617
v 2.656 -0.885 7.753
v 2.744 -0.968 7.84
v 2.715 -0.906 7.425
v 2.773 -0.96 7.588
v 2.805 -1.003 7.694
v 2.877 -1.035 7.262
v 2.894 -1.075 7.464
v 3.031 -1.202 7.121
v 3.015 -1.235 7.359
v 3.243 -1.662 5.337
v 3.289 -1.482 5.934
v 3.178 -1.415 7.033
v 3.128 -1.452 7.298
v 3.207 -1.702 7.239
v 3.243 -1.953 7.157
v 3.251 -2.172 7.052
v 3.265 -2.814 6.41
v 3.28 -3.069 6.093
v 3.256 -2.366 6.891
v 3.259 -2.578 6.675
v 3.456 -2.062 5.5
v 3.458 -1.849 5.945
v 3.354 -2.53 6.201
v 3.445 -2.209 6.046
v 3.457 -2.42 5.663
v 3.374 -2.749 5.855
v 3.277 -1.656 6.97
v 3.333 -2.336 6.501
v 3.314 -2.179 6.743
v 3.294 -2.081 6.905
v 3.41 -2.045 6.391
v 3.364 -1.937 6.685
v 3.305 -1.899 6.928
v 3.418 -1.719 6.347
v 3.357 -1.656 6.685
v 3.242 -1.39 6.741
v 3.28 -1.409 6.384
v 3.046 -1.168 6.853
v 3.044 -1.144 6.524
v 2.848 -0.986 7.023
v 2.799 -0.94 6.729
v 2.641 -0.851 7.22
v 2.543 -0.8 6.952
v 2.427 -0.768 7.434
v 2.284 -0.724 7.186
v 2.209 -0.711 7.659
v 2.031 -0.671 7.43
v 1.991 -0.671 7.901
v 1.785 -0.633 7.694
v 3.19 -4.088 6.329
v 3.134 -4.552 6.676
v 3.309 -4.381 5.84
v 3.235 -4.841 6.245
v 3.051 -4.929 6.996
v 3.029 -5.142 6.658
v 3.212 -4.659 5.34
v 3.042 -5.117 5.725
v 2.809 -5.323 6.355
v 2.379 -5.239 4.803
v 2.866 -5.126 5.127
v 3.046 -4.896 4.815
v 2.489 -5.324 5.585
v 2.382 -5.427 6.213
v 1.88 -5.355 4.987
v 1.966 -5.412 5.615
v 1.931 -5.476 6.186
v 1.524 -5.449 5.151
v 1.571 -5.486 5.702
v 1.569 -5.538 6.223
v 1.215 -5.518 5.304
v 1.246 -5.555 5.794
v 1.251 -5.602 6.28
v 0.907 -5.578 5.44
v 0.93 -5.61 5.879
v 0.936 -5.65 6.334
v 0.586 -5.622 5.557
v 0.611 -5.649 5.951
v 0.618 -5.684 6.376
v 0.288 -5.648 5.628
v 0.301 -5.672 5.997
v 0.306 -5.704 6.407
v 0.303 -5.741 6.846
v 0.614 -5.725 6.824
v 0.927 -5.698 6.795
v 2.866 -5.207 7.248
v 2.779 -5.31 6.983
v 2.548 -5.403 6.808
v 2.213 -5.476 6.714
v 1.871 -5.538 6.694
v 1.548 -5.599 6.717
v 1.237 -5.656 6.756
v 0.6 -5.768 7.277
v 0.907 -5.746 7.25
v 0.297 -5.779 7.298
v 2.627 -5.362 7.412
v 2.617 -5.39 7.191
v 2.415 -5.451 7.161
v 2.12 -5.522 7.138
v 1.816 -5.592 7.148
v 1.514 -5.658 7.178
v 1.212 -5.71 7.215
v 2.367 -5.468 7.48
v 0.88 -5.779 7.689
v 1.179 -5.746 7.653
v 0.583 -5.796 7.72
v 0.289 -5.802 7.744
v 1.477 -5.699 7.611
v 1.771 -5.634 7.564
v 2.067 -5.558 7.521
v 3.253 -3.679 5.989
v 3.314 -3.315 5.705
v 3.324 -2.083 4.878
v 3.437 -2.339 5.082
v 3.06 -2.037 3.997
v 3.434 -2.651 5.262
v 3.376 -2.979 5.463
v 3.159 -2.826 3.814
v 3.13 -2.442 3.844
v 3.094 -3.784 3.43
v 2.759 -3.958 2.825
v 2.441 -4.14 2.155
v 2.001 -4.3 1.462
v 1.155 -4.355 0.946
v 2.049 -5.285 4.057
v 1.746 -5.314 3.402
v 3.335 -2.337 4.628
v 3.383 -2.559 4.707
v 3.179 -3.204 3.878
v 3.378 -2.863 4.84
v 3.346 -3.196 5.02
v 3.179 -3.597 4.014
v 2.76 -4.393 3
v 3.076 -4.235 3.609
v 2.408 -4.575 2.317
v 1.964 -4.742 1.554
v 1.141 -4.82 0.957
v 3.174 -4.023 4.202
v 3.322 -3.557 5.241
v 3.149 -4.479 4.464
v 3.309 -3.955 5.507
v 0.366 -0.543 7.241
v 0.368 -0.561 6.919
v 0.745 -0.574 6.854
v 0.758 -0.553 7.222
v 1.123 -0.599 6.756
v 1.466 -0.637 6.509
v 1.775 -0.673 6.2
v 2.105 -0.749 5.873
v 2.45 -0.906 5.513
v 2.791 -1.195 5.139
v 3.046 -1.604 4.798
v 3.18 -2.014 4.491
v 3.249 -2.372 4.31
v 3.293 -2.7 4.298
v 3.294 -3.041 4.385
v 3.277 -3.4 4.539
v 3.268 -3.79 4.743
v 3.254 -4.214 5.005
v 1.715 -5.358 4.357
v 1.47 -5.379 3.758
v 0.583 -5.445 3.187
v 0.962 -5.441 3.579
v 1.227 -5.436 4.072
v 1.416 -5.435 4.601
v 1.136 -5.497 4.817
v 0.998 -5.491 4.352
v 0.785 -5.487 3.922
v 0.469 -5.488 3.621
v 0.852 -5.554 5.013
v 0.763 -5.54 4.612
v 0.608 -5.535 4.283
v 0.361 -5.527 3.947
v 0.552 -5.603 5.192
v 0.499 -5.587 4.843
v 0.404 -5.577 4.569
v 0.242 -5.567 4.269
v 0.168 -5.591 4.516
v 0.206 -5.606 4.739
v 0.246 -5.621 5.023
v 0.266 -5.633 5.313
v 0.579 -1.101 10.189
v 0.57 -0.983 9.984
v 0.591 -1.219 10.344
v 0.598 -1.342 10.464
v 0.599 -1.461 10.547
v 0.58 -1.795 10.658
v 0.572 -1.896 10.675
v 0.545 -2.186 10.713
v 0.537 -2.282 10.723
v 0.516 -2.569 10.755
v 0.511 -2.664 10.767
v 0.504 -2.757 10.781
v 1.328 -0.583 7.8
v 1.031 -0.556 7.643
v 0.684 -0.539 7.591
v 0.338 -0.531 7.571
v 2.564 -1.069 8.62
v 2.421 -0.9 8.544
v 2.224 -0.781 8.448
v 1.966 -0.702 8.358
v 1.776 -0.649 8.153
v 1.571 -0.613 7.974
v 2.292 -1.033 9.041
v 2.438 -1.053 8.841
v 1.12 -0.918 9.684
v 1.298 -0.936 9.653
v 1.643 -0.977 9.559
v 1.807 -0.996 9.483
v 1.472 -0.956 9.616
v 1.971 -1.006 9.367
v 0.938 -0.904 9.707
v 0.753 -0.894 9.73
v 2.135 -1.017 9.222
v 0.19 -0.879 9.779
v 0.38 -0.883 9.764
v 0.568 -0.887 9.747
v 1.751 -0.915 9.355
v 1.879 -0.916 9.257
v 1.711 -0.866 9.265
v 1.782 -0.849 9.166
v 1.613 -0.841 9.263
v 1.663 -0.804 9.12
v 1.476 -0.814 9.261
v 1.528 -0.767 9.084
v 0.992 -0.744 9.235
v 0.807 -0.726 9.228
v 0.861 -0.665 8.967
v 1.049 -0.686 8.994
v 0.613 -0.714 9.222
v 0.658 -0.648 8.946
v 0.413 -0.705 9.219
v 0.444 -0.637 8.93
v 0.207 -0.697 9.219
v 0.223 -0.63 8.924
v 1.613 -0.899 9.41
v 1.462 -0.876 9.437
v 1.3 -0.855 9.455
v 1.132 -0.835 9.466
v 0.955 -0.818 9.476
v 0.772 -0.804 9.483
v 0.196 -0.781 9.506
v 0.391 -0.787 9.497
v 0.584 -0.796 9.489
v 1.165 -0.765 9.245
v 1.222 -0.709 9.023
v 1.327 -0.789 9.253
v 1.382 -0.737 9.054
v 2.156 -0.906 8.947
v 2.291 -0.903 8.757
v 2.016 -0.91 9.115
v 2 -0.813 8.859
v 2.114 -0.797 8.671
v 1.885 -0.831 9.028
v 1.463 -0.701 8.856
v 1.605 -0.735 8.91
v 1.575 -0.679 8.67
v 1.695 -0.712 8.741
v 1.723 -0.677 8.5
v 1.923 -0.733 8.606
v 1.779 -0.705 8.614
v 1.746 -0.775 8.959
v 1.842 -0.751 8.793
v 0.306 -0.532 7.937
v 0.609 -0.54 7.964
v 1.308 -0.671 8.801
v 1.423 -0.647 8.583
v 1.577 -0.64 8.369
v 1.164 -0.579 8.123
v 0.902 -0.556 8.02
v 1.388 -0.607 8.242
v 0.246 -0.582 8.614
v 0.487 -0.589 8.63
v 0.273 -0.55 8.287
v 0.543 -0.557 8.309
v 0.72 -0.601 8.659
v 0.8 -0.571 8.353
v 0.936 -0.621 8.698
v 1.035 -0.592 8.419
v 1.132 -0.645 8.748
v 1.243 -0.618 8.498
v 2.536 2.856 9.077
v 2.39 2.919 9.054
v 2.693 2.802 9.099
v 2.318 2.774 8.91
v 2.181 2.852 8.89
v 2.258 2.982 9.027
v 2.471 2.696 8.925
v 2.637 2.629 8.94
v 2.855 2.761 9.109
v 2.816 2.577 8.942
v 3.005 2.544 8.932
v 3.025 2.733 9.113
v 3.197 2.721 9.103
v 3.197 2.529 8.919
v 3.379 2.725 9.074
v 3.397 2.535 8.886
v 3.563 2.749 9.027
v 3.598 2.57 8.833
v 3.738 2.791 8.968
v 3.789 2.631 8.767
v 4.043 2.908 8.803
v 4.094 2.782 8.596
v 3.953 2.7 8.685
v 3.9 2.845 8.888
v 4.212 2.885 8.505
v 4.167 2.985 8.717
v 4.264 3.081 8.625
v 4.313 2.993 8.41
v 4.354 3.186 8.536
v 4.394 3.124 8.318
v 4.478 3.458 8.213
v 4.467 3.457 8.415
v 4.45 3.607 8.453
v 4.466 3.634 8.224
v 4.407 3.752 8.52
v 4.434 3.815 8.271
v 4.34 3.897 8.608
v 4.372 3.993 8.339
v 4.276 4.163 8.417
v 4.25 4.04 8.697
v 4.123 4.158 8.779
v 4.144 4.308 8.499
v 2.414 4.358 8.926
v 2.603 4.486 8.926
v 2.681 4.295 9.134
v 2.501 4.183 9.126
v 2.334 4.045 9.097
v 2.234 4.199 8.911
v 2.182 3.869 9.043
v 2.081 4.02 8.87
v 1.955 3.435 8.918
v 1.845 3.458 8.771
v 1.862 3.583 8.784
v 1.978 3.526 8.937
v 1.908 3.715 8.803
v 2.023 3.624 8.96
v 2.008 3.189 8.935
v 1.915 3.128 8.799
v 1.871 3.232 8.78
v 1.97 3.265 8.918
v 1.977 3.857 8.831
v 2.089 3.728 9
v 2.073 2.945 8.856
v 2.152 3.048 8.991
v 1.982 3.032 8.827
v 2.06 3.112 8.958
v 4.43 3.308 8.456
v 4.449 3.282 8.249
v 1.953 3.349 8.913
v 1.845 3.342 8.768
v 2.572 2.458 8.726
v 2.397 2.539 8.724
v 2.243 2.633 8.713
v 2.107 2.728 8.7
v 1.99 2.83 8.677
v 1.898 2.943 8.645
v 1.823 3.062 8.617
v 1.766 3.192 8.596
v 3.029 4.427 9.114
v 3.207 4.451 9.089
v 2.854 4.372 9.129
v 3.953 4.259 8.877
v 3.579 4.418 9.014
v 3.767 4.345 8.951
v 3.387 4.443 9.052
v 2.791 4.583 8.908
v 2.983 4.652 8.877
v 3.181 4.68 8.838
v 3.379 4.672 8.791
v 3.577 4.627 8.736
v 3.78 4.55 8.673
v 3.974 4.439 8.595
v 4.463 3.256 7.996
v 4.412 3.077 8.061
v 2.767 2.386 8.724
v 2.972 2.348 8.705
v 3.19 2.337 8.68
v 3.413 2.354 8.646
v 3.632 2.404 8.588
v 3.835 2.478 8.52
v 4.132 2.666 8.337
v 3.991 2.573 8.426
v 4.338 2.922 8.148
v 4.244 2.782 8.241
v 1.804 3.809 8.595
v 1.885 3.977 8.61
v 1.728 3.482 8.573
v 1.753 3.644 8.584
v 1.734 3.333 8.583
v 4.147 4.427 8.198
v 4.279 4.255 8.113
v 3.77 4.705 8.356
v 3.971 4.582 8.282
v 3.558 4.794 8.42
v 4.478 3.662 7.961
v 4.487 3.456 7.961
v 4.449 3.866 7.992
v 4.378 4.067 8.045
v 2.713 4.763 8.631
v 2.92 4.834 8.589
v 3.137 4.867 8.539
v 3.35 4.849 8.481
v 1.99 4.159 8.633
v 2.134 4.342 8.658
v 2.317 4.513 8.667
v 2.516 4.654 8.659
v 4.399 3.035 7.788
v 4.326 2.855 7.875
v 1.7 3.159 8.364
v 1.665 3.329 8.346
v 2.503 2.323 8.451
v 2.325 2.422 8.468
v 2.174 2.524 8.478
v 2.044 2.636 8.474
v 1.934 2.749 8.454
v 1.842 2.871 8.423
v 1.764 3.008 8.393
v 2.707 2.24 8.427
v 2.935 2.194 8.396
v 3.171 2.182 8.362
v 3.41 2.201 8.327
v 3.63 2.265 8.278
v 3.825 2.353 8.212
v 4.116 2.572 8.057
v 3.985 2.457 8.133
v 4.23 2.702 7.966
v 4.333 2.999 7.514
v 4.261 2.808 7.606
v 1.662 3.136 8.116
v 1.628 3.329 8.091
v 2.441 2.257 8.158
v 2.268 2.36 8.198
v 2.125 2.468 8.229
v 2.009 2.582 8.238
v 1.907 2.694 8.223
v 1.816 2.824 8.189
v 1.726 2.965 8.151
v 2.652 2.17 8.112
v 2.89 2.116 8.066
v 3.139 2.108 8.026
v 3.383 2.131 7.994
v 3.605 2.197 7.961
v 3.79 2.29 7.917
v 4.065 2.512 7.788
v 3.942 2.404 7.857
v 4.171 2.65 7.7
v 4.213 2.974 7.258
v 4.148 2.777 7.362
v 1.675 3.12 7.856
v 1.643 3.325 7.826
v 2.387 2.26 7.87
v 2.224 2.363 7.945
v 2.086 2.457 8.004
v 1.99 2.558 8.032
v 1.901 2.658 8.006
v 1.817 2.784 7.958
v 1.739 2.94 7.904
v 2.598 2.172 7.799
v 2.843 2.127 7.738
v 3.098 2.116 7.697
v 3.349 2.147 7.676
v 3.567 2.205 7.666
v 3.748 2.292 7.659
v 3.977 2.488 7.566
v 3.879 2.396 7.63
v 4.069 2.613 7.467
v 4.447 3.237 7.725
v 1.726 3.887 8.355
v 1.808 4.074 8.368
v 1.657 3.51 8.341
v 1.68 3.695 8.343
v 4.112 4.496 7.87
v 4.25 4.319 7.802
v 3.749 4.792 7.991
v 3.945 4.656 7.933
v 3.535 4.887 8.057
v 4.461 3.683 7.68
v 4.469 3.457 7.688
v 4.425 3.909 7.704
v 4.349 4.12 7.747
v 2.624 4.879 8.302
v 2.846 4.949 8.244
v 3.083 4.975 8.18
v 3.313 4.948 8.117
v 1.917 4.259 8.379
v 2.049 4.441 8.387
v 2.219 4.611 8.378
v 2.419 4.759 8.343
v 4.379 3.219 7.447
v 1.694 3.941 8.092
v 1.777 4.134 8.11
v 1.621 3.529 8.081
v 1.642 3.736 8.083
v 4.041 4.513 7.573
v 4.17 4.348 7.517
v 3.7 4.79 7.663
v 3.887 4.663 7.621
v 3.484 4.884 7.704
v 4.391 3.7 7.399
v 4.401 3.455 7.406
v 4.347 3.936 7.423
v 4.273 4.155 7.467
v 2.536 4.872 7.974
v 2.762 4.946 7.891
v 3.009 4.965 7.799
v 3.252 4.942 7.744
v 1.882 4.315 8.122
v 2.003 4.483 8.124
v 2.152 4.635 8.097
v 2.332 4.771 8.047
v 4.256 3.204 7.184
v 4.261 3.711 7.135
v 4.273 3.454 7.139
v 4.216 3.957 7.165
v 4.142 4.171 7.221
v 4.055 4.352 7.279
v 3.951 4.494 7.337
v 1.634 3.544 7.809
v 1.657 3.764 7.816
v 1.71 3.978 7.833
v 1.789 4.173 7.862
v 1.884 4.343 7.887
v 1.99 4.485 7.894
v 2.111 4.606 7.85
v 3.636 4.726 7.374
v 3.812 4.615 7.36
v 3.42 4.82 7.394
v 2.457 4.811 7.677
v 2.679 4.874 7.576
v 2.926 4.892 7.492
v 3.178 4.872 7.432
v 2.265 4.722 7.77
v 1.813 3.075 7.357
v 1.972 3.046 7.141
v 1.946 3.294 7.074
v 1.781 3.308 7.299
v 1.778 3.557 7.281
v 1.94 3.554 7.049
v 1.961 3.818 7.069
v 1.804 3.807 7.298
v 2.15 3.003 6.928
v 2.402 2.979 6.778
v 2.388 3.245 6.698
v 2.136 3.266 6.859
v 2.134 3.544 6.829
v 2.385 3.531 6.659
v 2.402 3.819 6.682
v 2.153 3.825 6.852
v 3.285 2.918 6.627
v 3.572 2.921 6.704
v 3.585 3.179 6.611
v 3.29 3.181 6.535
v 3.291 3.471 6.481
v 3.592 3.464 6.567
v 3.584 3.752 6.59
v 3.293 3.771 6.51
v 3.829 2.932 6.847
v 4.045 2.949 7.034
v 4.081 3.191 6.946
v 3.855 3.182 6.753
v 3.864 3.457 6.704
v 4.095 3.454 6.902
v 4.078 3.723 6.906
v 3.848 3.734 6.723
v 2.679 2.949 6.668
v 2.981 2.929 6.614
v 2.979 3.197 6.526
v 2.67 3.219 6.582
v 2.672 3.512 6.548
v 2.979 3.49 6.484
v 2.983 3.79 6.501
v 2.684 3.805 6.569
v 3.061 2.19 7.404
v 3.028 2.312 7.146
v 2.759 2.332 7.191
v 2.799 2.204 7.444
v 2.51 2.38 7.283
v 2.552 2.254 7.522
v 2.605 4.746 7.306
v 2.539 4.569 7.078
v 2.791 4.581 6.971
v 2.853 4.762 7.214
v 3.06 4.562 6.911
v 3.111 4.741 7.152
v 3.983 4.189 7.022
v 3.783 4.216 6.88
v 3.823 3.996 6.771
v 4.037 3.973 6.946
v 2.007 4.069 7.129
v 2.068 4.293 7.226
v 1.932 4.248 7.427
v 1.858 4.043 7.349
v 2.743 4.35 6.786
v 2.707 4.091 6.655
v 3 4.08 6.586
v 3.024 4.336 6.724
v 2.483 4.349 6.899
v 2.438 4.097 6.767
v 3.557 4.252 6.788
v 3.303 4.302 6.731
v 3.294 4.048 6.604
v 3.569 4.017 6.669
v 2.251 4.331 7.043
v 2.193 4.094 6.924
v 3.324 4.514 6.914
v 3.559 4.457 6.937
v 3.582 4.611 7.137
v 3.363 4.695 7.123
v 2.319 4.532 7.209
v 2.387 4.695 7.422
v 2.724 2.497 6.978
v 2.697 2.703 6.8
v 2.43 2.738 6.907
v 2.468 2.541 7.081
v 3.005 2.482 6.929
v 2.99 2.689 6.752
v 3.794 2.716 6.969
v 3.755 2.545 7.114
v 3.93 2.583 7.272
v 3.991 2.745 7.146
v 3.281 2.686 6.768
v 3.282 2.488 6.942
v 3.538 2.513 7.004
v 3.555 2.694 6.838
v 2.193 2.779 7.055
v 2.244 2.591 7.214
v 1.875 2.876 7.444
v 1.943 2.71 7.553
v 2.076 2.66 7.378
v 2.022 2.839 7.246
v 2.345 2.328 7.619
v 2.296 2.444 7.399
v 3.314 2.217 7.391
v 3.539 2.27 7.412
v 3.529 2.367 7.198
v 3.294 2.333 7.152
v 3.723 2.42 7.278
v 3.713 2.335 7.445
v 3.824 2.399 7.486
v 3.869 2.462 7.391
v 2.177 2.414 7.72
v 2.126 2.513 7.532
v 2.01 2.588 7.678
v 2.065 2.507 7.817
v 3.872 4.461 7.193
v 3.757 4.526 7.162
v 3.759 4.397 7.006
v 3.918 4.354 7.111
v 2.206 4.622 7.543
v 2.076 4.535 7.656
v 2.008 4.416 7.528
v 2.14 4.477 7.366
v 1.943 2.643 7.826
v 1.997 2.569 7.889
v 1.796 2.916 7.669
v 1.866 2.759 7.747
v 1.73 3.103 7.604
v 1.692 3.322 7.563
v 1.687 3.552 7.545
v 1.706 3.787 7.552
v 1.833 4.213 7.633
v 1.753 4.014 7.583
v 1.995 4.466 7.741
v 1.925 4.365 7.691
v -2.39 2.919 9.054
v -2.536 2.856 9.077
v -2.693 2.802 9.099
v -2.258 2.982 9.027
v -2.181 2.852 8.89
v -2.318 2.774 8.91
v -2.471 2.696 8.925
v -2.637 2.629 8.94
v -2.855 2.761 9.109
v -2.816 2.577 8.942
v -3.005 2.544 8.932
v -3.025 2.733 9.113
v -3.197 2.721 9.103
v -3.197 2.529 8.919
v -3.397 2.535 8.886
v -3.379 2.725 9.074
v -3.563 2.749 9.027
v -3.598 2.57 8.833
v -3.738 2.791 8.968
v -3.789 2.631 8.767
v -4.043 2.908 8.803
v -3.9 2.845 8.888
v -3.953 2.7 8.685
v -4.094 2.782 8.596
v -4.212 2.885 8.505
v -4.313 2.993 8.41
v -4.264 3.081 8.625
v -4.167 2.985 8.717
v -4.354 3.186 8.536
v -4.394 3.124 8.318
v -4.478 3.458 8.213
v -4.466 3.634 8.224
v -4.45 3.607 8.453
v -4.467 3.457 8.415
v -4.407 3.752 8.52
v -4.434 3.815 8.271
v -4.372 3.993 8.339
v -4.34 3.897 8.608
v -4.276 4.163 8.417
v -4.144 4.308 8.499
v -4.123 4.158 8.779
v -4.25 4.04 8.697
v -2.414 4.358 8.926
v -2.501 4.183 9.126
v -2.681 4.295 9.134
v -2.603 4.486 8.926
v -2.334 4.045 9.097
v -2.234 4.199 8.911
v -2.081 4.02 8.87
v -2.182 3.869 9.043
v -1.955 3.435 8.918
v -1.978 3.526 8.937
v -1.862 3.583 8.784
v -1.845 3.458 8.771
v -2.023 3.624 8.96
v -1.908 3.715 8.803
v -2.008 3.189 8.935
v -1.97 3.265 8.918
v -1.871 3.232 8.78
v -1.915 3.128 8.799
v -2.089 3.728 9
v -1.977 3.857 8.831
v -2.073 2.945 8.856
v -2.152 3.048 8.991
v -1.982 3.032 8.827
v -2.06 3.112 8.958
v -4.449 3.282 8.249
v -4.43 3.308 8.456
v -1.953 3.349 8.913
v -1.845 3.342 8.768
v -2.397 2.539 8.724
v -2.572 2.458 8.726
v -2.243 2.633 8.713
v -2.107 2.728 8.7
v -1.99 2.83 8.677
v -1.898 2.943 8.645
v -1.823 3.062 8.617
v -1.766 3.192 8.596
v -3.207 4.451 9.089
v -3.029 4.427 9.114
v -2.854 4.372 9.129
v -3.953 4.259 8.877
v -3.767 4.345 8.951
v -3.579 4.418 9.014
v -3.387 4.443 9.052
v -2.791 4.583 8.908
v -3.181 4.68 8.838
v -2.983 4.652 8.877
v -3.379 4.672 8.791
v -3.577 4.627 8.736
v -3.78 4.55 8.673
v -3.974 4.439 8.595
v -4.463 3.256 7.996
v -4.412 3.077 8.061
v -2.767 2.386 8.724
v -2.972 2.348 8.705
v -3.19 2.337 8.68
v -3.413 2.354 8.646
v -3.632 2.404 8.588
v -3.835 2.478 8.52
v -3.991 2.573 8.426
v -4.132 2.666 8.337
v -4.244 2.782 8.241
v -4.338 2.922 8.148
v -1.885 3.977 8.61
v -1.804 3.809 8.595
v -1.753 3.644 8.584
v -1.728 3.482 8.573
v -1.734 3.333 8.583
v -4.279 4.255 8.113
v -4.147 4.427 8.198
v -3.971 4.582 8.282
v -3.77 4.705 8.356
v -3.558 4.794 8.42
v -4.487 3.456 7.961
v -4.478 3.662 7.961
v -4.449 3.866 7.992
v -4.378 4.067 8.045
v -2.92 4.834 8.589
v -2.713 4.763 8.631
v -3.137 4.867 8.539
v -3.35 4.849 8.481
v -2.134 4.342 8.658
v -1.99 4.159 8.633
v -2.317 4.513 8.667
v -2.516 4.654 8.659
v -4.326 2.855 7.875
v -4.399 3.035 7.788
v -1.665 3.329 8.346
v -1.7 3.159 8.364
v -2.325 2.422 8.468
v -2.503 2.323 8.451
v -2.174 2.524 8.478
v -2.044 2.636 8.474
v -1.934 2.749 8.454
v -1.842 2.871 8.423
v -1.764 3.008 8.393
v -2.707 2.24 8.427
v -2.935 2.194 8.396
v -3.171 2.182 8.362
v -3.41 2.201 8.327
v -3.63 2.265 8.278
v -3.825 2.353 8.212
v -3.985 2.457 8.133
v -4.116 2.572 8.057
v -4.23 2.702 7.966
v -4.261 2.808 7.606
v -4.333 2.999 7.514
v -1.628 3.329 8.091
v -1.662 3.136 8.116
v -2.268 2.36 8.198
v -2.441 2.257 8.158
v -2.125 2.468 8.229
v -2.009 2.582 8.238
v -1.907 2.694 8.223
v -1.816 2.824 8.189
v -1.726 2.965 8.151
v -2.652 2.17 8.112
v -2.89 2.116 8.066
v -3.139 2.108 8.026
v -3.383 2.131 7.994
v -3.605 2.197 7.961
v -3.79 2.29 7.917
v -3.942 2.404 7.857
v -4.065 2.512 7.788
v -4.171 2.65 7.7
v -4.148 2.777 7.362
v -4.213 2.974 7.258
v -1.643 3.325 7.826
v -1.675 3.12 7.856
v -2.224 2.363 7.945
v -2.387 2.26 7.87
v -2.086 2.457 8.004
v -1.99 2.558 8.032
v -1.901 2.658 8.006
v -1.817 2.784 7.958
v -1.739 2.94 7.904
v -2.598 2.172 7.799
v -2.843 2.127 7.738
v -3.098 2.116 7.697
v -3.349 2.147 7.676
v -3.567 2.205 7.666
v -3.748 2.292 7.659
v -3.879 2.396 7.63
v -3.977 2.488 7.566
v -4.069 2.613 7.467
v -4.447 3.237 7.725
v -1.808 4.074 8.368
v -1.726 3.887 8.355
v -1.68 3.695 8.343
v -1.657 3.51 8.341
v -4.25 4.319 7.802
v -4.112 4.496 7.87
v -3.945 4.656 7.933
v -3.749 4.792 7.991
v -3.535 4.887 8.057
v -4.469 3.457 7.688
v -4.461 3.683 7.68
v -4.425 3.909 7.704
v -4.349 4.12 7.747
v -2.846 4.949 8.244
v -2.624 4.879 8.302
v -3.083 4.975 8.18
v -3.313 4.948 8.117
v -2.049 4.441 8.387
v -1.917 4.259 8.379
v -2.219 4.611 8.378
v -2.419 4.759 8.343
v -4.379 3.219 7.447
v -1.777 4.134 8.11
v -1.694 3.941 8.092
v -1.642 3.736 8.083
v -1.621 3.529 8.081
v -4.17 4.348 7.517
v -4.041 4.513 7.573
v -3.887 4.663 7.621
v -3.7 4.79 7.663
v -3.484 4.884 7.704
v -4.401 3.455 7.406
v -4.391 3.7 7.399
v -4.347 3.936 7.423
v -4.273 4.155 7.467
v -2.762 4.946 7.891
v -2.536 4.872 7.974
v -3.009 4.965 7.799
v -3.252 4.942 7.744
v -2.003 4.483 8.124
v -1.882 4.315 8.122
v -2.152 4.635 8.097
v -2.332 4.771 8.047
v -4.256 3.204 7.184
v -4.273 3.454 7.139
v -4.261 3.711 7.135
v -4.216 3.957 7.165
v -4.142 4.171 7.221
v -4.055 4.352 7.279
v -3.951 4.494 7.337
v -1.657 3.764 7.816
v -1.634 3.544 7.809
v -1.71 3.978 7.833
v -1.789 4.173 7.862
v -1.884 4.343 7.887
v -1.99 4.485 7.894
v -2.111 4.606 7.85
v -3.812 4.615 7.36
v -3.636 4.726 7.374
v -3.42 4.82 7.394
v -2.679 4.874 7.576
v -2.457 4.811 7.677
v -2.926 4.892 7.492
v -3.178 4.872 7.432
v -2.265 4.722 7.77
v -1.813 3.075 7.357
v -1.781 3.308 7.299
v -1.946 3.294 7.074
v -1.972 3.046 7.141
v -1.778 3.557 7.281
v -1.804 3.807 7.298
v -1.961 3.818 7.069
v -1.94 3.554 7.049
v -2.15 3.003 6.928
v -2.136 3.266 6.859
v -2.388 3.245 6.698
v -2.402 2.979 6.778
v -2.134 3.544 6.829
v -2.153 3.825 6.852
v -2.402 3.819 6.682
v -2.385 3.531 6.659
v -3.285 2.918 6.627
v -3.29 3.181 6.535
v -3.585 3.179 6.611
v -3.572 2.921 6.704
v -3.291 3.471 6.481
v -3.293 3.771 6.51
v -3.584 3.752 6.59
v -3.592 3.464 6.567
v -3.829 2.932 6.847
v -3.855 3.182 6.753
v -4.081 3.191 6.946
v -4.045 2.949 7.034
v -3.864 3.457 6.704
v -3.848 3.734 6.723
v -4.078 3.723 6.906
v -4.095 3.454 6.902
v -2.679 2.949 6.668
v -2.67 3.219 6.582
v -2.979 3.197 6.526
v -2.981 2.929 6.614
v -2.672 3.512 6.548
v -2.684 3.805 6.569
v -2.983 3.79 6.501
v -2.979 3.49 6.484
v -3.061 2.19 7.404
v -2.799 2.204 7.444
v -2.759 2.332 7.191
v -3.028 2.312 7.146
v -2.552 2.254 7.522
v -2.51 2.38 7.283
v -2.605 4.746 7.306
v -2.853 4.762 7.214
v -2.791 4.581 6.971
v -2.539 4.569 7.078
v -3.111 4.741 7.152
v -3.06 4.562 6.911
v -3.983 4.189 7.022
v -4.037 3.973 6.946
v -3.823 3.996 6.771
v -3.783 4.216 6.88
v -2.007 4.069 7.129
v -1.858 4.043 7.349
v -1.932 4.248 7.427
v -2.068 4.293 7.226
v -2.743 4.35 6.786
v -3.024 4.336 6.724
v -3 4.08 6.586
v -2.707 4.091 6.655
v -2.483 4.349 6.899
v -2.438 4.097 6.767
v -3.557 4.252 6.788
v -3.569 4.017 6.669
v -3.294 4.048 6.604
v -3.303 4.302 6.731
v -2.193 4.094 6.924
v -2.251 4.331 7.043
v -3.324 4.514 6.914
v -3.363 4.695 7.123
v -3.582 4.611 7.137
v -3.559 4.457 6.937
v -2.319 4.532 7.209
v -2.387 4.695 7.422
v -2.724 2.497 6.978
v -2.468 2.541 7.081
v -2.43 2.738 6.907
v -2.697 2.703 6.8
v -3.005 2.482 6.929
v -2.99 2.689 6.752
v -3.794 2.716 6.969
v -3.991 2.745 7.146
v -3.93 2.583 7.272
v -3.755 2.545 7.114
v -3.281 2.686 6.768
v -3.555 2.694 6.838
v -3.538 2.513 7.004
v -3.282 2.488 6.942
v -2.193 2.779 7.055
v -2.244 2.591 7.214
v -1.875 2.876 7.444
v -2.022 2.839 7.246
v -2.076 2.66 7.378
v -1.943 2.71 7.553
v -2.345 2.328 7.619
v -2.296 2.444 7.399
v -3.314 2.217 7.391
v -3.294 2.333 7.152
v -3.529 2.367 7.198
v -3.539 2.27 7.412
v -3.723 2.42 7.278
v -3.869 2.462 7.391
v -3.824 2.399 7.486
v -3.713 2.335 7.445
v -2.177 2.414 7.72
v -2.065 2.507 7.817
v -2.01 2.588 7.678
v -2.126 2.513 7.532
v -3.872 4.461 7.193
v -3.918 4.354 7.111
v -3.759 4.397 7.006
v -3.757 4.526 7.162
v -2.206 4.622 7.543
v -2.14 4.477 7.366
v -2.008 4.416 7.528
v -2.076 4.535 7.656
v -1.943 2.643 7.826
v -1.997 2.569 7.889
v -1.796 2.916 7.669
v -1.866 2.759 7.747
v -1.73 3.103 7.604
v -1.692 3.322 7.563
v -1.687 3.552 7.545
v -1.706 3.787 7.552
v -1.753 4.014 7.583
v -1.833 4.213 7.633
v -1.925 4.365 7.691
v -1.995 4.466 7.741
v 3.277 4.343 9.316
v 3.272 4.502 9.179
v 3.105 4.484 9.197
v 3.14 4.326 9.327
v 2.945 4.435 9.215
v 3.009 4.283 9.338
v 2.799 4.355 9.231
v 2.889 4.216 9.35
v 2.668 4.248 9.248
v 2.786 4.125 9.357
v 2.564 4.113 9.26
v 2.701 4.017 9.367
v 2.491 3.958 9.262
v 2.635 3.895 9.38
v 2.446 3.799 9.273
v 2.595 3.763 9.391
v 2.429 3.628 9.285
v 2.582 3.622 9.401
v 2.448 3.457 9.292
v 2.599 3.482 9.405
v 2.504 3.295 9.289
v 2.644 3.349 9.403
v 2.588 3.143 9.289
v 2.715 3.226 9.4
v 2.702 3.013 9.281
v 2.808 3.12 9.394
v 2.841 2.907 9.27
v 2.921 3.034 9.384
v 2.997 2.831 9.257
v 3.048 2.972 9.374
v 3.164 2.791 9.238
v 3.185 2.937 9.361
v 3.336 2.786 9.218
v 3.326 2.931 9.346
v 3.503 2.816 9.198
v 3.463 2.954 9.331
v 3.66 2.878 9.178
v 3.592 3.004 9.316
v 3.802 2.968 9.161
v 3.71 3.076 9.302
v 3.92 3.084 9.144
v 3.809 3.171 9.288
v 3.889 3.281 9.278
v 4.014 3.219 9.13
v 3.95 3.402 9.274
v 4.087 3.365 9.124
v 3.983 3.534 9.268
v 4.13 3.523 9.122
v 3.986 3.668 9.261
v 4.133 3.686 9.112
v 3.967 3.803 9.26
v 4.111 3.849 9.11
v 3.923 3.931 9.262
v 4.059 4.005 9.113
v 3.979 4.147 9.12
v 3.856 4.047 9.266
v 3.871 4.269 9.127
v 3.769 4.148 9.271
v 3.743 4.371 9.138
v 3.666 4.233 9.282
v 3.596 4.443 9.149
v 3.545 4.295 9.292
v 3.438 4.488 9.164
v 3.415 4.333 9.304
v 3.055 4.642 9.054
v 3.254 4.66 9.029
v 3.238 4.787 8.9
v 3.015 4.768 8.928
v 2.865 4.583 9.075
v 2.799 4.699 8.95
v 2.691 4.485 9.091
v 2.603 4.586 8.969
v 2.536 4.358 9.111
v 2.433 4.441 8.987
v 2.409 4.203 9.132
v 2.29 4.267 9.006
v 2.182 4.068 9.024
v 2.318 4.02 9.143
v 2.126 3.847 9.027
v 2.272 3.826 9.142
v 2.104 3.616 9.037
v 2.249 3.623 9.157
v 2.126 3.386 9.043
v 2.271 3.418 9.162
v 2.183 3.157 9.058
v 2.329 3.219 9.171
v 2.3 2.947 9.056
v 2.429 3.033 9.173
v 2.462 2.774 9.038
v 2.571 2.881 9.157
v 2.654 2.639 9.014
v 2.74 2.76 9.136
v 2.868 2.542 8.989
v 2.928 2.675 9.114
v 3.093 2.489 8.965
v 3.127 2.622 9.097
v 3.326 2.481 8.938
v 3.333 2.616 9.072
v 3.553 2.523 8.909
v 3.533 2.654 9.044
v 3.763 2.608 8.881
v 3.72 2.728 9.019
v 3.947 2.734 8.854
v 3.887 2.836 8.997
v 4.105 2.89 8.832
v 4.03 2.974 8.979
v 4.236 3.069 8.823
v 4.146 3.134 8.968
v 4.33 3.269 8.812
v 4.228 3.31 8.959
v 4.385 3.483 8.803
v 4.279 3.499 8.953
v 4.394 3.699 8.794
v 4.292 3.694 8.949
v 4.36 3.913 8.792
v 4.257 3.887 8.942
v 4.288 4.117 8.799
v 4.192 4.071 8.946
v 4.176 4.301 8.807
v 4.094 4.237 8.953
v 4.032 4.463 8.819
v 3.965 4.382 8.964
v 3.857 4.593 8.831
v 3.81 4.499 8.976
v 3.665 4.693 8.85
v 3.637 4.585 8.99
v 3.457 4.76 8.872
v 3.449 4.638 9.006
v 3.187 5.048 8.507
v 2.912 5.029 8.534
v 2.977 4.878 8.798
v 3.222 4.895 8.769
v 2.647 4.945 8.556
v 2.741 4.801 8.822
v 2.406 4.8 8.573
v 2.526 4.673 8.84
v 2.195 4.613 8.594
v 2.341 4.509 8.858
v 2.029 4.389 8.61
v 2.187 4.318 8.874
v 1.904 4.148 8.62
v 2.068 4.104 8.89
v 1.814 3.883 8.632
v 1.997 3.865 8.899
v 1.767 3.596 8.65
v 1.966 3.609 8.915
v 1.789 3.307 8.656
v 1.991 3.355 8.92
v 1.874 3.027 8.655
v 2.054 3.102 8.931
v 2.017 2.766 8.649
v 2.184 2.87 8.926
v 2.222 2.553 8.629
v 2.364 2.68 8.907
v 2.462 2.385 8.606
v 2.578 2.532 8.882
v 2.727 2.269 8.58
v 2.813 2.427 8.856
v 3.003 2.208 8.551
v 3.061 2.371 8.828
v 3.286 2.202 8.52
v 3.315 2.366 8.798
v 3.566 2.256 8.489
v 3.565 2.411 8.77
v 3.824 2.364 8.461
v 3.795 2.507 8.741
v 4.054 2.518 8.437
v 3.997 2.645 8.715
v 4.248 2.714 8.413
v 4.166 2.819 8.689
v 4.39 2.941 8.391
v 4.305 3.015 8.673
v 4.499 3.184 8.378
v 4.409 3.236 8.664
v 4.569 3.443 8.38
v 4.465 3.47 8.656
v 4.568 3.699 8.379
v 4.472 3.702 8.651
v 4.53 3.95 8.383
v 4.439 3.931 8.654
v 4.455 4.197 8.393
v 4.36 4.15 8.66
v 4.315 4.42 8.398
v 4.238 4.351 8.667
v 4.146 4.62 8.411
v 4.081 4.526 8.677
v 3.943 4.79 8.429
v 3.896 4.674 8.694
v 3.711 4.919 8.45
v 3.687 4.786 8.715
v 3.458 5.008 8.478
v 3.461 4.863 8.741
v 3.155 5.132 8.252
v 2.861 5.107 8.277
v 2.583 5.015 8.297
v 2.327 4.867 8.315
v 2.102 4.668 8.334
v 1.925 4.429 8.351
v 1.792 4.172 8.362
v 1.7 3.887 8.368
v 1.661 3.584 8.377
v 1.688 3.282 8.38
v 1.774 2.987 8.378
v 1.925 2.715 8.369
v 2.138 2.487 8.353
v 2.39 2.307 8.333
v 2.668 2.185 8.311
v 2.958 2.119 8.285
v 3.258 2.111 8.256
v 3.552 2.166 8.225
v 3.825 2.282 8.197
v 4.07 2.446 8.173
v 4.276 2.656 8.154
v 4.422 2.898 8.142
v 4.527 3.154 8.134
v 4.592 3.424 8.134
v 4.596 3.692 8.137
v 4.568 3.957 8.141
v 4.483 4.217 8.146
v 4.349 4.458 8.155
v 4.172 4.672 8.167
v 3.957 4.852 8.183
v 3.712 4.992 8.203
v 3.443 5.088 8.226
v 3.125 5.159 8.005
v 2.826 5.133 8.027
v 2.54 5.038 8.047
v 2.279 4.887 8.063
v 2.05 4.685 8.077
v 1.866 4.444 8.094
v 1.729 4.176 8.102
v 1.639 3.884 8.107
v 1.606 3.576 8.114
v 1.633 3.269 8.116
v 1.725 2.971 8.112
v 1.878 2.696 8.102
v 2.09 2.46 8.088
v 2.346 2.276 8.073
v 2.628 2.148 8.055
v 2.925 2.079 8.032
v 3.232 2.069 8.004
v 3.532 2.124 7.975
v 3.812 2.24 7.949
v 4.06 2.413 7.927
v 4.266 2.628 7.913
v 4.417 2.875 7.908
v 4.522 3.137 7.904
v 4.587 3.409 7.903
v 4.593 3.685 7.908
v 4.566 3.958 7.91
v 4.49 4.227 7.915
v 4.355 4.477 7.923
v 4.173 4.698 7.934
v 3.951 4.884 7.949
v 3.697 5.025 7.966
v 3.42 5.119 7.985
v 3.097 5.147 7.765
v 2.801 5.117 7.783
v 2.516 5.022 7.799
v 2.257 4.87 7.814
v 2.03 4.672 7.828
v 1.843 4.435 7.841
v 1.706 4.166 7.849
v 1.622 3.875 7.855
v 1.592 3.572 7.859
v 1.623 3.267 7.859
v 1.715 2.974 7.854
v 1.866 2.702 7.844
v 2.072 2.467 7.831
v 2.322 2.281 7.817
v 2.603 2.151 7.802
v 2.901 2.08 7.781
v 3.207 2.07 7.755
v 3.506 2.124 7.731
v 3.785 2.239 7.709
v 4.032 2.408 7.692
v 4.237 2.62 7.681
v 4.394 2.863 7.675
v 4.501 3.126 7.673
v 4.563 3.4 7.674
v 4.579 3.678 7.678
v 4.551 3.955 7.681
v 4.471 4.225 7.686
v 4.338 4.479 7.692
v 4.155 4.703 7.703
v 3.929 4.887 7.717
v 3.672 5.024 7.732
v 3.392 5.114 7.748
v 3.267 4.16 9.454
v 3.273 4.252 9.385
v 3.152 4.237 9.395
v 3.162 4.147 9.463
v 3.036 4.2 9.405
v 3.315 3.003 9.407
v 3.437 3.021 9.394
v 3.407 3.092 9.454
v 3.553 3.063 9.382
v 3.508 3.126 9.445
v 3.658 3.127 9.37
v 3.601 3.181 9.436
v 3.748 3.21 9.359
v 3.68 3.252 9.428
v 3.744 3.337 9.421
v 3.821 3.308 9.351
v 3.79 3.432 9.417
v 3.874 3.417 9.346
v 3.816 3.535 9.414
v 3.902 3.534 9.342
v 3.822 3.64 9.413
v 3.907 3.655 9.338
v 3.808 3.745 9.415
v 3.89 3.775 9.339
v 3.852 3.89 9.341
v 3.775 3.846 9.418
v 3.792 3.993 9.344
v 3.723 3.937 9.421
v 3.714 4.083 9.349
v 3.653 4.015 9.425
v 3.62 4.157 9.357
v 3.57 4.079 9.431
v 3.512 4.211 9.366
v 3.476 4.126 9.439
v 3.394 4.242 9.374
v 3.373 4.153 9.447
v 2.93 4.14 9.415
v 2.838 4.06 9.424
v 2.762 3.965 9.434
v 2.706 3.856 9.443
v 2.671 3.738 9.452
v 2.778 3.266 9.454
v 2.859 3.172 9.449
v 2.959 3.097 9.44
v 3.071 3.042 9.43
v 3.191 3.01 9.419
v 3.072 5.097 7.525
v 2.783 5.065 7.54
v 2.507 4.973 7.556
v 2.254 4.828 7.57
v 2.037 4.634 7.583
v 1.858 4.404 7.595
v 1.725 4.144 7.602
v 1.644 3.863 7.607
v 1.616 3.57 7.608
v 1.649 3.276 7.606
v 1.739 2.992 7.599
v 1.886 2.731 7.589
v 2.084 2.506 7.576
v 2.323 2.323 7.562
v 2.594 2.194 7.546
v 2.884 2.124 7.527
v 3.181 2.111 7.506
v 3.472 2.161 7.486
v 3.744 2.27 7.469
v 3.984 2.434 7.457
v 4.184 2.638 7.449
v 4.341 2.873 7.444
v 4.451 3.128 7.443
v 4.516 3.395 7.444
v 4.533 3.669 7.446
v 4.503 3.944 7.449
v 4.423 4.21 7.452
v 4.29 4.458 7.458
v 4.109 4.675 7.468
v 3.887 4.856 7.48
v 3.634 4.989 7.494
v 3.359 5.071 7.509
v 3.049 5.011 7.282
v 2.777 4.978 7.297
v 2.516 4.891 7.312
v 2.279 4.753 7.326
v 2.073 4.572 7.339
v 1.905 4.356 7.349
v 1.78 4.111 7.355
v 1.706 3.845 7.358
v 1.683 3.569 7.358
v 1.715 3.293 7.354
v 1.8 3.027 7.347
v 1.94 2.784 7.337
v 2.126 2.573 7.324
v 2.349 2.402 7.31
v 2.601 2.277 7.293
v 2.874 2.208 7.276
v 3.154 2.195 7.257
v 3.428 2.241 7.241
v 3.686 2.342 7.228
v 3.915 2.492 7.22
v 4.107 2.683 7.214
v 4.257 2.904 7.212
v 4.366 3.145 7.211
v 4.428 3.4 7.211
v 4.447 3.662 7.211
v 4.418 3.925 7.212
v 4.341 4.179 7.213
v 4.211 4.414 7.219
v 4.037 4.621 7.228
v 3.825 4.791 7.238
v 3.583 4.916 7.251
v 3.321 4.992 7.265
v 3.03 4.883 7.04
v 2.783 4.851 7.055
v 2.546 4.771 7.069
v 2.331 4.647 7.083
v 2.144 4.483 7.094
v 1.992 4.285 7.104
v 1.882 4.062 7.109
v 1.812 3.822 7.109
v 1.794 3.572 7.109
v 1.825 3.321 7.105
v 1.906 3.082 7.099
v 2.03 2.861 7.088
v 2.197 2.67 7.076
v 2.399 2.515 7.062
v 2.629 2.406 7.049
v 2.874 2.341 7.032
v 3.127 2.328 7.017
v 3.376 2.366 7.003
v 3.611 2.456 6.993
v 3.821 2.589 6.986
v 3.999 2.759 6.981
v 4.139 2.959 6.98
v 4.24 3.18 6.979
v 4.3 3.413 6.977
v 4.315 3.655 6.977
v 4.288 3.896 6.977
v 4.212 4.127 6.979
v 4.094 4.343 6.983
v 3.936 4.532 6.989
v 3.741 4.686 6.999
v 3.519 4.798 7.012
v 3.279 4.864 7.026
v 3.019 4.701 6.815
v 2.806 4.675 6.827
v 2.604 4.605 6.841
v 2.418 4.499 6.853
v 2.258 4.358 6.863
v 2.127 4.189 6.87
v 2.03 3.998 6.873
v 1.974 3.791 6.874
v 1.959 3.576 6.873
v 1.986 3.362 6.868
v 2.056 3.157 6.863
v 2.165 2.969 6.854
v 2.308 2.807 6.845
v 2.481 2.675 6.833
v 2.676 2.579 6.82
v 2.885 2.522 6.805
v 3.102 2.511 6.793
v 3.316 2.543 6.783
v 3.519 2.615 6.771
v 3.7 2.728 6.767
v 3.855 2.874 6.764
v 3.979 3.045 6.762
v 4.068 3.235 6.76
v 4.121 3.438 6.758
v 4.134 3.648 6.757
v 4.106 3.856 6.759
v 4.042 4.057 6.758
v 3.938 4.242 6.763
v 3.799 4.403 6.769
v 3.631 4.535 6.778
v 3.44 4.632 6.787
v 3.232 4.686 6.802
v 3.015 4.472 6.619
v 2.847 4.451 6.629
v 2.687 4.397 6.639
v 2.54 4.313 6.648
v 2.412 4.202 6.655
v 2.308 4.069 6.659
v 2.233 3.918 6.662
v 2.189 3.754 6.664
v 2.178 3.584 6.663
v 2.2 3.415 6.66
v 2.255 3.253 6.654
v 2.341 3.105 6.647
v 2.454 2.977 6.639
v 2.59 2.874 6.63
v 2.745 2.799 6.621
v 2.91 2.756 6.611
v 3.08 2.746 6.601
v 3.249 2.769 6.592
v 3.409 2.826 6.585
v 3.554 2.913 6.579
v 3.679 3.026 6.575
v 3.778 3.161 6.573
v 3.85 3.312 6.571
v 3.892 3.474 6.57
v 3.902 3.641 6.57
v 3.879 3.807 6.572
v 3.825 3.965 6.574
v 3.743 4.112 6.576
v 3.631 4.238 6.583
v 3.498 4.341 6.591
v 3.347 4.416 6.6
v 3.183 4.46 6.61
v 3.016 4.207 6.471
v 2.9 4.193 6.477
v 2.789 4.155 6.483
v 2.688 4.097 6.489
v 2.6 4.021 6.494
v 2.528 3.929 6.497
v 2.477 3.823 6.499
v 2.447 3.71 6.501
v 2.439 3.593 6.5
v 2.454 3.477 6.497
v 2.492 3.365 6.493
v 2.552 3.264 6.489
v 2.629 3.175 6.482
v 2.724 3.105 6.478
v 2.829 3.052 6.47
v 2.943 3.023 6.464
v 3.061 3.016 6.458
v 3.177 3.032 6.452
v 3.288 3.07 6.446
v 3.388 3.129 6.442
v 3.475 3.207 6.439
v 3.545 3.3 6.435
v 3.596 3.405 6.435
v 3.625 3.517 6.433
v 3.632 3.633 6.434
v 3.616 3.748 6.436
v 3.578 3.858 6.438
v 3.52 3.959 6.44
v 3.442 4.046 6.446
v 3.35 4.117 6.45
v 3.245 4.169 6.456
v 3.132 4.199 6.464
v 3.021 3.917 6.377
v 2.961 3.91 6.379
v 2.905 3.891 6.383
v 2.854 3.861 6.387
v 2.809 3.822 6.389
v 2.772 3.775 6.389
v 2.746 3.72 6.392
v 2.731 3.663 6.393
v 2.727 3.603 6.391
v 2.735 3.544 6.391
v 2.754 3.487 6.388
v 2.784 3.436 6.386
v 2.825 3.391 6.384
v 2.872 3.354 6.381
v 2.926 3.328 6.376
v 2.984 3.312 6.374
v 3.044 3.309 6.37
v 3.104 3.317 6.366
v 3.16 3.336 6.364
v 3.211 3.366 6.361
v 3.256 3.406 6.36
v 3.292 3.453 6.358
v 3.318 3.507 6.357
v 3.333 3.564 6.357
v 3.337 3.623 6.356
v 3.328 3.683 6.358
v 3.309 3.739 6.36
v 3.279 3.79 6.361
v 3.24 3.835 6.364
v 3.192 3.871 6.367
v 3.138 3.898 6.37
v 3.08 3.914 6.371
v 3.031 3.613 6.342
v -3.277 4.343 9.316
v -3.14 4.326 9.327
v -3.105 4.484 9.197
v -3.272 4.502 9.179
v -3.009 4.283 9.338
v -2.945 4.435 9.215
v -2.889 4.216 9.35
v -2.799 4.355 9.231
v -2.786 4.125 9.357
v -2.668 4.248 9.248
v -2.701 4.017 9.367
v -2.564 4.113 9.26
v -2.635 3.895 9.38
v -2.491 3.958 9.262
v -2.446 3.799 9.273
v -2.595 3.763 9.391
v -2.429 3.628 9.285
v -2.582 3.622 9.401
v -2.448 3.457 9.292
v -2.599 3.482 9.405
v -2.504 3.295 9.289
v -2.644 3.349 9.403
v -2.715 3.226 9.4
v -2.588 3.143 9.289
v -2.808 3.12 9.394
v -2.702 3.013 9.281
v -2.921 3.034 9.384
v -2.841 2.907 9.27
v -3.048 2.972 9.374
v -2.997 2.831 9.257
v -3.185 2.937 9.361
v -3.164 2.791 9.238
v -3.336 2.786 9.218
v -3.326 2.931 9.346
v -3.463 2.954 9.331
v -3.503 2.816 9.198
v -3.592 3.004 9.316
v -3.66 2.878 9.178
v -3.71 3.076 9.302
v -3.802 2.968 9.161
v -3.809 3.171 9.288
v -3.92 3.084 9.144
v -3.889 3.281 9.278
v -4.014 3.219 9.13
v -3.95 3.402 9.274
v -4.087 3.365 9.124
v -3.983 3.534 9.268
v -4.13 3.523 9.122
v -3.986 3.668 9.261
v -4.133 3.686 9.112
v -3.967 3.803 9.26
v -4.111 3.849 9.11
v -3.923 3.931 9.262
v -4.059 4.005 9.113
v -3.856 4.047 9.266
v -3.979 4.147 9.12
v -3.769 4.148 9.271
v -3.871 4.269 9.127
v -3.666 4.233 9.282
v -3.743 4.371 9.138
v -3.545 4.295 9.292
v -3.596 4.443 9.149
v -3.415 4.333 9.304
v -3.438 4.488 9.164
v -3.055 4.642 9.054
v -3.015 4.768 8.928
v -3.238 4.787 8.9
v -3.254 4.66 9.029
v -2.865 4.583 9.075
v -2.799 4.699 8.95
v -2.691 4.485 9.091
v -2.603 4.586 8.969
v -2.536 4.358 9.111
v -2.433 4.441 8.987
v -2.409 4.203 9.132
v -2.29 4.267 9.006
v -2.318 4.02 9.143
v -2.182 4.068 9.024
v -2.126 3.847 9.027
v -2.272 3.826 9.142
v -2.249 3.623 9.157
v -2.104 3.616 9.037
v -2.126 3.386 9.043
v -2.271 3.418 9.162
v -2.329 3.219 9.171
v -2.183 3.157 9.058
v -2.429 3.033 9.173
v -2.3 2.947 9.056
v -2.571 2.881 9.157
v -2.462 2.774 9.038
v -2.74 2.76 9.136
v -2.654 2.639 9.014
v -2.928 2.675 9.114
v -2.868 2.542 8.989
v -3.127 2.622 9.097
v -3.093 2.489 8.965
v -3.333 2.616 9.072
v -3.326 2.481 8.938
v -3.533 2.654 9.044
v -3.553 2.523 8.909
v -3.72 2.728 9.019
v -3.763 2.608 8.881
v -3.887 2.836 8.997
v -3.947 2.734 8.854
v -4.105 2.89 8.832
v -4.03 2.974 8.979
v -4.146 3.134 8.968
v -4.236 3.069 8.823
v -4.228 3.31 8.959
v -4.33 3.269 8.812
v -4.279 3.499 8.953
v -4.385 3.483 8.803
v -4.394 3.699 8.794
v -4.292 3.694 8.949
v -4.257 3.887 8.942
v -4.36 3.913 8.792
v -4.192 4.071 8.946
v -4.288 4.117 8.799
v -4.094 4.237 8.953
v -4.176 4.301 8.807
v -3.965 4.382 8.964
v -4.032 4.463 8.819
v -3.81 4.499 8.976
v -3.857 4.593 8.831
v -3.637 4.585 8.99
v -3.665 4.693 8.85
v -3.449 4.638 9.006
v -3.457 4.76 8.872
v -3.187 5.048 8.507
v -3.222 4.895 8.769
v -2.977 4.878 8.798
v -2.912 5.029 8.534
v -2.741 4.801 8.822
v -2.647 4.945 8.556
v -2.526 4.673 8.84
v -2.406 4.8 8.573
v -2.341 4.509 8.858
v -2.195 4.613 8.594
v -2.187 4.318 8.874
v -2.029 4.389 8.61
v -2.068 4.104 8.89
v -1.904 4.148 8.62
v -1.997 3.865 8.899
v -1.814 3.883 8.632
v -1.966 3.609 8.915
v -1.767 3.596 8.65
v -1.991 3.355 8.92
v -1.789 3.307 8.656
v -2.054 3.102 8.931
v -1.874 3.027 8.655
v -2.184 2.87 8.926
v -2.017 2.766 8.649
v -2.364 2.68 8.907
v -2.222 2.553 8.629
v -2.578 2.532 8.882
v -2.462 2.385 8.606
v -2.813 2.427 8.856
v -2.727 2.269 8.58
v -3.061 2.371 8.828
v -3.003 2.208 8.551
v -3.315 2.366 8.798
v -3.286 2.202 8.52
v -3.565 2.411 8.77
v -3.566 2.256 8.489
v -3.795 2.507 8.741
v -3.824 2.364 8.461
v -3.997 2.645 8.715
v -4.054 2.518 8.437
v -4.166 2.819 8.689
v -4.248 2.714 8.413
v -4.305 3.015 8.673
v -4.39 2.941 8.391
v -4.409 3.236 8.664
v -4.499 3.184 8.378
v -4.465 3.47 8.656
v -4.569 3.443 8.38
v -4.472 3.702 8.651
v -4.568 3.699 8.379
v -4.439 3.931 8.654
v -4.53 3.95 8.383
v -4.36 4.15 8.66
v -4.455 4.197 8.393
v -4.238 4.351 8.667
v -4.315 4.42 8.398
v -4.081 4.526 8.677
v -4.146 4.62 8.411
v -3.896 4.674 8.694
v -3.943 4.79 8.429
v -3.687 4.786 8.715
v -3.711 4.919 8.45
v -3.461 4.863 8.741
v -3.458 5.008 8.478
v -3.155 5.132 8.252
v -2.861 5.107 8.277
v -2.583 5.015 8.297
v -2.327 4.867 8.315
v -2.102 4.668 8.334
v -1.925 4.429 8.351
v -1.792 4.172 8.362
v -1.7 3.887 8.368
v -1.661 3.584 8.377
v -1.688 3.282 8.38
v -1.774 2.987 8.378
v -1.925 2.715 8.369
v -2.138 2.487 8.353
v -2.39 2.307 8.333
v -2.668 2.185 8.311
v -2.958 2.119 8.285
v -3.258 2.111 8.256
v -3.552 2.166 8.225
v -3.825 2.282 8.197
v -4.07 2.446 8.173
v -4.276 2.656 8.154
v -4.422 2.898 8.142
v -4.527 3.154 8.134
v -4.592 3.424 8.134
v -4.596 3.692 8.137
v -4.568 3.957 8.141
v -4.483 4.217 8.146
v -4.349 4.458 8.155
v -4.172 4.672 8.167
v -3.957 4.852 8.183
v -3.712 4.992 8.203
v -3.443 5.088 8.226
v -3.125 5.159 8.005
v -2.826 5.133 8.027
v -2.54 5.038 8.047
v -2.279 4.887 8.063
v -2.05 4.685 8.077
v -1.866 4.444 8.094
v -1.729 4.176 8.102
v -1.639 3.884 8.107
v -1.606 3.576 8.114
v -1.633 3.269 8.116
v -1.725 2.971 8.112
v -1.878 2.696 8.102
v -2.09 2.46 8.088
v -2.346 2.276 8.073
v -2.628 2.148 8.055
v -2.925 2.079 8.032
v -3.232 2.069 8.004
v -3.532 2.124 7.975
v -3.812 2.24 7.949
v -4.06 2.413 7.927
v -4.266 2.628 7.913
v -4.417 2.875 7.908
v -4.522 3.137 7.904
v -4.587 3.409 7.903
v -4.593 3.685 7.908
v -4.566 3.958 7.91
v -4.49 4.227 7.915
v -4.355 4.477 7.923
v -4.173 4.698 7.934
v -3.951 4.884 7.949
v -3.697 5.025 7.966
v -3.42 5.119 7.985
v -3.097 5.147 7.765
v -2.801 5.117 7.783
v -2.516 5.022 7.799
v -2.257 4.87 7.814
v -2.03 4.672 7.828
v -1.843 4.435 7.841
v -1.706 4.166 7.849
v -1.622 3.875 7.855
v -1.592 3.572 7.859
v -1.623 3.267 7.859
v -1.715 2.974 7.854
v -1.866 2.702 7.844
v -2.072 2.467 7.831
v -2.322 2.281 7.817
v -2.603 2.151 7.802
v -2.901 2.08 7.781
v -3.207 2.07 7.755
v -3.506 2.124 7.731
v -3.785 2.239 7.709
v -4.032 2.408 7.692
v -4.237 2.62 7.681
v -4.394 2.863 7.675
v -4.501 3.126 7.673
v -4.563 3.4 7.674
v -4.579 3.678 7.678
v -4.551 3.955 7.681
v -4.471 4.225 7.686
v -4.338 4.479 7.692
v -4.155 4.703 7.703
v -3.929 4.887 7.717
v -3.672 5.024 7.732
v -3.392 5.114 7.748
v -3.267 4.16 9.454
v -3.162 4.147 9.463
v -3.152 4.237 9.395
v -3.273 4.252 9.385
v -3.036 4.2 9.405
v -3.315 3.003 9.407
v -3.407 3.092 9.454
v -3.437 3.021 9.394
v -3.508 3.126 9.445
v -3.553 3.063 9.382
v -3.601 3.181 9.436
v -3.658 3.127 9.37
v -3.68 3.252 9.428
v -3.748 3.21 9.359
v -3.744 3.337 9.421
v -3.821 3.308 9.351
v -3.79 3.432 9.417
v -3.874 3.417 9.346
v -3.816 3.535 9.414
v -3.902 3.534 9.342
v -3.822 3.64 9.413
v -3.907 3.655 9.338
v -3.808 3.745 9.415
v -3.89 3.775 9.339
v -3.775 3.846 9.418
v -3.852 3.89 9.341
v -3.723 3.937 9.421
v -3.792 3.993 9.344
v -3.653 4.015 9.425
v -3.714 4.083 9.349
v -3.57 4.079 9.431
v -3.62 4.157 9.357
v -3.512 4.211 9.366
v -3.476 4.126 9.439
v -3.394 4.242 9.374
v -3.373 4.153 9.447
v -2.93 4.14 9.415
v -2.838 4.06 9.424
v -2.762 3.965 9.434
v -2.706 3.856 9.443
v -2.671 3.738 9.452
v -2.778 3.266 9.454
v -2.859 3.172 9.449
v -2.959 3.097 9.44
v -3.071 3.042 9.43
v -3.191 3.01 9.419
v -3.072 5.097 7.525
v -2.783 5.065 7.54
v -2.507 4.973 7.556
v -2.254 4.828 7.57
v -2.037 4.634 7.583
v -1.858 4.404 7.595
v -1.725 4.144 7.602
v -1.644 3.863 7.607
v -1.616 3.57 7.608
v -1.649 3.276 7.606
v -1.739 2.992 7.599
v -1.886 2.731 7.589
v -2.084 2.506 7.576
v -2.323 2.323 7.562
v -2.594 2.194 7.546
v -2.884 2.124 7.527
v -3.181 2.111 7.506
v -3.472 2.161 7.486
v -3.744 2.27 7.469
v -3.984 2.434 7.457
v -4.184 2.638 7.449
v -4.341 2.873 7.444
v -4.451 3.128 7.443
v -4.516 3.395 7.444
v -4.533 3.669 7.446
v -4.503 3.944 7.449
v -4.423 4.21 7.452
v -4.29 4.458 7.458
v -4.109 4.675 7.468
v -3.887 4.856 7.48
v -3.634 4.989 7.494
v -3.359 5.071 7.509
v -3.049 5.011 7.282
v -2.777 4.978 7.297
v -2.516 4.891 7.312
v -2.279 4.753 7.326
v -2.073 4.572 7.339
v -1.905 4.356 7.349
v -1.78 4.111 7.355
v -1.706 3.845 7.358
v -1.683 3.569 7.358
v -1.715 3.293 7.354
v -1.8 3.027 7.347
v -1.94 2.784 7.337
v -2.126 2.573 7.324
v -2.349 2.402 7.31
v -2.601 2.277 7.293
v -2.874 2.208 7.276
v -3.154 2.195 7.257
v -3.428 2.241 7.241
v -3.686 2.342 7.228
v -3.915 2.492 7.22
v -4.107 2.683 7.214
v -4.257 2.904 7.212
v -4.366 3.145 7.211
v -4.428 3.4 7.211
v -4.447 3.662 7.211
v -4.418 3.925 7.212
v -4.341 4.179 7.213
v -4.211 4.414 7.219
v -4.037 4.621 7.228
v -3.825 4.791 7.238
v -3.583 4.916 7.251
v -3.321 4.992 7.265
v -2.783 4.851 7.055
v -3.03 4.883 7.04
v -2.546 4.771 7.069
v -2.331 4.647 7.083
v -2.144 4.483 7.094
v -1.992 4.285 7.104
v -1.882 4.062 7.109
v -1.812 3.822 7.109
v -1.794 3.572 7.109
v -1.825 3.321 7.105
v -1.906 3.082 7.099
v -2.03 2.861 7.088
v -2.197 2.67 7.076
v -2.399 2.515 7.062
v -2.629 2.406 7.049
v -2.874 2.341 7.032
v -3.127 2.328 7.017
v -3.376 2.366 7.003
v -3.611 2.456 6.993
v -3.821 2.589 6.986
v -3.999 2.759 6.981
v -4.139 2.959 6.98
v -4.24 3.18 6.979
v -4.3 3.413 6.977
v -4.315 3.655 6.977
v -4.288 3.896 6.977
v -4.212 4.127 6.979
v -4.094 4.343 6.983
v -3.936 4.532 6.989
v -3.741 4.686 6.999
v -3.519 4.798 7.012
v -3.279 4.864 7.026
v -2.806 4.675 6.827
v -3.019 4.701 6.815
v -2.604 4.605 6.841
v -2.418 4.499 6.853
v -2.258 4.358 6.863
v -2.127 4.189 6.87
v -2.03 3.998 6.873
v -1.974 3.791 6.874
v -1.959 3.576 6.873
v -1.986 3.362 6.868
v -2.056 3.157 6.863
v -2.165 2.969 6.854
v -2.308 2.807 6.845
v -2.481 2.675 6.833
v -2.676 2.579 6.82
v -2.885 2.522 6.805
v -3.102 2.511 6.793
v -3.316 2.543 6.783
v -3.519 2.615 6.771
v -3.7 2.728 6.767
v -3.855 2.874 6.764
v -3.979 3.045 6.762
v -4.068 3.235 6.76
v -4.121 3.438 6.758
v -4.134 3.648 6.757
v -4.106 3.856 6.759
v -4.042 4.057 6.758
v -3.938 4.242 6.763
v -3.799 4.403 6.769
v -3.631 4.535 6.778
v -3.44 4.632 6.787
v -3.232 4.686 6.802
v -2.847 4.451 6.629
v -3.015 4.472 6.619
v -2.687 4.397 6.639
v -2.54 4.313 6.648
v -2.412 4.202 6.655
v -2.308 4.069 6.659
v -2.233 3.918 6.662
v -2.189 3.754 6.664
v -2.178 3.584 6.663
v -2.2 3.415 6.66
v -2.255 3.253 6.654
v -2.341 3.105 6.647
v -2.454 2.977 6.639
v -2.59 2.874 6.63
v -2.745 2.799 6.621
v -2.91 2.756 6.611
v -3.08 2.746 6.601
v -3.249 2.769 6.592
v -3.409 2.826 6.585
v -3.554 2.913 6.579
v -3.679 3.026 6.575
v -3.778 3.161 6.573
v -3.85 3.312 6.571
v -3.892 3.474 6.57
v -3.902 3.641 6.57
v -3.879 3.807 6.572
v -3.825 3.965 6.574
v -3.743 4.112 6.576
v -3.631 4.238 6.583
v -3.498 4.341 6.591
v -3.347 4.416 6.6
v -3.183 4.46 6.61
v -2.9 4.193 6.477
v -3.016 4.207 6.471
v -2.789 4.155 6.483
v -2.688 4.097 6.489
v -2.6 4.021 6.494
v -2.528 3.929 6.497
v -2.477 3.823 6.499
v -2.447 3.71 6.501
v -2.439 3.593 6.5
v -2.454 3.477 6.497
v -2.492 3.365 6.493
v -2.552 3.264 6.489
v -2.629 3.175 6.482
v -2.724 3.105 6.478
v -2.829 3.052 6.47
v -2.943 3.023 6.464
v -3.061 3.016 6.458
v -3.177 3.032 6.452
v -3.288 3.07 6.446
v -3.388 3.129 6.442
v -3.475 3.207 6.439
v -3.545 3.3 6.435
v -3.596 3.405 6.435
v -3.625 3.517 6.433
v -3.632 3.633 6.434
v -3.616 3.748 6.436
v -3.578 3.858 6.438
v -3.52 3.959 6.44
v -3.442 4.046 6.446
v -3.35 4.117 6.45
v -3.245 4.169 6.456
v -3.132 4.199 6.464
v -2.961 3.91 6.379
v -3.021 3.917 6.377
v -2.905 3.891 6.383
v -2.854 3.861 6.387
v -2.809 3.822 6.389
v -2.772 3.775 6.389
v -2.746 3.72 6.392
v -2.731 3.663 6.393
v -2.727 3.603 6.391
v -2.735 3.544 6.391
v -2.754 3.487 6.388
v -2.784 3.436 6.386
v -2.825 3.391 6.384
v -2.872 3.354 6.381
v -2.926 3.328 6.376
v -2.984 3.312 6.374
v -3.044 3.309 6.37
v -3.104 3.317 6.366
v -3.16 3.336 6.364
v -3.211 3.366 6.361
v -3.256 3.406 6.36
v -3.292 3.453 6.358
v -3.318 3.507 6.357
v -3.333 3.564 6.357
v -3.337 3.623 6.356
v -3.328 3.683 6.358
v -3.309 3.739 6.36
v -3.279 3.79 6.361
v -3.24 3.835 6.364
v -3.192 3.871 6.367
v -3.138 3.898 6.37
v -3.08 3.914 6.371
v -3.031 3.613 6.342
v 2.809 3.681 6.629
v 2.607 3.749 6.701
v 2.67 3.872 6.694
v 2.841 3.743 6.625
v 2.768 3.97 6.685
v 2.89 3.792 6.621
v 2.891 4.032 6.673
v 2.953 3.824 6.614
v 3.027 4.053 6.66
v 3.022 3.835 6.608
v 3.163 4.031 6.646
v 3.091 3.823 6.601
v 3.286 3.968 6.635
v 3.153 3.791 6.595
v 3.383 3.869 6.625
v 3.202 3.742 6.591
v 3.446 3.746 6.62
v 3.233 3.679 6.588
v 3.467 3.609 6.618
v 3.244 3.61 6.587
v 3.445 3.472 6.62
v 3.233 3.541 6.588
v 3.382 3.349 6.627
v 3.201 3.478 6.591
v 3.284 3.252 6.636
v 3.152 3.429 6.596
v 3.161 3.189 6.648
v 3.089 3.397 6.602
v 3.025 3.168 6.661
v 3.02 3.387 6.609
v 2.889 3.19 6.674
v 2.951 3.398 6.615
v 2.766 3.254 6.686
v 2.889 3.43 6.621
v 2.669 3.352 6.695
v 2.84 3.48 6.626
v 2.606 3.475 6.701
v 2.809 3.542 6.629
v 2.585 3.612 6.703
v 2.798 3.611 6.63
v 2.419 3.814 6.805
v 2.511 3.995 6.796
v 2.655 4.138 6.782
v 2.836 4.23 6.764
v 3.036 4.261 6.745
v 3.236 4.228 6.725
v 3.416 4.135 6.708
v 3.559 3.991 6.695
v 3.651 3.81 6.686
v 3.682 3.609 6.683
v 3.65 3.408 6.687
v 3.557 3.227 6.696
v 3.414 3.084 6.71
v 3.233 2.992 6.728
v 3.033 2.961 6.747
v 2.832 2.993 6.767
v 2.652 3.086 6.784
v 2.509 3.231 6.797
v 2.418 3.412 6.806
v 2.387 3.613 6.809
v 2.249 3.874 6.939
v 2.368 4.108 6.927
v 2.554 4.294 6.909
v 2.789 4.412 6.886
v 3.048 4.453 6.861
v 3.307 4.411 6.836
v 3.54 4.29 6.814
v 3.725 4.103 6.796
v 3.844 3.868 6.785
v 3.884 3.608 6.782
v 3.842 3.348 6.786
v 3.723 3.114 6.798
v 3.537 2.928 6.817
v 3.302 2.81 6.839
v 3.043 2.769 6.864
v 2.784 2.811 6.889
v 2.551 2.932 6.912
v 2.366 3.119 6.929
v 2.247 3.354 6.94
v 2.207 3.614 6.944
v 2.101 3.928 7.1
v 2.245 4.209 7.085
v 2.469 4.433 7.063
v 2.75 4.575 7.036
v 3.062 4.624 7.006
v 3.374 4.573 6.976
v 3.655 4.428 6.949
v 3.877 4.204 6.928
v 4.02 3.921 6.915
v 4.068 3.608 6.911
v 4.018 3.295 6.916
v 3.874 3.013 6.93
v 3.65 2.79 6.952
v 3.369 2.647 6.98
v 3.057 2.599 7.01
v 2.745 2.649 7.04
v 2.464 2.794 7.067
v 2.242 3.019 7.088
v 2.099 3.302 7.101
v 2.051 3.615 7.105
v 1.979 3.973 7.283
v 2.144 4.296 7.267
v 2.4 4.551 7.241
v 2.722 4.715 7.21
v 3.079 4.77 7.175
v 3.435 4.712 7.141
v 3.757 4.546 7.11
v 4.011 4.289 7.086
v 4.174 3.966 7.071
v 4.23 3.608 7.066
v 4.173 3.25 7.073
v 4.008 2.927 7.089
v 3.752 2.672 7.114
v 3.429 2.509 7.146
v 3.073 2.453 7.18
v 2.716 2.511 7.215
v 2.395 2.677 7.245
v 2.14 2.934 7.269
v 1.977 3.257 7.285
v 1.922 3.616 7.289
v 1.886 4.01 7.484
v 2.068 4.365 7.466
v 2.35 4.647 7.438
v 2.705 4.827 7.404
v 3.098 4.888 7.366
v 3.49 4.824 7.328
v 3.844 4.642 7.294
v 4.125 4.358 7.268
v 4.304 4.002 7.251
v 4.365 3.607 7.246
v 4.302 3.213 7.252
v 4.12 2.858 7.271
v 3.838 2.577 7.298
v 3.484 2.397 7.333
v 3.091 2.336 7.371
v 2.698 2.4 7.409
v 2.344 2.582 7.443
v 2.064 2.866 7.469
v 1.884 3.222 7.486
v 1.823 3.616 7.491
v 1.825 4.038 7.699
v 2.018 4.417 7.679
v 2.319 4.717 7.65
v 2.698 4.909 7.613
v 3.118 4.974 7.572
v 3.537 4.906 7.532
v 3.914 4.711 7.496
v 4.214 4.409 7.467
v 4.405 4.029 7.449
v 4.471 3.608 7.444
v 4.403 3.187 7.451
v 4.209 2.808 7.471
v 3.908 2.508 7.5
v 3.53 2.316 7.537
v 3.11 2.25 7.578
v 2.691 2.319 7.618
v 2.313 2.513 7.654
v 2.014 2.816 7.682
v 1.822 3.196 7.7
v 1.757 3.617 7.706
v 1.796 4.054 7.921
v 1.997 4.448 7.901
v 2.31 4.76 7.87
v 2.703 4.959 7.831
v 3.139 5.027 7.789
v 3.574 4.956 7.747
v 3.966 4.754 7.71
v 4.277 4.44 7.68
v 4.476 4.045 7.662
v 4.544 3.608 7.656
v 4.474 3.171 7.664
v 4.273 2.777 7.684
v 3.96 2.466 7.715
v 3.567 2.266 7.753
v 3.131 2.198 7.795
v 2.696 2.269 7.837
v 2.304 2.471 7.874
v 1.993 2.785 7.904
v 1.794 3.18 7.922
v 1.726 3.618 7.928
v 1.801 4.06 8.145
v 2.004 4.459 8.125
v 2.321 4.774 8.094
v 2.719 4.976 8.055
v 3.16 5.045 8.012
v 3.601 4.973 7.97
v 3.998 4.769 7.932
v 4.313 4.451 7.902
v 4.514 4.051 7.883
v 4.583 3.608 7.877
v 4.512 3.166 7.885
v 4.308 2.767 7.905
v 3.992 2.452 7.936
v 3.593 2.25 7.975
v 3.152 2.181 8.018
v 2.712 2.253 8.06
v 2.315 2.458 8.098
v 2 2.775 8.128
v 1.798 3.175 8.147
v 1.73 3.618 8.153
v 1.839 4.055 8.366
v 2.04 4.449 8.346
v 2.353 4.761 8.315
v 2.746 4.96 8.277
v 3.181 5.028 8.235
v 3.617 4.957 8.193
v 4.009 4.755 8.155
v 4.32 4.441 8.126
v 4.519 4.046 8.107
v 4.587 3.609 8.102
v 4.517 3.172 8.109
v 4.315 2.778 8.129
v 4.003 2.466 8.16
v 3.609 2.267 8.198
v 3.174 2.199 8.241
v 2.739 2.27 8.283
v 2.346 2.472 8.32
v 2.035 2.786 8.35
v 1.836 3.181 8.368
v 1.769 3.618 8.374
v 1.909 4.039 8.579
v 2.103 4.418 8.559
v 2.404 4.718 8.53
v 2.783 4.911 8.493
v 3.202 4.976 8.452
v 3.621 4.908 8.412
v 3.999 4.713 8.376
v 4.298 4.411 8.347
v 4.49 4.03 8.33
v 4.555 3.609 8.324
v 4.488 3.188 8.331
v 4.294 2.81 8.351
v 3.993 2.509 8.38
v 3.614 2.317 8.417
v 3.195 2.252 8.458
v 2.776 2.32 8.498
v 2.398 2.515 8.534
v 2.099 2.817 8.563
v 1.907 3.198 8.581
v 1.842 3.619 8.586
v 2.011 4.013 8.777
v 2.192 4.368 8.759
v 2.474 4.649 8.732
v 2.829 4.829 8.697
v 3.222 4.89 8.659
v 3.614 4.826 8.621
v 3.968 4.644 8.587
v 4.249 4.361 8.561
v 4.428 4.004 8.544
v 4.49 3.61 8.539
v 4.426 3.216 8.546
v 4.245 2.861 8.564
v 3.963 2.579 8.592
v 3.608 2.399 8.626
v 3.215 2.338 8.664
v 2.822 2.402 8.702
v 2.468 2.585 8.736
v 2.188 2.868 8.762
v 2.008 3.224 8.779
v 1.947 3.619 8.784
v 2.14 3.976 8.957
v 2.305 4.299 8.941
v 2.561 4.554 8.916
v 2.883 4.718 8.884
v 3.24 4.773 8.85
v 3.596 4.715 8.815
v 3.918 4.549 8.785
v 4.172 4.292 8.761
v 4.335 3.969 8.745
v 4.391 3.611 8.741
v 4.333 3.253 8.747
v 4.169 2.93 8.763
v 3.913 2.675 8.789
v 3.59 2.512 8.82
v 3.234 2.456 8.854
v 2.877 2.514 8.889
v 2.556 2.68 8.92
v 2.301 2.937 8.944
v 2.138 3.26 8.959
v 2.083 3.619 8.964
v 2.294 3.931 9.114
v 2.439 4.213 9.1
v 2.662 4.436 9.078
v 2.944 4.579 9.05
v 3.256 4.627 9.02
v 3.567 4.577 8.99
v 3.848 4.432 8.963
v 4.071 4.207 8.942
v 4.213 3.924 8.929
v 4.262 3.611 8.925
v 4.212 3.299 8.93
v 4.068 3.017 8.944
v 3.844 2.794 8.966
v 3.562 2.651 8.994
v 3.25 2.602 9.024
v 2.939 2.653 9.054
v 2.658 2.798 9.081
v 2.435 3.023 9.102
v 2.293 3.305 9.115
v 2.244 3.618 9.119
v 2.47 3.878 9.244
v 2.59 4.112 9.232
v 2.776 4.298 9.213
v 3.01 4.417 9.191
v 3.269 4.457 9.165
v 3.528 4.415 9.141
v 3.762 4.294 9.118
v 3.947 4.107 9.101
v 4.065 3.872 9.09
v 4.106 3.612 9.086
v 4.064 3.352 9.091
v 3.944 3.118 9.103
v 3.758 2.932 9.121
v 3.524 2.814 9.144
v 3.265 2.773 9.169
v 3.006 2.816 9.194
v 2.772 2.936 9.216
v 2.587 3.123 9.234
v 2.469 3.358 9.245
v 2.428 3.618 9.248
v 2.566 3.85 9.326
v 2.657 3.822 9.403
v 2.751 4.006 9.394
v 2.672 4.058 9.315
v 2.896 4.151 9.379
v 2.838 4.223 9.299
v 3.079 4.244 9.361
v 3.046 4.328 9.279
v 3.282 4.275 9.342
v 3.276 4.364 9.256
v 3.485 4.242 9.322
v 3.506 4.326 9.234
v 3.667 4.148 9.305
v 3.713 4.22 9.214
v 3.812 4.002 9.291
v 3.878 4.053 9.199
v 3.904 3.818 9.283
v 3.983 3.845 9.189
v 3.936 3.615 9.28
v 4.019 3.613 9.186
v 3.903 3.411 9.283
v 3.982 3.382 9.19
v 3.81 3.228 9.293
v 3.875 3.174 9.201
v 3.664 3.083 9.307
v 3.71 3.01 9.217
v 3.481 2.99 9.325
v 3.502 2.904 9.237
v 3.278 2.959 9.345
v 3.272 2.868 9.26
v 3.076 2.992 9.364
v 3.042 2.906 9.282
v 2.893 3.086 9.381
v 2.834 3.013 9.302
v 2.749 3.232 9.395
v 2.67 3.179 9.317
v 2.656 3.416 9.404
v 2.565 3.387 9.327
v 2.625 3.619 9.406
v 2.529 3.619 9.33
v 2.752 3.794 9.476
v 2.832 3.952 9.468
v 2.958 4.077 9.455
v 3.115 4.157 9.44
v 3.29 4.184 9.423
v 3.464 4.155 9.406
v 3.621 4.074 9.391
v 3.746 3.949 9.38
v 3.826 3.79 9.372
v 3.853 3.615 9.37
v 3.825 3.44 9.373
v 3.744 3.282 9.381
v 3.619 3.157 9.393
v 3.461 3.078 9.409
v 3.287 3.05 9.426
v 3.112 3.079 9.442
v 2.955 3.16 9.457
v 2.831 3.285 9.469
v 2.751 3.444 9.477
v 2.724 3.619 9.479
v 3.022 3.707 9.504
v 3.075 3.689 9.498
v 3.108 3.754 9.494
v 3.063 3.787 9.5
v 3.159 3.805 9.489
v 3.127 3.85 9.494
v 3.223 3.837 9.483
v 3.206 3.89 9.486
v 3.295 3.849 9.476
v 3.295 3.904 9.477
v 3.366 3.837 9.469
v 3.383 3.89 9.469
v 3.43 3.804 9.463
v 3.463 3.849 9.461
v 3.481 3.752 9.458
v 3.526 3.785 9.455
v 3.514 3.688 9.455
v 3.567 3.705 9.451
v 3.525 3.616 9.454
v 3.58 3.616 9.45
v 3.514 3.544 9.456
v 3.566 3.527 9.452
v 3.481 3.48 9.459
v 3.525 3.447 9.456
v 3.429 3.429 9.464
v 3.461 3.384 9.462
v 3.365 3.397 9.47
v 3.382 3.344 9.47
v 3.294 3.385 9.477
v 3.293 3.329 9.478
v 3.222 3.396 9.484
v 3.205 3.344 9.487
v 3.158 3.43 9.49
v 3.125 3.385 9.495
v 3.107 3.481 9.495
v 3.062 3.449 9.501
v 3.074 3.546 9.498
v 3.022 3.529 9.504
v 3.063 3.618 9.499
v 3.008 3.618 9.506
v 2.918 3.892 9.496
v 2.869 3.927 9.487
v 2.794 3.781 9.494
v 2.852 3.762 9.503
v 3.021 3.994 9.486
v 2.985 4.042 9.476
v 3.15 4.06 9.473
v 3.13 4.116 9.461
v 3.293 4.082 9.46
v 3.292 4.141 9.446
v 3.436 4.059 9.446
v 3.453 4.115 9.43
v 3.565 3.992 9.434
v 3.598 4.04 9.416
v 3.667 3.889 9.424
v 3.713 3.924 9.405
v 3.733 3.759 9.418
v 3.787 3.777 9.399
v 3.755 3.615 9.416
v 3.812 3.615 9.396
v 3.732 3.472 9.418
v 3.786 3.453 9.399
v 3.666 3.343 9.425
v 3.712 3.308 9.407
v 3.563 3.24 9.435
v 3.596 3.192 9.418
v 3.434 3.175 9.448
v 3.45 3.118 9.432
v 3.291 3.152 9.461
v 3.289 3.093 9.448
v 3.148 3.175 9.475
v 3.128 3.119 9.463
v 3.019 3.242 9.488
v 2.982 3.194 9.477
v 2.917 3.345 9.497
v 2.867 3.311 9.488
v 2.851 3.475 9.503
v 2.793 3.457 9.495
v 2.829 3.619 9.505
v 2.768 3.619 9.497
v 2.969 3.855 9.504
v 2.912 3.743 9.51
v 3.058 3.944 9.495
v 3.17 4.001 9.484
v 3.295 4.02 9.472
v 3.419 4 9.46
v 3.531 3.942 9.45
v 3.619 3.853 9.441
v 3.676 3.74 9.436
v 3.695 3.615 9.434
v 3.675 3.491 9.436
v 3.618 3.379 9.442
v 3.529 3.29 9.451
v 3.417 3.233 9.462
v 3.292 3.214 9.474
v 3.168 3.234 9.486
v 3.057 3.291 9.496
v 2.968 3.381 9.505
v 2.911 3.493 9.51
v 2.892 3.618 9.512
v 2.968 3.724 9.51
v 3.017 3.82 9.505
v 3.093 3.896 9.498
v 3.189 3.945 9.488
v 3.295 3.961 9.478
v 3.401 3.944 9.468
v 3.497 3.894 9.459
v 3.572 3.818 9.452
v 3.62 3.722 9.447
v 3.637 3.616 9.446
v 3.62 3.509 9.448
v 3.571 3.414 9.452
v 3.495 3.338 9.46
v 3.399 3.29 9.469
v 3.293 3.273 9.48
v 3.187 3.29 9.49
v 3.092 3.339 9.499
v 3.016 3.415 9.506
v 2.968 3.512 9.511
v 2.951 3.618 9.512
v 2.431 3.814 6.921
v 2.918 3.647 6.679
v 2.934 3.679 6.677
v 2.523 3.994 6.912
v 2.96 3.704 6.675
v 2.667 4.138 6.898
v 2.992 3.72 6.672
v 2.847 4.229 6.881
v 3.027 3.726 6.668
v 3.047 4.26 6.861
v 3.063 3.72 6.665
v 3.247 4.228 6.842
v 3.095 3.704 6.662
v 3.427 4.135 6.825
v 3.12 3.678 6.659
v 3.57 3.991 6.811
v 3.136 3.646 6.658
v 3.661 3.809 6.803
v 3.142 3.61 6.657
v 3.692 3.609 6.8
v 3.136 3.575 6.658
v 3.66 3.408 6.804
v 3.119 3.543 6.66
v 3.568 3.228 6.813
v 3.094 3.518 6.662
v 3.422 3.087 6.827
v 3.062 3.502 6.665
v 3.243 2.996 6.845
v 3.026 3.495 6.669
v 3.044 2.962 6.864
v 2.991 3.501 6.672
v 2.844 2.994 6.883
v 2.959 3.518 6.675
v 2.664 3.087 6.9
v 2.934 3.543 6.677
v 2.521 3.231 6.914
v 2.918 3.575 6.679
v 2.43 3.413 6.922
v 2.912 3.611 6.679
v 2.399 3.613 6.925
v 3.137 3.667 9.449
v 2.652 3.818 9.226
v 2.745 3.999 9.217
v 3.16 3.712 9.447
v 2.888 4.142 9.203
v 3.196 3.747 9.443
v 3.069 4.233 9.185
v 3.241 3.77 9.439
v 3.269 4.264 9.166
v 3.29 3.778 9.434
v 3.469 4.232 9.147
v 3.34 3.77 9.429
v 3.649 4.139 9.13
v 3.385 3.747 9.425
v 3.791 3.995 9.116
v 3.42 3.711 9.422
v 3.883 3.814 9.108
v 3.443 3.666 9.419
v 3.914 3.613 9.105
v 3.45 3.616 9.419
v 3.882 3.412 9.108
v 3.442 3.566 9.42
v 3.789 3.232 9.118
v 3.419 3.522 9.422
v 3.644 3.092 9.132
v 3.383 3.487 9.426
v 3.464 3 9.149
v 3.339 3.464 9.43
v 3.265 2.966 9.169
v 3.289 3.456 9.435
v 3.066 2.998 9.188
v 3.24 3.464 9.439
v 2.885 3.091 9.205
v 3.195 3.487 9.444
v 2.743 3.235 9.219
v 3.16 3.523 9.447
v 2.651 3.417 9.227
v 3.137 3.567 9.449
v 2.62 3.617 9.23
v 3.129 3.617 9.45
v 2.281 3.93 8.948
v 2.424 4.211 8.934
v 2.648 4.434 8.912
v 2.929 4.577 8.884
v 3.24 4.625 8.854
v 3.551 4.574 8.824
v 3.831 4.43 8.798
v 4.053 4.206 8.777
v 4.195 3.923 8.763
v 4.244 3.611 8.759
v 4.194 3.299 8.765
v 4.05 3.018 8.779
v 3.823 2.8 8.801
v 3.544 2.658 8.828
v 3.234 2.604 8.858
v 2.923 2.655 8.888
v 2.643 2.799 8.915
v 2.421 3.024 8.936
v 2.279 3.306 8.949
v 2.23 3.618 8.954
v 2.104 3.975 8.569
v 2.269 4.297 8.553
v 2.524 4.552 8.528
v 2.846 4.716 8.496
v 3.203 4.771 8.462
v 3.559 4.713 8.427
v 3.88 4.548 8.397
v 4.134 4.291 8.373
v 4.297 3.968 8.358
v 4.352 3.61 8.353
v 4.295 3.252 8.359
v 4.13 2.93 8.375
v 3.871 2.681 8.401
v 3.551 2.518 8.432
v 3.196 2.457 8.466
v 2.84 2.515 8.501
v 2.519 2.68 8.531
v 2.265 2.937 8.556
v 2.102 3.26 8.571
v 2.047 3.618 8.575
v 1.948 4.012 8.139
v 2.129 4.368 8.121
v 2.412 4.649 8.093
v 2.767 4.829 8.059
v 3.16 4.891 8.021
v 3.554 4.827 7.983
v 3.908 4.644 7.949
v 4.189 4.36 7.922
v 4.369 4.004 7.906
v 4.43 3.609 7.9
v 4.366 3.214 7.907
v 4.185 2.859 7.925
v 3.898 2.583 7.954
v 3.545 2.403 7.988
v 3.154 2.336 8.026
v 2.76 2.4 8.064
v 2.406 2.582 8.098
v 2.125 2.866 8.124
v 1.946 3.223 8.141
v 1.884 3.618 8.146
v 2.016 3.974 7.657
v 2.181 4.296 7.641
v 2.437 4.551 7.616
v 2.758 4.714 7.584
v 3.115 4.769 7.55
v 3.471 4.712 7.516
v 3.792 4.546 7.485
v 4.046 4.289 7.461
v 4.209 3.966 7.446
v 4.265 3.608 7.441
v 4.207 3.251 7.447
v 4.043 2.929 7.464
v 3.783 2.679 7.489
v 3.463 2.516 7.52
v 3.109 2.455 7.555
v 2.753 2.513 7.589
v 2.432 2.678 7.62
v 2.177 2.935 7.644
v 2.014 3.258 7.659
v 1.959 3.616 7.664
v 2.119 3.927 7.271
v 2.263 4.208 7.257
v 2.486 4.431 7.235
v 2.767 4.574 7.207
v 3.079 4.622 7.177
v 3.39 4.571 7.147
v 3.67 4.427 7.12
v 3.892 4.203 7.099
v 4.034 3.92 7.086
v 4.083 3.608 7.082
v 4.032 3.296 7.087
v 3.889 3.015 7.102
v 3.662 2.797 7.124
v 3.383 2.655 7.151
v 3.073 2.601 7.181
v 2.762 2.652 7.211
v 2.482 2.796 7.238
v 2.26 3.021 7.259
v 2.118 3.303 7.272
v 2.069 3.615 7.276
v 3.292 3.752 9.446
v 3.294 3.752 9.462
v 3.252 3.746 9.466
v 3.25 3.746 9.45
v 3.334 3.746 9.442
v 3.336 3.746 9.458
v 3.214 3.727 9.47
v 3.212 3.727 9.454
v 3.184 3.697 9.473
v 3.182 3.697 9.457
v 3.165 3.659 9.475
v 3.163 3.659 9.459
v 3.158 3.617 9.475
v 3.156 3.617 9.46
v 3.165 3.575 9.475
v 3.163 3.575 9.459
v 3.184 3.537 9.473
v 3.182 3.537 9.457
v 3.214 3.507 9.47
v 3.212 3.507 9.454
v 3.251 3.487 9.467
v 3.249 3.487 9.451
v 3.293 3.48 9.463
v 3.291 3.481 9.447
v 3.335 3.488 9.459
v 3.333 3.488 9.443
v 3.372 3.507 9.455
v 3.37 3.507 9.439
v 3.403 3.536 9.452
v 3.401 3.536 9.436
v 3.422 3.574 9.45
v 3.42 3.574 9.434
v 3.429 3.616 9.449
v 3.427 3.616 9.433
v 3.422 3.658 9.45
v 3.42 3.658 9.434
v 3.403 3.696 9.452
v 3.401 3.696 9.436
v 3.373 3.726 9.454
v 3.371 3.726 9.439
v 3.108 3.618 9.5
v 3.117 3.675 9.498
v 3.117 3.56 9.499
v 3.143 3.508 9.496
v 3.184 3.466 9.492
v 3.236 3.439 9.487
v 3.294 3.43 9.482
v 3.351 3.44 9.476
v 3.403 3.466 9.471
v 3.445 3.506 9.467
v 3.471 3.558 9.465
v 3.481 3.616 9.464
v 3.472 3.674 9.464
v 3.445 3.726 9.467
v 3.404 3.768 9.471
v 3.352 3.795 9.476
v 3.295 3.804 9.481
v 3.237 3.795 9.487
v 3.185 3.769 9.492
v 3.144 3.727 9.496
v 3.141 3.618 9.5
v 3.148 3.665 9.499
v 3.148 3.57 9.499
v 3.17 3.527 9.497
v 3.204 3.493 9.494
v 3.246 3.47 9.49
v 3.294 3.463 9.485
v 3.341 3.471 9.481
v 3.384 3.493 9.477
v 3.418 3.526 9.473
v 3.44 3.569 9.471
v 3.448 3.616 9.47
v 3.441 3.664 9.471
v 3.419 3.707 9.473
v 3.385 3.741 9.476
v 3.342 3.764 9.48
v 3.295 3.771 9.485
v 3.247 3.764 9.489
v 3.204 3.742 9.494
v 3.17 3.708 9.497
v 3.153 3.617 9.494
v 3.16 3.661 9.494
v 3.159 3.573 9.494
v 3.179 3.534 9.492
v 3.211 3.502 9.489
v 3.25 3.482 9.485
v 3.294 3.475 9.481
v 3.337 3.482 9.477
v 3.377 3.502 9.473
v 3.408 3.533 9.47
v 3.429 3.573 9.468
v 3.436 3.616 9.467
v 3.429 3.66 9.468
v 3.409 3.7 9.47
v 3.378 3.732 9.473
v 3.338 3.752 9.476
v 3.295 3.759 9.48
v 3.251 3.752 9.485
v 3.211 3.732 9.489
v 3.18 3.701 9.492
v 3.248 3.75 9.442
v 3.209 3.73 9.446
v 3.178 3.699 9.449
v 3.158 3.66 9.451
v 3.151 3.617 9.452
v 3.158 3.574 9.451
v 3.177 3.535 9.449
v 3.208 3.504 9.446
v 3.247 3.484 9.443
v 3.29 3.477 9.438
v 3.333 3.484 9.434
v 3.372 3.504 9.43
v 3.403 3.534 9.427
v 3.423 3.573 9.425
v 3.43 3.616 9.425
v 3.423 3.659 9.425
v 3.404 3.699 9.427
v 3.373 3.73 9.43
v 3.334 3.75 9.434
v 3.291 3.757 9.438
v -2.809 3.681 6.629
v -2.841 3.743 6.625
v -2.67 3.872 6.694
v -2.607 3.749 6.701
v -2.89 3.792 6.621
v -2.768 3.97 6.685
v -2.953 3.824 6.614
v -2.891 4.032 6.673
v -3.022 3.835 6.608
v -3.027 4.053 6.66
v -3.091 3.823 6.601
v -3.163 4.031 6.646
v -3.153 3.791 6.595
v -3.286 3.968 6.635
v -3.202 3.742 6.591
v -3.383 3.869 6.625
v -3.233 3.679 6.588
v -3.446 3.746 6.62
v -3.244 3.61 6.587
v -3.467 3.609 6.618
v -3.233 3.541 6.588
v -3.445 3.472 6.62
v -3.201 3.478 6.591
v -3.382 3.349 6.627
v -3.152 3.429 6.596
v -3.284 3.252 6.636
v -3.089 3.397 6.602
v -3.161 3.189 6.648
v -3.02 3.387 6.609
v -3.025 3.168 6.661
v -2.951 3.398 6.615
v -2.889 3.19 6.674
v -2.889 3.43 6.621
v -2.766 3.254 6.686
v -2.84 3.48 6.626
v -2.669 3.352 6.695
v -2.809 3.542 6.629
v -2.606 3.475 6.701
v -2.798 3.611 6.63
v -2.585 3.612 6.703
v -2.511 3.995 6.796
v -2.419 3.814 6.805
v -2.655 4.138 6.782
v -2.836 4.23 6.764
v -3.036 4.261 6.745
v -3.236 4.228 6.725
v -3.416 4.135 6.708
v -3.559 3.991 6.695
v -3.651 3.81 6.686
v -3.682 3.609 6.683
v -3.65 3.408 6.687
v -3.557 3.227 6.696
v -3.414 3.084 6.71
v -3.233 2.992 6.728
v -3.033 2.961 6.747
v -2.832 2.993 6.767
v -2.652 3.086 6.784
v -2.509 3.231 6.797
v -2.418 3.412 6.806
v -2.387 3.613 6.809
v -2.368 4.108 6.927
v -2.249 3.874 6.939
v -2.554 4.294 6.909
v -2.789 4.412 6.886
v -3.048 4.453 6.861
v -3.307 4.411 6.836
v -3.54 4.29 6.814
v -3.725 4.103 6.796
v -3.844 3.868 6.785
v -3.884 3.608 6.782
v -3.842 3.348 6.786
v -3.723 3.114 6.798
v -3.537 2.928 6.817
v -3.302 2.81 6.839
v -3.043 2.769 6.864
v -2.784 2.811 6.889
v -2.551 2.932 6.912
v -2.366 3.119 6.929
v -2.247 3.354 6.94
v -2.207 3.614 6.944
v -2.245 4.209 7.085
v -2.101 3.928 7.1
v -2.469 4.433 7.063
v -2.75 4.575 7.036
v -3.062 4.624 7.006
v -3.374 4.573 6.976
v -3.655 4.428 6.949
v -3.877 4.204 6.928
v -4.02 3.921 6.915
v -4.068 3.608 6.911
v -4.018 3.295 6.916
v -3.874 3.013 6.93
v -3.65 2.79 6.952
v -3.369 2.647 6.98
v -3.057 2.599 7.01
v -2.745 2.649 7.04
v -2.464 2.794 7.067
v -2.242 3.019 7.088
v -2.099 3.302 7.101
v -2.051 3.615 7.105
v -2.144 4.296 7.267
v -1.979 3.973 7.283
v -2.4 4.551 7.241
v -2.722 4.715 7.21
v -3.079 4.77 7.175
v -3.435 4.712 7.141
v -3.757 4.546 7.11
v -4.011 4.289 7.086
v -4.174 3.966 7.071
v -4.23 3.608 7.066
v -4.173 3.25 7.073
v -4.008 2.927 7.089
v -3.752 2.672 7.114
v -3.429 2.509 7.146
v -3.073 2.453 7.18
v -2.716 2.511 7.215
v -2.395 2.677 7.245
v -2.14 2.934 7.269
v -1.977 3.257 7.285
v -1.922 3.616 7.289
v -2.068 4.365 7.466
v -1.886 4.01 7.484
v -2.35 4.647 7.438
v -2.705 4.827 7.404
v -3.098 4.888 7.366
v -3.49 4.824 7.328
v -3.844 4.642 7.294
v -4.125 4.358 7.268
v -4.304 4.002 7.251
v -4.365 3.607 7.246
v -4.302 3.213 7.252
v -4.12 2.858 7.271
v -3.838 2.577 7.298
v -3.484 2.397 7.333
v -3.091 2.336 7.371
v -2.698 2.4 7.409
v -2.344 2.582 7.443
v -2.064 2.866 7.469
v -1.884 3.222 7.486
v -1.823 3.616 7.491
v -2.018 4.417 7.679
v -1.825 4.038 7.699
v -2.319 4.717 7.65
v -2.698 4.909 7.613
v -3.118 4.974 7.572
v -3.537 4.906 7.532
v -3.914 4.711 7.496
v -4.214 4.409 7.467
v -4.405 4.029 7.449
v -4.471 3.608 7.444
v -4.403 3.187 7.451
v -4.209 2.808 7.471
v -3.908 2.508 7.5
v -3.53 2.316 7.537
v -3.11 2.25 7.578
v -2.691 2.319 7.618
v -2.313 2.513 7.654
v -2.014 2.816 7.682
v -1.822 3.196 7.7
v -1.757 3.617 7.706
v -1.997 4.448 7.901
v -1.796 4.054 7.921
v -2.31 4.76 7.87
v -2.703 4.959 7.831
v -3.139 5.027 7.789
v -3.574 4.956 7.747
v -3.966 4.754 7.71
v -4.277 4.44 7.68
v -4.476 4.045 7.662
v -4.544 3.608 7.656
v -4.474 3.171 7.664
v -4.273 2.777 7.684
v -3.96 2.466 7.715
v -3.567 2.266 7.753
v -3.131 2.198 7.795
v -2.696 2.269 7.837
v -2.304 2.471 7.874
v -1.993 2.785 7.904
v -1.794 3.18 7.922
v -1.726 3.618 7.928
v -2.004 4.459 8.125
v -1.801 4.06 8.145
v -2.321 4.774 8.094
v -2.719 4.976 8.055
v -3.16 5.045 8.012
v -3.601 4.973 7.97
v -3.998 4.769 7.932
v -4.313 4.451 7.902
v -4.514 4.051 7.883
v -4.583 3.608 7.877
v -4.512 3.166 7.885
v -4.308 2.767 7.905
v -3.992 2.452 7.936
v -3.593 2.25 7.975
v -3.152 2.181 8.018
v -2.712 2.253 8.06
v -2.315 2.458 8.098
v -2 2.775 8.128
v -1.798 3.175 8.147
v -1.73 3.618 8.153
v -2.04 4.449 8.346
v -1.839 4.055 8.366
v -2.353 4.761 8.315
v -2.746 4.96 8.277
v -3.181 5.028 8.235
v -3.617 4.957 8.193
v -4.009 4.755 8.155
v -4.32 4.441 8.126
v -4.519 4.046 8.107
v -4.587 3.609 8.102
v -4.517 3.172 8.109
v -4.315 2.778 8.129
v -4.003 2.466 8.16
v -3.609 2.267 8.198
v -3.174 2.199 8.241
v -2.739 2.27 8.283
v -2.346 2.472 8.32
v -2.035 2.786 8.35
v -1.836 3.181 8.368
v -1.769 3.618 8.374
v -2.103 4.418 8.559
v -1.909 4.039 8.579
v -2.404 4.718 8.53
v -2.783 4.911 8.493
v -3.202 4.976 8.452
v -3.621 4.908 8.412
v -3.999 4.713 8.376
v -4.298 4.411 8.347
v -4.49 4.03 8.33
v -4.555 3.609 8.324
v -4.488 3.188 8.331
v -4.294 2.81 8.351
v -3.993 2.509 8.38
v -3.614 2.317 8.417
v -3.195 2.252 8.458
v -2.776 2.32 8.498
v -2.398 2.515 8.534
v -2.099 2.817 8.563
v -1.907 3.198 8.581
v -1.842 3.619 8.586
v -2.192 4.368 8.759
v -2.011 4.013 8.777
v -2.474 4.649 8.732
v -2.829 4.829 8.697
v -3.222 4.89 8.659
v -3.614 4.826 8.621
v -3.968 4.644 8.587
v -4.249 4.361 8.561
v -4.428 4.004 8.544
v -4.49 3.61 8.539
v -4.426 3.216 8.546
v -4.245 2.861 8.564
v -3.963 2.579 8.592
v -3.608 2.399 8.626
v -3.215 2.338 8.664
v -2.822 2.402 8.702
v -2.468 2.585 8.736
v -2.188 2.868 8.762
v -2.008 3.224 8.779
v -1.947 3.619 8.784
v -2.305 4.299 8.941
v -2.14 3.976 8.957
v -2.561 4.554 8.916
v -2.883 4.718 8.884
v -3.24 4.773 8.85
v -3.596 4.715 8.815
v -3.918 4.549 8.785
v -4.172 4.292 8.761
v -4.335 3.969 8.745
v -4.391 3.611 8.741
v -4.333 3.253 8.747
v -4.169 2.93 8.763
v -3.913 2.675 8.789
v -3.59 2.512 8.82
v -3.234 2.456 8.854
v -2.877 2.514 8.889
v -2.556 2.68 8.92
v -2.301 2.937 8.944
v -2.138 3.26 8.959
v -2.083 3.619 8.964
v -2.439 4.213 9.1
v -2.294 3.931 9.114
v -2.662 4.436 9.078
v -2.944 4.579 9.05
v -3.256 4.627 9.02
v -3.567 4.577 8.99
v -3.848 4.432 8.963
v -4.071 4.207 8.942
v -4.213 3.924 8.929
v -4.262 3.611 8.925
v -4.212 3.299 8.93
v -4.068 3.017 8.944
v -3.844 2.794 8.966
v -3.562 2.651 8.994
v -3.25 2.602 9.024
v -2.939 2.653 9.054
v -2.658 2.798 9.081
v -2.435 3.023 9.102
v -2.293 3.305 9.115
v -2.244 3.618 9.119
v -2.59 4.112 9.232
v -2.47 3.878 9.244
v -2.776 4.298 9.213
v -3.01 4.417 9.191
v -3.269 4.457 9.165
v -3.528 4.415 9.141
v -3.762 4.294 9.118
v -3.947 4.107 9.101
v -4.065 3.872 9.09
v -4.106 3.612 9.086
v -4.064 3.352 9.091
v -3.944 3.118 9.103
v -3.758 2.932 9.121
v -3.524 2.814 9.144
v -3.265 2.773 9.169
v -3.006 2.816 9.194
v -2.772 2.936 9.216
v -2.587 3.123 9.234
v -2.469 3.358 9.245
v -2.428 3.618 9.248
v -2.566 3.85 9.326
v -2.672 4.058 9.315
v -2.751 4.006 9.394
v -2.657 3.822 9.403
v -2.838 4.223 9.299
v -2.896 4.151 9.379
v -3.046 4.328 9.279
v -3.079 4.244 9.361
v -3.276 4.364 9.256
v -3.282 4.275 9.342
v -3.506 4.326 9.234
v -3.485 4.242 9.322
v -3.713 4.22 9.214
v -3.667 4.148 9.305
v -3.878 4.053 9.199
v -3.812 4.002 9.291
v -3.983 3.845 9.189
v -3.904 3.818 9.283
v -4.019 3.613 9.186
v -3.936 3.615 9.28
v -3.982 3.382 9.19
v -3.903 3.411 9.283
v -3.875 3.174 9.201
v -3.81 3.228 9.293
v -3.71 3.01 9.217
v -3.664 3.083 9.307
v -3.502 2.904 9.237
v -3.481 2.99 9.325
v -3.272 2.868 9.26
v -3.278 2.959 9.345
v -3.042 2.906 9.282
v -3.076 2.992 9.364
v -2.834 3.013 9.302
v -2.893 3.086 9.381
v -2.67 3.179 9.317
v -2.749 3.232 9.395
v -2.565 3.387 9.327
v -2.656 3.416 9.404
v -2.529 3.619 9.33
v -2.625 3.619 9.406
v -2.832 3.952 9.468
v -2.752 3.794 9.476
v -2.958 4.077 9.455
v -3.115 4.157 9.44
v -3.29 4.184 9.423
v -3.464 4.155 9.406
v -3.621 4.074 9.391
v -3.746 3.949 9.38
v -3.826 3.79 9.372
v -3.853 3.615 9.37
v -3.825 3.44 9.373
v -3.744 3.282 9.381
v -3.619 3.157 9.393
v -3.461 3.078 9.409
v -3.287 3.05 9.426
v -3.112 3.079 9.442
v -2.955 3.16 9.457
v -2.831 3.285 9.469
v -2.751 3.444 9.477
v -2.724 3.619 9.479
v -3.022 3.707 9.504
v -3.063 3.787 9.5
v -3.108 3.754 9.494
v -3.075 3.689 9.498
v -3.127 3.85 9.494
v -3.159 3.805 9.489
v -3.206 3.89 9.486
v -3.223 3.837 9.483
v -3.295 3.904 9.477
v -3.295 3.849 9.476
v -3.383 3.89 9.469
v -3.366 3.837 9.469
v -3.463 3.849 9.461
v -3.43 3.804 9.463
v -3.526 3.785 9.455
v -3.481 3.752 9.458
v -3.567 3.705 9.451
v -3.514 3.688 9.455
v -3.58 3.616 9.45
v -3.525 3.616 9.454
v -3.566 3.527 9.452
v -3.514 3.544 9.456
v -3.525 3.447 9.456
v -3.481 3.48 9.459
v -3.461 3.384 9.462
v -3.429 3.429 9.464
v -3.382 3.344 9.47
v -3.365 3.397 9.47
v -3.293 3.329 9.478
v -3.294 3.385 9.477
v -3.205 3.344 9.487
v -3.222 3.396 9.484
v -3.125 3.385 9.495
v -3.158 3.43 9.49
v -3.062 3.449 9.501
v -3.107 3.481 9.495
v -3.022 3.529 9.504
v -3.074 3.546 9.498
v -3.008 3.618 9.506
v -3.063 3.618 9.499
v -2.918 3.892 9.496
v -2.852 3.762 9.503
v -2.794 3.781 9.494
v -2.869 3.927 9.487
v -3.021 3.994 9.486
v -2.985 4.042 9.476
v -3.15 4.06 9.473
v -3.13 4.116 9.461
v -3.293 4.082 9.46
v -3.292 4.141 9.446
v -3.436 4.059 9.446
v -3.453 4.115 9.43
v -3.565 3.992 9.434
v -3.598 4.04 9.416
v -3.667 3.889 9.424
v -3.713 3.924 9.405
v -3.733 3.759 9.418
v -3.787 3.777 9.399
v -3.755 3.615 9.416
v -3.812 3.615 9.396
v -3.732 3.472 9.418
v -3.786 3.453 9.399
v -3.666 3.343 9.425
v -3.712 3.308 9.407
v -3.563 3.24 9.435
v -3.596 3.192 9.418
v -3.434 3.175 9.448
v -3.45 3.118 9.432
v -3.291 3.152 9.461
v -3.289 3.093 9.448
v -3.148 3.175 9.475
v -3.128 3.119 9.463
v -3.019 3.242 9.488
v -2.982 3.194 9.477
v -2.917 3.345 9.497
v -2.867 3.311 9.488
v -2.851 3.475 9.503
v -2.793 3.457 9.495
v -2.829 3.619 9.505
v -2.768 3.619 9.497
v -2.969 3.855 9.504
v -2.912 3.743 9.51
v -3.058 3.944 9.495
v -3.17 4.001 9.484
v -3.295 4.02 9.472
v -3.419 4 9.46
v -3.531 3.942 9.45
v -3.619 3.853 9.441
v -3.676 3.74 9.436
v -3.695 3.615 9.434
v -3.675 3.491 9.436
v -3.618 3.379 9.442
v -3.529 3.29 9.451
v -3.417 3.233 9.462
v -3.292 3.214 9.474
v -3.168 3.234 9.486
v -3.057 3.291 9.496
v -2.968 3.381 9.505
v -2.911 3.493 9.51
v -2.892 3.618 9.512
v -3.017 3.82 9.505
v -2.968 3.724 9.51
v -3.093 3.896 9.498
v -3.189 3.945 9.488
v -3.295 3.961 9.478
v -3.401 3.944 9.468
v -3.497 3.894 9.459
v -3.572 3.818 9.452
v -3.62 3.722 9.447
v -3.637 3.616 9.446
v -3.62 3.509 9.448
v -3.571 3.414 9.452
v -3.495 3.338 9.46
v -3.399 3.29 9.469
v -3.293 3.273 9.48
v -3.187 3.29 9.49
v -3.092 3.339 9.499
v -3.016 3.415 9.506
v -2.968 3.512 9.511
v -2.951 3.618 9.512
v -2.431 3.814 6.921
v -2.523 3.994 6.912
v -2.934 3.679 6.677
v -2.918 3.647 6.679
v -2.667 4.138 6.898
v -2.96 3.704 6.675
v -2.847 4.229 6.881
v -2.992 3.72 6.672
v -3.047 4.26 6.861
v -3.027 3.726 6.668
v -3.247 4.228 6.842
v -3.063 3.72 6.665
v -3.427 4.135 6.825
v -3.095 3.704 6.662
v -3.57 3.991 6.811
v -3.12 3.678 6.659
v -3.661 3.809 6.803
v -3.136 3.646 6.658
v -3.692 3.609 6.8
v -3.142 3.61 6.657
v -3.66 3.408 6.804
v -3.136 3.575 6.658
v -3.568 3.228 6.813
v -3.119 3.543 6.66
v -3.422 3.087 6.827
v -3.094 3.518 6.662
v -3.243 2.996 6.845
v -3.062 3.502 6.665
v -3.044 2.962 6.864
v -3.026 3.495 6.669
v -2.844 2.994 6.883
v -2.991 3.501 6.672
v -2.664 3.087 6.9
v -2.959 3.518 6.675
v -2.521 3.231 6.914
v -2.934 3.543 6.677
v -2.43 3.413 6.922
v -2.918 3.575 6.679
v -2.399 3.613 6.925
v -2.912 3.611 6.679
v -3.137 3.667 9.449
v -3.16 3.712 9.447
v -2.745 3.999 9.217
v -2.652 3.818 9.226
v -3.196 3.747 9.443
v -2.888 4.142 9.203
v -3.241 3.77 9.439
v -3.069 4.233 9.185
v -3.29 3.778 9.434
v -3.269 4.264 9.166
v -3.34 3.77 9.429
v -3.469 4.232 9.147
v -3.385 3.747 9.425
v -3.649 4.139 9.13
v -3.42 3.711 9.422
v -3.791 3.995 9.116
v -3.443 3.666 9.419
v -3.883 3.814 9.108
v -3.45 3.616 9.419
v -3.914 3.613 9.105
v -3.442 3.566 9.42
v -3.882 3.412 9.108
v -3.419 3.522 9.422
v -3.789 3.232 9.118
v -3.383 3.487 9.426
v -3.644 3.092 9.132
v -3.339 3.464 9.43
v -3.464 3 9.149
v -3.289 3.456 9.435
v -3.265 2.966 9.169
v -3.24 3.464 9.439
v -3.066 2.998 9.188
v -3.195 3.487 9.444
v -2.885 3.091 9.205
v -3.16 3.523 9.447
v -2.743 3.235 9.219
v -3.137 3.567 9.449
v -2.651 3.417 9.227
v -3.129 3.617 9.45
v -2.62 3.617 9.23
v -2.424 4.211 8.934
v -2.281 3.93 8.948
v -2.648 4.434 8.912
v -2.929 4.577 8.884
v -3.24 4.625 8.854
v -3.551 4.574 8.824
v -3.831 4.43 8.798
v -4.053 4.206 8.777
v -4.195 3.923 8.763
v -4.244 3.611 8.759
v -4.194 3.299 8.765
v -4.05 3.018 8.779
v -3.823 2.8 8.801
v -3.544 2.658 8.828
v -3.234 2.604 8.858
v -2.923 2.655 8.888
v -2.643 2.799 8.915
v -2.421 3.024 8.936
v -2.279 3.306 8.949
v -2.23 3.618 8.954
v -2.269 4.297 8.553
v -2.104 3.975 8.569
v -2.524 4.552 8.528
v -2.846 4.716 8.496
v -3.203 4.771 8.462
v -3.559 4.713 8.427
v -3.88 4.548 8.397
v -4.134 4.291 8.373
v -4.297 3.968 8.358
v -4.352 3.61 8.353
v -4.295 3.252 8.359
v -4.13 2.93 8.375
v -3.871 2.681 8.401
v -3.551 2.518 8.432
v -3.196 2.457 8.466
v -2.84 2.515 8.501
v -2.519 2.68 8.531
v -2.265 2.937 8.556
v -2.102 3.26 8.571
v -2.047 3.618 8.575
v -2.129 4.368 8.121
v -1.948 4.012 8.139
v -2.412 4.649 8.093
v -2.767 4.829 8.059
v -3.16 4.891 8.021
v -3.554 4.827 7.983
v -3.908 4.644 7.949
v -4.189 4.36 7.922
v -4.369 4.004 7.906
v -4.43 3.609 7.9
v -4.366 3.214 7.907
v -4.185 2.859 7.925
v -3.898 2.583 7.954
v -3.545 2.403 7.988
v -3.154 2.336 8.026
v -2.76 2.4 8.064
v -2.406 2.582 8.098
v -2.125 2.866 8.124
v -1.946 3.223 8.141
v -1.884 3.618 8.146
v -2.181 4.296 7.641
v -2.016 3.974 7.657
v -2.437 4.551 7.616
v -2.758 4.714 7.584
v -3.115 4.769 7.55
v -3.471 4.712 7.516
v -3.792 4.546 7.485
v -4.046 4.289 7.461
v -4.209 3.966 7.446
v -4.265 3.608 7.441
v -4.207 3.251 7.447
v -4.043 2.929 7.464
v -3.783 2.679 7.489
v -3.463 2.516 7.52
v -3.109 2.455 7.555
v -2.753 2.513 7.589
v -2.432 2.678 7.62
v -2.177 2.935 7.644
v -2.014 3.258 7.659
v -1.959 3.616 7.664
v -2.263 4.208 7.257
v -2.119 3.927 7.271
v -2.486 4.431 7.235
v -2.767 4.574 7.207
v -3.079 4.622 7.177
v -3.39 4.571 7.147
v -3.67 4.427 7.12
v -3.892 4.203 7.099
v -4.034 3.92 7.086
v -4.083 3.608 7.082
v -4.032 3.296 7.087
v -3.889 3.015 7.102
v -3.662 2.797 7.124
v -3.383 2.655 7.151
v -3.073 2.601 7.181
v -2.762 2.652 7.211
v -2.482 2.796 7.238
v -2.26 3.021 7.259
v -2.118 3.303 7.272
v -2.069 3.615 7.276
v -3.292 3.752 9.446
v -3.25 3.746 9.45
v -3.252 3.746 9.466
v -3.294 3.752 9.462
v -3.334 3.746 9.442
v -3.336 3.746 9.458
v -3.212 3.727 9.454
v -3.214 3.727 9.47
v -3.182 3.697 9.457
v -3.184 3.697 9.473
v -3.163 3.659 9.459
v -3.165 3.659 9.475
v -3.156 3.617 9.46
v -3.158 3.617 9.475
v -3.163 3.575 9.459
v -3.165 3.575 9.475
v -3.182 3.537 9.457
v -3.184 3.537 9.473
v -3.212 3.507 9.454
v -3.214 3.507 9.47
v -3.249 3.487 9.451
v -3.251 3.487 9.467
v -3.291 3.481 9.447
v -3.293 3.48 9.463
v -3.333 3.488 9.443
v -3.335 3.488 9.459
v -3.37 3.507 9.439
v -3.372 3.507 9.455
v -3.401 3.536 9.436
v -3.403 3.536 9.452
v -3.42 3.574 9.434
v -3.422 3.574 9.45
v -3.427 3.616 9.433
v -3.429 3.616 9.449
v -3.42 3.658 9.434
v -3.422 3.658 9.45
v -3.401 3.696 9.436
v -3.403 3.696 9.452
v -3.371 3.726 9.439
v -3.373 3.726 9.454
v -3.117 3.675 9.498
v -3.108 3.618 9.5
v -3.117 3.56 9.499
v -3.143 3.508 9.496
v -3.184 3.466 9.492
v -3.236 3.439 9.487
v -3.294 3.43 9.482
v -3.351 3.44 9.476
v -3.403 3.466 9.471
v -3.445 3.506 9.467
v -3.471 3.558 9.465
v -3.481 3.616 9.464
v -3.472 3.674 9.464
v -3.445 3.726 9.467
v -3.404 3.768 9.471
v -3.352 3.795 9.476
v -3.295 3.804 9.481
v -3.237 3.795 9.487
v -3.185 3.769 9.492
v -3.144 3.727 9.496
v -3.148 3.665 9.499
v -3.141 3.618 9.5
v -3.148 3.57 9.499
v -3.17 3.527 9.497
v -3.204 3.493 9.494
v -3.246 3.47 9.49
v -3.294 3.463 9.485
v -3.341 3.471 9.481
v -3.384 3.493 9.477
v -3.418 3.526 9.473
v -3.44 3.569 9.471
v -3.448 3.616 9.47
v -3.441 3.664 9.471
v -3.419 3.707 9.473
v -3.385 3.741 9.476
v -3.342 3.764 9.48
v -3.295 3.771 9.485
v -3.247 3.764 9.489
v -3.204 3.742 9.494
v -3.17 3.708 9.497
v -3.16 3.661 9.494
v -3.153 3.617 9.494
v -3.159 3.573 9.494
v -3.179 3.534 9.492
v -3.211 3.502 9.489
v -3.25 3.482 9.485
v -3.294 3.475 9.481
v -3.337 3.482 9.477
v -3.377 3.502 9.473
v -3.408 3.533 9.47
v -3.429 3.573 9.468
v -3.436 3.616 9.467
v -3.429 3.66 9.468
v -3.409 3.7 9.47
v -3.378 3.732 9.473
v -3.338 3.752 9.476
v -3.295 3.759 9.48
v -3.251 3.752 9.485
v -3.211 3.732 9.489
v -3.18 3.701 9.492
v -3.248 3.75 9.442
v -3.209 3.73 9.446
v -3.178 3.699 9.449
v -3.158 3.66 9.451
v -3.151 3.617 9.452
v -3.158 3.574 9.451
v -3.177 3.535 9.449
v -3.208 3.504 9.446
v -3.247 3.484 9.443
v -3.29 3.477 9.438
v -3.333 3.484 9.434
v -3.372 3.504 9.43
v -3.403 3.534 9.427
v -3.423 3.573 9.425
v -3.43 3.616 9.425
v -3.423 3.659 9.425
v -3.404 3.699 9.427
v -3.373 3.73 9.43
v -3.334 3.75 9.434
v -3.291 3.757 9.438
g face
f 1 2 3
f 1 3 4
f 3 2 5
f 3 5 6
f 7 8 9
f 7 9 10
f 11 12 13
f 11 13 14
f 15 13 12
f 15 12 16
f 17 11 14
f 17 14 18
f 19 20 14
f 19 14 13
f 21 22 23
f 21 23 24
f 22 25 26
f 22 26 23
f 27 28 29
f 27 29 30
f 20 31 18
f 20 18 14
f 32 33 34
f 32 34 35
f 36 27 30
f 36 30 37
f 38 39 40
f 38 40 41
f 42 43 44
f 42 44 45
f 46 42 45
f 46 45 47
f 46 47 48
f 46 48 49
f 50 51 52
f 50 52 53
f 44 43 54
f 44 54 55
f 56 44 55
f 56 55 57
f 58 59 41
f 58 41 40
f 51 60 61
f 51 61 52
f 62 63 60
f 62 60 51
f 64 62 51
f 64 51 50
f 65 66 67
f 65 67 68
f 65 69 70
f 65 70 66
f 69 65 47
f 69 47 45
f 56 69 45
f 56 45 44
f 69 56 71
f 69 71 70
f 71 56 57
f 71 57 72
f 71 73 74
f 71 74 70
f 73 71 72
f 73 72 75
f 62 64 76
f 62 76 77
f 62 77 78
f 62 78 63
f 79 77 76
f 79 76 80
f 66 81 82
f 66 82 67
f 83 84 63
f 83 63 78
f 84 85 86
f 84 86 87
f 85 84 83
f 85 83 88
f 63 84 87
f 63 87 60
f 61 60 87
f 61 87 89
f 90 83 78
f 90 78 91
f 83 90 92
f 83 92 88
f 87 86 93
f 87 93 89
f 94 95 96
f 94 96 97
f 98 99 100
f 98 100 101
f 102 103 104
f 102 104 105
f 99 106 107
f 99 107 100
f 108 109 110
f 108 110 111
f 112 108 111
f 112 111 113
f 114 112 113
f 114 113 115
f 116 114 115
f 116 115 117
f 118 101 119
f 118 119 120
f 121 120 119
f 121 119 122
f 123 98 101
f 123 101 118
f 95 102 105
f 95 105 96
f 124 19 13
f 124 13 15
f 125 126 127
f 125 127 128
f 129 130 131
f 129 131 132
f 133 134 135
f 133 135 136
f 130 137 138
f 130 138 131
f 139 125 128
f 139 128 140
f 141 142 128
f 141 128 127
f 143 142 86
f 143 86 85
f 142 141 93
f 142 93 86
f 144 145 146
f 144 146 147
f 145 148 149
f 145 149 146
f 148 150 151
f 148 151 149
f 152 153 154
f 152 154 155
f 155 156 157
f 155 157 152
f 158 154 153
f 158 153 159
f 160 143 85
f 160 85 88
f 161 140 143
f 161 143 160
f 162 161 160
f 162 160 163
f 164 165 161
f 164 161 162
f 165 139 140
f 165 140 161
f 137 166 167
f 137 167 138
f 166 168 169
f 166 169 167
f 163 160 88
f 163 88 92
f 70 74 81
f 70 81 66
f 79 91 78
f 79 78 77
f 150 170 171
f 150 171 151
f 143 140 128
f 143 128 142
f 172 173 174
f 172 174 175
f 176 177 178
f 176 178 179
f 177 180 181
f 177 181 178
f 182 183 184
f 182 184 185
f 186 182 185
f 186 185 187
f 188 189 190
f 188 190 191
f 189 192 193
f 189 193 190
f 134 188 191
f 134 191 135
f 194 195 196
f 194 196 197
f 194 197 198
f 194 198 199
f 116 117 200
f 116 200 201
f 202 203 204
f 202 204 205
f 206 207 208
f 206 208 209
f 210 211 212
f 210 212 213
f 214 215 216
f 214 216 217
f 218 219 220
f 218 220 221
f 222 223 224
f 222 224 225
f 226 227 228
f 226 228 229
f 230 231 232
f 230 232 233
f 156 234 235
f 156 235 157
f 224 235 234
f 224 234 225
f 231 210 213
f 231 213 232
f 236 230 233
f 236 233 237
f 238 239 240
f 238 240 241
f 173 186 187
f 173 187 174
f 185 184 242
f 185 242 243
f 244 175 174
f 244 174 245
f 187 246 245
f 187 245 174
f 246 187 185
f 246 185 243
f 247 248 249
f 247 249 250
f 251 252 250
f 251 250 249
f 253 252 251
f 253 251 254
f 206 255 256
f 206 256 207
f 228 227 257
f 228 257 258
f 259 260 261
f 259 261 262
f 263 259 262
f 263 262 264
f 265 266 267
f 265 267 268
f 269 270 271
f 269 271 272
f 266 265 270
f 266 270 269
f 273 274 268
f 273 268 267
f 273 275 276
f 273 276 274
f 277 278 279
f 277 279 280
f 281 282 272
f 281 272 271
f 283 284 285
f 283 285 286
f 284 282 281
f 284 281 285
f 287 288 289
f 287 289 290
f 291 292 293
f 291 293 294
f 295 296 294
f 295 294 293
f 297 298 299
f 297 299 300
f 298 297 301
f 298 301 302
f 303 304 305
f 303 305 306
f 307 295 293
f 307 293 308
f 309 302 301
f 309 301 310
f 311 309 310
f 311 310 312
f 313 314 315
f 313 315 316
f 317 318 319
f 317 319 320
f 318 317 321
f 318 321 322
f 323 324 325
f 323 325 308
f 326 307 308
f 326 308 325
f 322 321 327
f 322 327 328
f 329 317 320
f 329 320 330
f 331 332 333
f 331 333 334
f 328 327 335
f 328 335 336
f 329 337 321
f 329 321 317
f 338 339 340
f 338 340 341
f 342 343 341
f 342 341 340
f 344 345 333
f 344 333 332
f 345 344 346
f 345 346 347
f 336 335 348
f 336 348 349
f 337 350 327
f 337 327 321
f 351 329 330
f 351 330 352
f 329 351 353
f 329 353 337
f 354 355 356
f 354 356 357
f 339 354 357
f 339 357 340
f 358 342 340
f 358 340 357
f 359 358 357
f 359 357 356
f 360 361 362
f 360 362 363
f 349 348 364
f 349 364 365
f 350 366 335
f 350 335 327
f 337 353 367
f 337 367 350
f 366 368 348
f 366 348 335
f 348 368 369
f 348 369 364
f 350 367 370
f 350 370 366
f 366 370 371
f 366 371 368
f 358 359 372
f 358 372 373
f 374 375 376
f 374 376 377
f 378 379 380
f 378 380 381
f 382 381 380
f 382 380 383
f 384 374 377
f 384 377 385
f 386 387 388
f 386 388 389
f 390 391 392
f 390 392 393
f 387 394 395
f 387 395 388
f 392 391 396
f 392 396 397
f 398 399 387
f 398 387 386
f 400 401 402
f 400 402 403
f 404 405 406
f 404 406 407
f 408 406 405
f 408 405 409
f 410 411 412
f 410 412 413
f 414 402 401
f 414 401 415
f 399 416 394
f 399 394 387
f 417 418 419
f 417 419 420
f 421 422 423
f 421 423 424
f 425 426 427
f 425 427 428
f 429 430 431
f 429 431 432
f 404 407 432
f 404 432 431
f 433 418 417
f 433 417 434
f 435 417 420
f 435 420 436
f 437 438 439
f 437 439 440
f 426 441 442
f 426 442 427
f 424 443 444
f 424 444 421
f 445 446 447
f 445 447 448
f 449 450 451
f 449 451 452
f 434 417 435
f 434 435 453
f 454 439 438
f 454 438 455
f 440 439 456
f 440 456 457
f 458 459 460
f 458 460 461
f 462 463 464
f 462 464 465
f 464 463 466
f 464 466 467
f 468 458 461
f 468 461 469
f 470 471 472
f 470 472 473
f 447 446 471
f 447 471 470
f 439 454 474
f 439 474 456
f 475 476 477
f 475 477 478
f 475 478 479
f 475 479 480
f 457 456 481
f 457 481 482
f 483 484 485
f 483 485 486
f 487 488 489
f 487 489 490
f 488 462 465
f 488 465 489
f 459 485 484
f 459 484 460
f 491 492 493
f 491 493 494
f 495 496 497
f 495 497 498
f 478 499 500
f 478 500 479
f 478 477 501
f 478 501 499
f 456 474 502
f 456 502 481
f 503 504 505
f 503 505 506
f 476 504 503
f 476 503 477
f 507 508 509
f 507 509 510
f 511 512 513
f 511 513 514
f 515 516 517
f 515 517 518
f 473 472 518
f 473 518 517
f 499 501 519
f 499 519 520
f 521 503 506
f 521 506 522
f 477 503 521
f 477 521 501
f 523 524 525
f 523 525 526
f 527 528 529
f 527 529 530
f 531 532 533
f 531 533 534
f 532 507 510
f 532 510 533
f 512 529 528
f 512 528 513
f 535 536 516
f 535 516 515
f 537 538 539
f 537 539 540
f 541 5 2
f 541 2 542
f 494 493 543
f 494 543 544
f 411 449 452
f 411 452 412
f 501 521 545
f 501 545 519
f 546 545 521
f 546 521 522
f 526 525 547
f 526 547 548
f 549 550 551
f 549 551 552
f 524 550 549
f 524 549 525
f 553 554 555
f 553 555 556
f 557 558 536
f 557 536 535
f 2 1 559
f 2 559 542
f 548 547 560
f 548 560 561
f 562 549 552
f 562 552 563
f 525 549 562
f 525 562 547
f 564 565 566
f 564 566 567
f 568 569 570
f 568 570 571
f 570 531 534
f 570 534 571
f 530 564 567
f 530 567 527
f 572 573 574
f 572 574 575
f 554 553 576
f 554 576 577
f 578 579 562
f 578 562 563
f 547 562 579
f 547 579 560
f 580 581 582
f 580 582 583
f 551 583 582
f 551 582 552
f 565 584 585
f 565 585 566
f 586 569 568
f 586 568 587
f 588 589 590
f 588 590 591
f 592 593 594
f 592 594 595
f 596 590 175
f 596 175 244
f 589 172 175
f 589 175 590
f 597 596 244
f 597 244 598
f 599 600 601
f 599 601 602
f 603 604 605
f 603 605 606
f 552 582 607
f 552 607 563
f 581 608 607
f 581 607 582
f 580 609 610
f 580 610 581
f 584 611 612
f 584 612 585
f 613 614 615
f 613 615 616
f 617 618 619
f 617 619 620
f 621 622 586
f 621 586 587
f 623 591 590
f 623 590 596
f 624 623 596
f 624 596 597
f 600 599 625
f 600 625 626
f 604 603 627
f 604 627 628
f 629 630 631
f 629 631 632
f 563 607 633
f 563 633 578
f 608 634 633
f 608 633 607
f 581 610 635
f 581 635 608
f 636 637 610
f 636 610 609
f 638 639 640
f 638 640 641
f 642 615 614
f 642 614 643
f 644 645 646
f 644 646 647
f 648 649 650
f 648 650 651
f 652 618 617
f 652 617 653
f 654 655 656
f 654 656 657
f 658 659 660
f 658 660 661
f 662 663 664
f 662 664 665
f 666 667 668
f 666 668 669
f 630 629 670
f 630 670 671
f 630 672 673
f 630 673 631
f 674 634 608
f 674 608 635
f 637 675 635
f 637 635 610
f 639 676 677
f 639 677 640
f 639 638 678
f 639 678 679
f 680 681 682
f 680 682 683
f 684 685 686
f 684 686 687
f 688 689 690
f 688 690 691
f 692 693 694
f 692 694 695
f 696 697 698
f 696 698 699
f 658 661 700
f 658 700 701
f 662 665 702
f 662 702 703
f 704 705 706
f 704 706 707
f 708 709 710
f 708 710 711
f 672 630 671
f 672 671 712
f 672 713 714
f 672 714 673
f 675 715 674
f 675 674 635
f 676 716 717
f 676 717 677
f 676 639 679
f 676 679 718
f 683 682 719
f 683 719 720
f 721 722 723
f 721 723 724
f 725 726 727
f 725 727 728
f 691 729 730
f 691 730 688
f 731 692 695
f 731 695 732
f 729 733 734
f 729 734 730
f 735 731 732
f 735 732 736
f 711 710 737
f 711 737 738
f 705 739 740
f 705 740 706
f 741 708 711
f 741 711 742
f 713 672 712
f 713 712 743
f 744 716 676
f 744 676 718
f 720 719 745
f 720 745 746
f 747 721 724
f 747 724 748
f 749 725 728
f 749 728 750
f 727 751 752
f 727 752 728
f 751 753 754
f 751 754 752
f 742 711 738
f 742 738 755
f 739 756 757
f 739 757 740
f 758 759 741
f 758 741 742
f 760 761 749
f 760 749 750
f 762 763 747
f 762 747 748
f 728 752 764
f 728 764 750
f 752 754 765
f 752 765 764
f 758 742 755
f 758 755 766
f 450 767 768
f 450 768 451
f 750 764 769
f 750 769 760
f 764 765 770
f 764 770 769
f 492 491 771
f 492 771 772
f 773 774 775
f 773 775 776
f 777 778 779
f 777 779 780
f 781 782 778
f 781 778 777
f 782 781 783
f 782 783 784
f 783 785 786
f 783 786 784
f 246 243 787
f 246 787 788
f 246 788 789
f 246 789 245
f 244 245 789
f 244 789 598
f 130 129 790
f 130 790 791
f 137 130 791
f 137 791 792
f 166 137 792
f 166 792 793
f 168 166 793
f 168 793 794
f 795 796 797
f 795 797 798
f 10 9 381
f 10 381 382
f 799 378 381
f 799 381 9
f 58 40 391
f 58 391 390
f 40 39 396
f 40 396 391
f 54 43 406
f 54 406 408
f 43 42 407
f 43 407 406
f 49 429 432
f 49 432 46
f 432 407 42
f 432 42 46
f 264 262 800
f 264 800 801
f 262 261 802
f 262 802 800
f 803 218 221
f 803 221 804
f 289 288 304
f 289 304 303
f 283 286 287
f 283 287 290
f 805 774 773
f 805 773 806
f 807 805 806
f 807 806 808
f 361 21 24
f 361 24 362
f 809 810 811
f 809 811 812
f 813 814 815
f 813 815 816
f 809 812 400
f 809 400 403
f 817 818 819
f 817 819 820
f 820 819 821
f 820 821 822
f 820 822 436
f 820 436 420
f 817 820 420
f 817 420 419
f 453 435 823
f 453 823 824
f 825 823 435
f 825 435 436
f 822 826 825
f 822 825 436
f 822 821 827
f 822 827 826
f 828 829 830
f 828 830 831
f 829 832 833
f 829 833 830
f 834 811 810
f 834 810 835
f 836 819 818
f 836 818 837
f 819 836 838
f 819 838 821
f 821 838 839
f 821 839 827
f 832 840 841
f 832 841 833
f 53 52 446
f 53 446 445
f 446 52 61
f 446 61 471
f 472 471 61
f 472 61 89
f 472 89 93
f 472 93 518
f 141 515 518
f 141 518 93
f 535 515 141
f 535 141 127
f 126 557 535
f 126 535 127
f 129 553 556
f 129 556 790
f 553 129 132
f 553 132 576
f 575 574 780
f 575 780 779
f 593 133 136
f 593 136 594
f 842 843 844
f 842 844 845
f 846 847 843
f 846 843 842
f 847 846 848
f 847 848 849
f 543 846 842
f 543 842 850
f 849 848 851
f 849 851 852
f 852 851 853
f 852 853 854
f 368 371 855
f 368 855 369
f 17 36 776
f 17 776 775
f 856 803 804
f 856 804 857
f 858 856 857
f 858 857 859
f 860 861 857
f 860 857 804
f 306 862 863
f 306 863 222
f 306 222 225
f 306 225 303
f 289 303 225
f 289 225 234
f 290 289 234
f 290 234 156
f 283 290 156
f 283 156 155
f 284 283 155
f 284 155 154
f 857 861 864
f 857 864 859
f 272 282 158
f 272 158 865
f 154 158 282
f 154 282 284
f 299 298 266
f 299 266 269
f 298 302 267
f 298 267 266
f 273 267 302
f 273 302 309
f 275 273 309
f 275 309 311
f 292 323 308
f 292 308 293
f 277 280 314
f 277 314 313
f 866 300 299
f 866 299 865
f 299 269 272
f 299 272 865
f 867 868 869
f 867 869 870
f 868 775 774
f 868 774 869
f 867 871 16
f 867 16 12
f 868 867 12
f 868 12 11
f 17 775 868
f 17 868 11
f 776 36 37
f 776 37 872
f 871 867 870
f 871 870 873
f 815 386 389
f 815 389 874
f 375 875 876
f 375 876 376
f 816 815 874
f 816 874 877
f 878 879 880
f 878 880 881
f 882 883 878
f 882 878 881
f 883 882 805
f 883 805 807
f 881 880 873
f 881 873 870
f 869 882 881
f 869 881 870
f 882 869 774
f 882 774 805
f 884 885 886
f 884 886 887
f 885 888 889
f 885 889 886
f 888 890 891
f 888 891 889
f 892 893 894
f 892 894 895
f 887 886 896
f 887 896 897
f 886 889 898
f 886 898 896
f 889 891 899
f 889 899 898
f 544 543 850
f 544 850 900
f 773 776 872
f 773 872 901
f 902 813 816
f 902 816 903
f 903 816 877
f 903 877 904
f 851 492 772
f 851 772 853
f 905 383 380
f 905 380 906
f 379 907 906
f 379 906 380
f 423 393 392
f 423 392 424
f 424 392 397
f 424 397 443
f 405 464 467
f 405 467 409
f 405 404 465
f 405 465 464
f 465 404 431
f 465 431 489
f 489 431 430
f 489 430 490
f 447 510 509
f 447 509 448
f 893 908 909
f 893 909 894
f 510 447 470
f 510 470 533
f 908 910 911
f 908 911 909
f 533 470 473
f 533 473 534
f 912 913 914
f 912 914 915
f 534 473 517
f 534 517 571
f 915 914 885
f 915 885 884
f 516 568 571
f 516 571 517
f 568 516 536
f 568 536 587
f 913 916 917
f 913 917 914
f 558 621 587
f 558 587 536
f 914 917 888
f 914 888 885
f 554 617 620
f 554 620 555
f 916 918 919
f 916 919 917
f 617 554 577
f 617 577 653
f 650 573 572
f 650 572 651
f 698 592 595
f 698 595 699
f 694 588 591
f 694 591 695
f 920 495 498
f 920 498 921
f 922 920 921
f 922 921 923
f 732 695 591
f 732 591 623
f 624 736 732
f 624 732 623
f 840 924 925
f 840 925 841
f 926 839 838
f 926 838 927
f 928 836 837
f 928 837 929
f 851 848 493
f 851 493 492
f 543 493 848
f 543 848 846
f 836 928 927
f 836 927 838
f 930 360 363
f 930 363 931
f 806 773 901
f 806 901 932
f 808 806 932
f 808 932 933
f 903 904 934
f 903 934 935
f 936 808 933
f 936 933 937
f 938 939 940
f 938 940 941
f 939 942 943
f 939 943 940
f 944 923 411
f 944 411 410
f 921 498 450
f 921 450 449
f 875 945 946
f 875 946 876
f 923 921 449
f 923 449 411
f 945 936 937
f 945 937 946
f 15 16 947
f 15 947 948
f 948 947 300
f 948 300 866
f 949 107 106
f 949 106 950
f 951 952 949
f 951 949 950
f 953 954 948
f 953 948 866
f 954 124 15
f 954 15 948
f 955 104 103
f 955 103 956
f 955 956 957
f 955 957 958
f 331 334 959
f 331 959 960
f 960 959 316
f 960 316 315
f 961 338 341
f 961 341 962
f 324 961 962
f 324 962 325
f 343 963 962
f 343 962 341
f 963 326 325
f 963 325 962
f 963 964 965
f 963 965 326
f 353 351 966
f 353 966 967
f 968 967 843
f 968 843 847
f 367 353 967
f 367 967 968
f 969 968 847
f 969 847 849
f 370 367 968
f 370 968 969
f 970 969 849
f 970 849 852
f 371 370 969
f 371 969 970
f 855 371 970
f 855 970 971
f 970 852 854
f 970 854 971
f 374 384 372
f 374 372 359
f 297 300 947
f 297 947 972
f 972 947 16
f 972 16 871
f 973 972 871
f 973 871 873
f 973 301 297
f 973 297 972
f 873 880 974
f 873 974 973
f 973 974 310
f 973 310 301
f 880 879 975
f 880 975 974
f 974 975 312
f 974 312 310
f 976 952 951
f 976 951 977
f 966 351 352
f 966 352 978
f 27 36 17
f 27 17 18
f 31 28 27
f 31 27 18
f 148 120 121
f 148 121 150
f 145 118 120
f 145 120 148
f 123 118 145
f 123 145 144
f 121 979 170
f 121 170 150
f 33 32 94
f 33 94 97
f 347 346 936
f 347 936 945
f 355 875 375
f 355 375 356
f 374 359 356
f 374 356 375
f 253 254 980
f 253 980 981
f 369 855 982
f 369 982 983
f 364 369 983
f 364 983 984
f 985 986 987
f 985 987 988
f 989 990 991
f 989 991 992
f 986 985 992
f 986 992 991
f 993 994 988
f 993 988 987
f 898 899 995
f 898 995 996
f 896 898 996
f 896 996 997
f 897 896 997
f 897 997 998
f 999 1000 1001
f 999 1001 1002
f 982 1003 1004
f 982 1004 983
f 996 995 1005
f 996 1005 1006
f 997 996 1006
f 997 1006 1007
f 998 997 1007
f 998 1007 1008
f 1009 999 1002
f 1009 1002 1010
f 983 1004 1011
f 983 1011 984
f 1005 989 992
f 1005 992 1006
f 985 1007 1006
f 985 1006 992
f 1012 1013 1014
f 1012 1014 1015
f 1014 1016 1017
f 1014 1017 1015
f 1016 1018 1019
f 1016 1019 1017
f 1020 1021 1022
f 1020 1022 1023
f 1024 1025 1026
f 1024 1026 1027
f 1027 1026 1028
f 1027 1028 1029
f 1030 1031 1032
f 1030 1032 1033
f 1030 1034 1035
f 1030 1035 1031
f 1036 1037 745
f 1036 745 719
f 1038 1036 719
f 1038 719 682
f 1039 1038 682
f 1039 682 681
f 645 1040 1041
f 645 1041 646
f 1042 1043 648
f 1042 648 651
f 1044 1042 651
f 1044 651 572
f 1045 1044 572
f 1045 572 575
f 1046 1045 575
f 1046 575 779
f 1047 1046 779
f 1047 779 778
f 1048 1047 778
f 1048 778 782
f 1049 1048 782
f 1049 782 784
f 1050 1049 784
f 1050 784 786
f 720 746 744
f 720 744 718
f 683 720 718
f 683 718 679
f 680 683 679
f 680 679 678
f 643 644 647
f 643 647 642
f 649 652 653
f 649 653 650
f 653 577 573
f 653 573 650
f 574 573 577
f 574 577 576
f 780 574 576
f 780 576 132
f 777 780 132
f 777 132 131
f 138 781 777
f 138 777 131
f 781 138 167
f 781 167 783
f 167 169 785
f 167 785 783
f 982 855 971
f 982 971 1051
f 895 1001 1000
f 895 1000 892
f 1003 982 1051
f 1003 1051 1052
f 280 279 276
f 280 276 275
f 314 280 275
f 314 275 311
f 314 311 312
f 314 312 315
f 960 315 312
f 960 312 975
f 331 960 975
f 331 975 879
f 879 878 332
f 879 332 331
f 883 344 332
f 883 332 878
f 344 883 807
f 344 807 346
f 346 807 808
f 346 808 936
f 347 945 875
f 347 875 355
f 345 347 355
f 345 355 354
f 345 354 339
f 345 339 333
f 334 333 339
f 334 339 338
f 959 334 338
f 959 338 961
f 959 961 324
f 959 324 316
f 313 316 324
f 313 324 323
f 277 313 323
f 277 323 292
f 292 291 278
f 292 278 277
f 1053 1054 90
f 1053 90 91
f 1055 1056 1057
f 1055 1057 1058
f 1059 1060 1061
f 1059 1061 1062
f 1063 1064 1060
f 1063 1060 1059
f 1065 1056 1061
f 1065 1061 1066
f 1062 1061 1056
f 1062 1056 1055
f 1067 1068 1069
f 1067 1069 1070
f 1069 1068 164
f 1069 164 162
f 1071 1072 169
f 1071 169 168
f 1073 1074 1075
f 1073 1075 1076
f 1071 1077 1078
f 1071 1078 1072
f 1073 1076 193
f 1073 193 192
f 1079 1080 184
f 1079 184 183
f 1081 1070 1082
f 1081 1082 1083
f 1070 1069 1084
f 1070 1084 1082
f 1082 1084 1085
f 1082 1085 1086
f 1087 1088 1089
f 1087 1089 1090
f 1091 1067 1070
f 1091 1070 1081
f 1077 1092 1093
f 1077 1093 1078
f 1074 1094 1095
f 1074 1095 1075
f 1096 1097 1098
f 1096 1098 1099
f 1100 1101 1102
f 1100 1102 1103
f 1104 1105 1106
f 1104 1106 1107
f 1108 1109 1110
f 1108 1110 1111
f 1109 1112 1113
f 1109 1113 1110
f 1114 1115 1087
f 1114 1087 1116
f 1115 1117 1088
f 1115 1088 1087
f 1084 1069 162
f 1084 162 163
f 1085 1084 163
f 1085 163 92
f 1118 1119 1120
f 1118 1120 1121
f 1122 1119 1118
f 1122 1118 1123
f 1124 1118 1121
f 1124 1121 1125
f 1118 1124 1126
f 1118 1126 1123
f 1127 1128 1129
f 1127 1129 1130
f 1131 1132 1133
f 1131 1133 1134
f 1135 1136 1137
f 1135 1137 1138
f 1132 1139 1140
f 1132 1140 1133
f 1141 1142 1143
f 1141 1143 1144
f 1143 1142 1135
f 1143 1135 1138
f 1145 1146 1147
f 1145 1147 1148
f 1149 1150 1151
f 1149 1151 1152
f 1153 1154 1155
f 1153 1155 1156
f 1066 1156 1155
f 1066 1155 1157
f 1158 1145 1148
f 1158 1148 1159
f 1160 1161 1162
f 1160 1162 1163
f 1164 1165 1166
f 1164 1166 1167
f 1127 1130 1168
f 1127 1168 1169
f 1129 1128 1170
f 1129 1170 1171
f 1172 1173 1174
f 1172 1174 1175
f 1176 1177 1178
f 1176 1178 1179
f 1173 1172 1180
f 1173 1180 1181
f 1182 1183 1184
f 1182 1184 1185
f 1186 1187 1188
f 1186 1188 1189
f 1188 1190 1191
f 1188 1191 1189
f 1156 1066 1061
f 1156 1061 1060
f 1192 1065 1066
f 1192 1066 1157
f 1159 1193 1194
f 1159 1194 1158
f 1056 1065 1195
f 1056 1195 1057
f 1064 1153 1156
f 1064 1156 1060
f 1196 1197 1198
f 1196 1198 1199
f 1200 1201 1122
f 1200 1122 1123
f 1202 1196 1199
f 1202 1199 1203
f 1204 1205 1206
f 1204 1206 1207
f 1205 1208 1209
f 1205 1209 1206
f 1210 1211 1212
f 1210 1212 1213
f 1212 1214 1215
f 1212 1215 1213
f 1112 1202 1203
f 1112 1203 1113
f 1122 1116 1216
f 1122 1216 1119
f 1201 1114 1116
f 1201 1116 1122
f 1217 1200 1123
f 1217 1123 1126
f 1218 1219 1220
f 1218 1220 1221
f 1222 1218 1221
f 1222 1221 1223
f 1224 1225 1226
f 1224 1226 1227
f 1211 1228 1229
f 1211 1229 1212
f 1212 1229 1230
f 1212 1230 1214
f 1231 1232 1233
f 1231 1233 1234
f 1235 1231 1234
f 1235 1234 1236
f 1237 1238 1239
f 1237 1239 1240
f 1241 1242 1243
f 1241 1243 1244
f 1245 1246 1247
f 1245 1247 1248
f 1249 1189 1191
f 1249 1191 1250
f 1251 1247 1246
f 1251 1246 1252
f 1253 1254 1247
f 1253 1247 1251
f 1255 1256 1257
f 1255 1257 1258
f 1259 1260 1261
f 1259 1261 1262
f 1263 1264 1265
f 1263 1265 1266
f 1266 1265 1267
f 1266 1267 1268
f 1054 1085 92
f 1054 92 90
f 1116 1087 1090
f 1116 1090 1216
f 1105 1269 1270
f 1105 1270 1106
f 1271 1210 1213
f 1271 1213 1272
f 1103 1272 1273
f 1103 1273 1274
f 1275 1276 1277
f 1275 1277 1278
f 1279 1100 1103
f 1279 1103 1274
f 1280 1275 1278
f 1280 1278 1281
f 1277 1236 1282
f 1277 1282 1283
f 1276 1235 1236
f 1276 1236 1277
f 1278 1277 1283
f 1278 1283 1284
f 1285 1281 1278
f 1285 1278 1284
f 1098 1286 1287
f 1098 1287 1099
f 1215 1273 1272
f 1215 1272 1213
f 1102 1271 1272
f 1102 1272 1103
f 1269 1204 1207
f 1269 1207 1270
f 1288 1289 1290
f 1288 1290 1249
f 1290 1186 1189
f 1290 1189 1249
f 1256 1291 1292
f 1256 1292 1257
f 1239 1293 1294
f 1239 1294 1240
f 1254 1295 1248
f 1254 1248 1247
f 1079 1096 1099
f 1079 1099 1080
f 1135 1142 1139
f 1135 1139 1132
f 1136 1135 1132
f 1136 1132 1131
f 1161 1151 1150
f 1161 1150 1162
f 1133 1140 1296
f 1133 1296 1297
f 1134 1133 1297
f 1134 1297 1298
f 1299 1160 1163
f 1299 1163 1300
f 1301 1302 1303
f 1301 1303 1304
f 1168 1130 1181
f 1168 1181 1180
f 1165 1305 1306
f 1165 1306 1166
f 1297 1296 1128
f 1297 1128 1127
f 1298 1297 1127
f 1298 1127 1169
f 1300 1164 1167
f 1300 1167 1299
f 1139 1142 1141
f 1139 1141 1307
f 1308 1309 1226
f 1308 1226 1225
f 1310 1282 1236
f 1310 1236 1234
f 1311 1184 1312
f 1311 1312 1313
f 1183 1314 1312
f 1183 1312 1184
f 1315 1310 1234
f 1315 1234 1233
f 1316 1317 1318
f 1316 1318 1319
f 1254 1257 1292
f 1254 1292 1295
f 1257 1254 1253
f 1257 1253 1258
f 1264 1263 1262
f 1264 1262 1261
f 1320 1259 1262
f 1320 1262 1321
f 1322 1320 1321
f 1322 1321 1323
f 1324 1322 1323
f 1324 1323 1325
f 1326 1324 1325
f 1326 1325 1327
f 1328 1329 1330
f 1328 1330 1331
f 247 1332 1333
f 247 1333 248
f 1334 1311 1241
f 1334 1241 1244
f 1334 1185 1184
f 1334 1184 1311
f 1332 1328 1331
f 1332 1331 1333
f 1335 1336 786
f 1335 786 785
f 1337 1336 1335
f 1337 1335 1338
f 1338 1339 1340
f 1338 1340 1337
f 1341 1342 1343
f 1341 1343 1344
f 1343 1345 1346
f 1343 1346 1344
f 1347 1346 1345
f 1347 1345 1348
f 1347 1348 1349
f 1347 1349 1350
f 1349 1351 1352
f 1349 1352 1350
f 1353 1354 1355
f 1353 1355 1356
f 1214 1230 1232
f 1214 1232 1231
f 1215 1214 1231
f 1215 1231 1235
f 1273 1215 1235
f 1273 1235 1276
f 1274 1273 1276
f 1274 1276 1275
f 1280 1279 1274
f 1280 1274 1275
f 1287 1286 1357
f 1287 1357 1358
f 1359 1071 168
f 1359 168 794
f 1077 1071 1359
f 1077 1359 1360
f 1092 1077 1360
f 1092 1360 1361
f 1109 1108 1362
f 1109 1362 1363
f 1112 1109 1363
f 1112 1363 1364
f 1202 1112 1364
f 1202 1364 1365
f 1196 1202 1365
f 1196 1365 1366
f 1197 1196 1366
f 1197 1366 1367
f 1368 1369 1370
f 1368 1370 1371
f 1227 1238 1237
f 1227 1237 1224
f 1191 1190 1372
f 1191 1372 1373
f 1373 1372 1374
f 1373 1374 1375
f 1373 1375 1376
f 1373 1376 1377
f 1250 1191 1373
f 1250 1373 1377
f 1291 1378 1379
f 1291 1379 1292
f 1295 1292 1379
f 1295 1379 1380
f 1250 1381 1288
f 1250 1288 1249
f 1336 1382 1050
f 1336 1050 786
f 1383 1382 1336
f 1383 1336 1337
f 1384 1383 1337
f 1384 1337 1340
f 1385 1386 1341
f 1385 1341 1344
f 1387 1385 1344
f 1387 1344 1346
f 1388 1387 1346
f 1388 1346 1347
f 1389 1388 1347
f 1389 1347 1350
f 1390 1389 1350
f 1390 1350 1352
f 1356 1391 1392
f 1356 1392 1353
f 1072 1335 785
f 1072 785 169
f 1338 1335 1072
f 1338 1072 1078
f 1078 1093 1339
f 1078 1339 1338
f 1342 1111 1110
f 1342 1110 1343
f 1110 1113 1345
f 1110 1345 1343
f 1348 1345 1113
f 1348 1113 1203
f 1349 1348 1203
f 1349 1203 1199
f 1199 1198 1351
f 1199 1351 1349
f 1354 1393 1394
f 1354 1394 1355
f 1395 1194 1193
f 1395 1193 1396
f 1397 1195 1065
f 1397 1065 1192
f 1088 1081 1083
f 1088 1083 1089
f 1117 1091 1081
f 1117 1081 1088
f 1108 1092 1361
f 1108 1361 1362
f 1092 1108 1111
f 1092 1111 1093
f 1339 1093 1111
f 1339 1111 1342
f 1340 1339 1342
f 1340 1342 1341
f 1386 1384 1340
f 1386 1340 1341
f 1094 1104 1107
f 1094 1107 1095
f 1098 1097 1101
f 1098 1101 1100
f 1279 1286 1098
f 1279 1098 1100
f 1357 1286 1279
f 1357 1279 1280
f 1357 1280 1281
f 1357 1281 1319
f 1316 1319 1281
f 1316 1281 1285
f 1329 1326 1327
f 1329 1327 1330
f 1083 1082 1086
f 1083 1086 1398
f 1089 1083 1398
f 1089 1398 1399
f 1119 1216 1400
f 1119 1400 1120
f 1216 1090 1401
f 1216 1401 1400
f 1090 1089 1399
f 1090 1399 1401
f 1402 1403 67
f 1402 67 82
f 67 1403 1404
f 67 1404 68
f 68 1404 1405
f 68 1405 48
f 48 1405 1406
f 48 1406 49
f 49 1406 1407
f 49 1407 429
f 429 1407 1408
f 429 1408 430
f 1408 1409 490
f 1408 490 430
f 490 1409 1410
f 490 1410 487
f 486 1411 1412
f 486 1412 483
f 505 1413 1414
f 505 1414 506
f 506 1414 1415
f 506 1415 522
f 522 1415 1416
f 522 1416 546
f 1417 1418 1419
f 1417 1419 1420
f 1120 1421 1422
f 1120 1422 1121
f 65 68 48
f 65 48 47
f 1422 1421 1423
f 1422 1423 1424
f 1421 1425 1426
f 1421 1426 1423
f 1421 1120 1400
f 1421 1400 1425
f 1425 1427 1428
f 1425 1428 1426
f 1425 1400 1401
f 1425 1401 1427
f 1415 548 561
f 1415 561 1416
f 526 548 1415
f 526 1415 1414
f 523 526 1414
f 523 1414 1413
f 1411 511 514
f 1411 514 1412
f 508 1410 1409
f 508 1409 509
f 1409 1408 448
f 1409 448 509
f 445 448 1408
f 445 1408 1407
f 53 445 1407
f 53 1407 1406
f 50 53 1406
f 50 1406 1405
f 1404 64 50
f 1404 50 1405
f 64 1404 1403
f 64 1403 76
f 1403 1402 80
f 1403 80 76
f 1399 1429 1427
f 1399 1427 1401
f 1399 1398 1430
f 1399 1430 1429
f 1429 1430 1431
f 1429 1431 1432
f 1427 1429 1432
f 1427 1432 1428
f 1430 1398 1086
f 1430 1086 1433
f 1430 1433 1434
f 1430 1434 1431
f 1295 1380 1245
f 1295 1245 1248
f 1381 1250 1377
f 1381 1377 1376
f 814 398 386
f 814 386 815
f 1435 1436 320
f 1435 320 319
f 320 1436 1437
f 320 1437 330
f 1438 1439 296
f 1438 296 295
f 295 307 1440
f 295 1440 1438
f 1441 1442 1443
f 1441 1443 1444
f 1445 1446 1447
f 1445 1447 1448
f 1437 1449 352
f 1437 352 330
f 307 326 965
f 307 965 1440
f 1450 1445 1448
f 1450 1448 1451
f 1013 1452 1453
f 1013 1453 1014
f 1014 1453 1454
f 1014 1454 1016
f 1016 1454 1455
f 1016 1455 1018
f 1021 1456 1457
f 1021 1457 1022
f 1025 1458 1459
f 1025 1459 1026
f 1028 1026 1459
f 1028 1459 1460
f 978 352 1449
f 978 1449 1461
f 1462 1463 1464
f 1462 1464 1465
f 1466 922 923
f 1466 923 944
f 1463 1462 1458
f 1463 1458 1457
f 1467 1463 1457
f 1467 1457 1456
f 1468 410 413
f 1468 413 1469
f 1459 1466 944
f 1459 944 1460
f 850 842 845
f 850 845 1470
f 900 850 1470
f 900 1470 1471
f 1460 944 410
f 1460 410 1468
f 1468 1469 1030
f 1468 1030 1033
f 1443 1442 828
f 1443 828 831
f 1051 971 854
f 1051 854 1472
f 1052 1051 1472
f 1052 1472 1473
f 1474 1453 1452
f 1474 1452 1475
f 1476 1450 1477
f 1476 1477 1478
f 1450 1451 1479
f 1450 1479 1477
f 1480 1474 1475
f 1480 1475 1481
f 1478 1477 1482
f 1478 1482 1483
f 1477 1479 1484
f 1477 1484 1482
f 1465 1464 1485
f 1465 1485 1486
f 1487 1480 1481
f 1487 1481 1488
f 1483 1482 1489
f 1483 1489 1490
f 1482 1484 1491
f 1482 1491 1489
f 1492 1464 1463
f 1492 1463 1467
f 1493 1485 1464
f 1493 1464 1492
f 1486 1485 1494
f 1486 1494 1495
f 1496 1487 1488
f 1496 1488 1497
f 1490 1489 1498
f 1490 1498 1499
f 1489 1491 1500
f 1489 1500 1498
f 1501 1494 1485
f 1501 1485 1493
f 1495 1494 1502
f 1495 1502 1503
f 1472 854 853
f 1472 853 1504
f 1473 1472 1504
f 1473 1504 1505
f 1504 853 772
f 1504 772 1506
f 1505 1504 1506
f 1505 1506 1507
f 1508 911 910
f 1508 910 1509
f 1510 913 912
f 1510 912 1511
f 913 1510 1512
f 913 1512 916
f 498 497 767
f 498 767 450
f 1513 1502 1494
f 1513 1494 1501
f 767 1514 1515
f 767 1515 768
f 496 1516 1517
f 496 1517 497
f 772 771 1518
f 772 1518 1506
f 1514 767 497
f 1514 497 1517
f 1503 1502 1519
f 1503 1519 1520
f 1519 1502 1513
f 1519 1513 1521
f 1507 1506 1518
f 1507 1518 1522
f 1523 1524 1525
f 1523 1525 1526
f 1526 1527 1528
f 1526 1528 1523
f 1529 1530 1526
f 1529 1526 1525
f 1530 1531 1527
f 1530 1527 1526
f 1532 537 540
f 1532 540 1533
f 1534 1535 1536
f 1534 1536 1537
f 1538 1539 1534
f 1538 1534 1537
f 1537 1536 1540
f 1537 1540 1541
f 1541 1542 1538
f 1541 1538 1537
f 1524 1514 1517
f 1524 1517 1525
f 1516 1529 1525
f 1516 1525 1517
f 1535 1520 1519
f 1535 1519 1536
f 1536 1519 1521
f 1536 1521 1540
f 1541 1540 1543
f 1541 1543 1544
f 1540 1521 1545
f 1540 1545 1543
f 1546 1545 1521
f 1546 1521 1513
f 1513 1501 1547
f 1513 1547 1546
f 1501 1493 1548
f 1501 1548 1547
f 1493 1492 1549
f 1493 1549 1548
f 1492 1467 1550
f 1492 1550 1549
f 1467 1456 1455
f 1467 1455 1550
f 1542 1541 1544
f 1542 1544 1551
f 1490 1499 1497
f 1490 1497 1488
f 1483 1490 1488
f 1483 1488 1481
f 1478 1483 1481
f 1478 1481 1475
f 1476 1478 1475
f 1476 1475 1452
f 5 1538 1542
f 5 1542 6
f 1539 1538 5
f 1539 5 541
f 1531 1532 1533
f 1531 1533 1527
f 1552 457 482
f 1552 482 1553
f 440 457 1552
f 440 1552 1554
f 437 440 1554
f 437 1554 1555
f 1556 425 428
f 1556 428 1557
f 422 1558 1559
f 422 1559 423
f 1559 1560 393
f 1559 393 423
f 390 393 1560
f 390 1560 1561
f 58 390 1561
f 58 1561 1562
f 1153 1064 1143
f 1153 1143 1138
f 1154 1153 1138
f 1154 1138 1137
f 1152 1147 1146
f 1152 1146 1149
f 1563 1552 1553
f 1563 1553 1564
f 1552 1563 1565
f 1552 1565 1554
f 1554 1565 1566
f 1554 1566 1555
f 1557 1567 1568
f 1557 1568 1556
f 1558 1569 907
f 1558 907 1559
f 907 379 1560
f 907 1560 1559
f 1561 1560 379
f 1561 379 378
f 1562 1561 378
f 1562 378 799
f 1144 1143 1064
f 1144 1064 1063
f 1514 1524 1570
f 1514 1570 1515
f 1523 1528 1571
f 1523 1571 1572
f 1573 1574 1575
f 1573 1575 1576
f 1574 1577 1578
f 1574 1578 1575
f 1573 1528 1527
f 1573 1527 1533
f 1533 540 1574
f 1533 1574 1573
f 1577 1574 540
f 1577 540 539
f 6 1542 1551
f 6 1551 1579
f 1 4 1580
f 1 1580 1581
f 559 1 1581
f 559 1581 1582
f 538 1583 1584
f 538 1584 539
f 1585 1577 539
f 1585 539 1584
f 1577 1585 1586
f 1577 1586 1578
f 918 916 1512
f 918 1512 1587
f 917 919 890
f 917 890 888
f 1571 1528 1573
f 1571 1573 1576
f 1311 1313 1588
f 1311 1588 1241
f 1589 1242 1241
f 1589 1241 1588
f 1266 1268 1590
f 1266 1590 1591
f 1592 1263 1266
f 1592 1266 1591
f 1591 1590 1593
f 1591 1593 1594
f 1323 1321 1592
f 1323 1592 1595
f 1263 1592 1321
f 1263 1321 1262
f 942 1596 1597
f 942 1597 943
f 1596 1598 1599
f 1596 1599 1597
f 1598 1600 1601
f 1598 1601 1599
f 1433 1054 1053
f 1433 1053 1434
f 1433 1086 1085
f 1433 1085 1054
f 1602 1589 1588
f 1602 1588 1603
f 196 1602 1603
f 196 1603 197
f 1604 1605 1606
f 1604 1606 1607
f 1603 1588 1608
f 1603 1608 1609
f 197 1603 1609
f 197 1609 198
f 199 198 1610
f 199 1610 1611
f 1612 1613 73
f 1612 73 75
f 1423 1613 1612
f 1423 1612 1424
f 1614 1053 91
f 1614 91 79
f 1423 1426 1615
f 1423 1615 1613
f 1426 1428 1616
f 1426 1616 1615
f 1428 1432 1617
f 1428 1617 1616
f 1431 1434 1618
f 1431 1618 1619
f 1432 1431 1619
f 1432 1619 1617
f 1434 1053 1614
f 1434 1614 1618
f 1613 1615 74
f 1613 74 73
f 1615 1616 81
f 1615 81 74
f 1616 1617 82
f 1616 82 81
f 1619 1618 80
f 1619 80 1402
f 1617 1619 1402
f 1617 1402 82
f 1618 1614 79
f 1618 79 80
f 1620 1621 1622
f 1620 1622 1623
f 1624 1620 1623
f 1624 1623 1625
f 1626 1624 1625
f 1626 1625 1627
f 1628 1629 1630
f 1628 1630 1631
f 1623 1622 1632
f 1623 1632 1633
f 1625 1623 1633
f 1625 1633 1634
f 1635 1636 1637
f 1635 1637 1638
f 1629 1628 1639
f 1629 1639 1640
f 1641 981 980
f 1641 980 1642
f 703 702 1643
f 703 1643 1644
f 738 737 1645
f 738 1645 1646
f 766 755 1647
f 766 1647 1648
f 701 700 1649
f 701 1649 1650
f 755 738 1646
f 755 1646 1647
f 1651 1638 1637
f 1651 1637 1652
f 1652 1637 1653
f 1652 1653 1654
f 1630 1626 1627
f 1630 1627 1631
f 1628 1655 1656
f 1628 1656 1639
f 1636 1657 1653
f 1636 1653 1637
f 1627 1625 1634
f 1627 1634 1658
f 1655 1628 1631
f 1655 1631 1659
f 979 121 122
f 979 122 1660
f 1661 1660 1662
f 1661 1662 1663
f 101 100 1664
f 101 1664 119
f 1662 1660 122
f 1662 122 1665
f 1665 122 119
f 1665 119 1664
f 1666 1667 1580
f 1666 1580 4
f 1223 1668 1669
f 1223 1669 1222
f 1369 1394 1393
f 1369 1393 1370
f 243 242 1670
f 243 1670 787
f 1671 1672 1673
f 1671 1673 1674
f 1672 1671 1675
f 1672 1675 1676
f 905 906 1677
f 905 1677 1678
f 1679 1680 1681
f 1679 1681 1682
f 1683 1684 1676
f 1683 1676 1675
f 907 1569 1677
f 907 1677 906
f 1680 1568 1567
f 1680 1567 1681
f 1566 1565 1676
f 1566 1676 1684
f 1565 1563 1672
f 1565 1672 1676
f 1672 1563 1564
f 1672 1564 1673
f 1685 1686 1611
f 1685 1611 1610
f 1687 1688 1689
f 1687 1689 1690
f 1691 1692 1693
f 1691 1693 1694
f 1601 1691 1694
f 1601 1694 1599
f 1689 1695 1696
f 1689 1696 1690
f 1697 1698 1699
f 1697 1699 1700
f 1701 1687 1690
f 1701 1690 1702
f 1694 1693 1703
f 1694 1703 1704
f 1599 1694 1704
f 1599 1704 1597
f 1690 1696 1705
f 1690 1705 1702
f 1696 1697 1700
f 1696 1700 1705
f 1700 1699 1706
f 1700 1706 1707
f 1701 1702 1708
f 1701 1708 1709
f 1704 1703 1710
f 1704 1710 1711
f 1597 1704 1711
f 1597 1711 943
f 1702 1705 1712
f 1702 1712 1708
f 1705 1700 1707
f 1705 1707 1712
f 1713 1714 1707
f 1713 1707 1706
f 1715 1716 1709
f 1715 1709 1708
f 1710 1717 1718
f 1710 1718 1711
f 1718 940 943
f 1718 943 1711
f 1719 1715 1708
f 1719 1708 1712
f 1714 1719 1712
f 1714 1712 1707
f 1714 1713 1720
f 1714 1720 1721
f 1716 1715 1722
f 1716 1722 1723
f 1718 1717 1724
f 1718 1724 1725
f 940 1718 1725
f 940 1725 941
f 1715 1719 1726
f 1715 1726 1722
f 1719 1714 1721
f 1719 1721 1726
f 1727 1728 1729
f 1727 1729 1730
f 1728 1685 1610
f 1728 1610 1729
f 1695 1731 1697
f 1695 1697 1696
f 1731 1732 1698
f 1731 1698 1697
f 1733 1734 1699
f 1733 1699 1698
f 1733 1170 1735
f 1733 1735 1734
f 1734 1736 1706
f 1734 1706 1699
f 1734 1735 1737
f 1734 1737 1736
f 1736 1738 1713
f 1736 1713 1706
f 1307 1738 1736
f 1307 1736 1737
f 1739 239 238
f 1739 238 1740
f 1317 1739 1740
f 1317 1740 1318
f 1735 1170 1128
f 1735 1128 1296
f 1737 1735 1296
f 1737 1296 1140
f 1139 1307 1737
f 1139 1737 1140
f 1741 1742 1727
f 1741 1727 1730
f 1170 1733 1743
f 1170 1743 1171
f 1303 1742 1741
f 1303 1741 1304
f 1743 1733 1698
f 1743 1698 1732
f 1738 1744 1720
f 1738 1720 1713
f 1738 1307 1141
f 1738 1141 1744
f 1744 1745 1746
f 1744 1746 1720
f 1744 1141 1144
f 1744 1144 1745
f 1745 1144 1063
f 1745 1063 1747
f 1745 1747 1748
f 1745 1748 1746
f 1747 1749 1750
f 1747 1750 1748
f 1747 1063 1059
f 1747 1059 1749
f 1749 1751 1752
f 1749 1752 1750
f 1749 1059 1062
f 1749 1062 1751
f 1751 1753 1754
f 1751 1754 1752
f 1751 1062 1055
f 1751 1055 1753
f 1726 1721 1755
f 1726 1755 1756
f 1722 1726 1756
f 1722 1756 1757
f 1723 1722 1757
f 1723 1757 1758
f 1725 1724 1759
f 1725 1759 1760
f 941 1725 1760
f 941 1760 1606
f 938 941 1606
f 938 1606 1605
f 144 147 34
f 144 34 33
f 144 33 97
f 144 97 123
f 123 97 96
f 123 96 98
f 99 98 96
f 99 96 105
f 105 104 106
f 105 106 99
f 950 106 104
f 950 104 955
f 950 955 958
f 950 958 951
f 977 951 958
f 977 958 1761
f 110 1762 237
f 110 237 111
f 113 111 237
f 113 237 233
f 233 232 115
f 233 115 113
f 232 213 117
f 232 117 115
f 212 200 117
f 212 117 213
f 216 202 205
f 216 205 217
f 229 228 207
f 229 207 256
f 207 228 258
f 207 258 208
f 1763 1607 1606
f 1763 1606 1760
f 1759 1764 1763
f 1759 1763 1760
f 1765 1766 1758
f 1765 1758 1757
f 1767 1765 1757
f 1767 1757 1756
f 26 1768 1769
f 26 1769 23
f 1768 1770 1771
f 1768 1771 1769
f 1772 1773 1774
f 1772 1774 1775
f 1773 1776 7
f 1773 7 1774
f 1753 1777 1778
f 1753 1778 1754
f 1753 1055 1058
f 1753 1058 1777
f 520 1779 500
f 520 500 499
f 1780 38 41
f 1780 41 1781
f 1782 1783 1780
f 1782 1780 1781
f 1781 41 59
f 1781 59 1784
f 1781 1784 1785
f 1781 1785 1782
f 1776 1786 8
f 1776 8 7
f 1787 1767 1756
f 1787 1756 1755
f 23 1769 1788
f 23 1788 24
f 1769 1771 1789
f 1769 1789 1788
f 1790 1775 1774
f 1790 1774 1791
f 1774 7 10
f 1774 10 1791
f 24 1788 1792
f 24 1792 362
f 1788 1789 1793
f 1788 1793 1792
f 1790 1791 1794
f 1790 1794 1795
f 1791 10 382
f 1791 382 1794
f 362 1792 1796
f 362 1796 363
f 1792 1793 1797
f 1792 1797 1796
f 1795 1794 1798
f 1795 1798 1799
f 1794 382 383
f 1794 383 1798
f 1796 1797 1800
f 1796 1800 1801
f 1802 1799 1798
f 1802 1798 1803
f 1798 383 905
f 1798 905 1803
f 1804 1805 1802
f 1804 1802 1803
f 1803 905 1678
f 1803 1678 1804
f 1800 1806 1807
f 1800 1807 1801
f 1808 1809 1810
f 1808 1810 1811
f 1809 1812 1813
f 1809 1813 1810
f 1813 1812 1814
f 1813 1814 1815
f 1814 1683 1675
f 1814 1675 1815
f 1811 1810 1816
f 1811 1816 1817
f 1810 1813 1818
f 1810 1818 1816
f 1818 1813 1815
f 1818 1815 1819
f 1815 1675 1671
f 1815 1671 1819
f 1817 1816 1820
f 1817 1820 1821
f 1816 1818 1822
f 1816 1822 1820
f 1823 1822 1818
f 1823 1818 1819
f 1819 1671 1674
f 1819 1674 1823
f 1721 1720 1746
f 1721 1746 1755
f 934 930 931
f 934 931 935
f 928 929 1808
f 928 1808 1811
f 928 1811 1817
f 928 1817 927
f 1821 926 927
f 1821 927 1817
f 924 1824 1825
f 924 1825 925
f 741 759 756
f 741 756 739
f 708 741 739
f 708 739 705
f 709 708 705
f 709 705 704
f 660 659 655
f 660 655 654
f 666 664 663
f 666 663 667
f 796 1826 1827
f 796 1827 797
f 1828 1826 796
f 1828 796 1829
f 1287 1358 1828
f 1287 1828 1829
f 110 109 976
f 110 976 977
f 1761 1762 110
f 1761 110 977
f 1830 236 237
f 1830 237 1762
f 1762 1761 1831
f 1762 1831 1830
f 957 1831 1761
f 957 1761 958
f 1824 1832 1833
f 1824 1833 1825
f 1832 1834 1835
f 1832 1835 1833
f 1835 1834 1836
f 1835 1836 1837
f 1836 1838 1839
f 1836 1839 1837
f 1838 1840 1841
f 1838 1841 1839
f 1841 1840 1842
f 1841 1842 1843
f 1842 1844 1845
f 1842 1845 1843
f 1844 1846 1847
f 1844 1847 1845
f 1847 1846 1848
f 1847 1848 1849
f 1849 1848 1850
f 1849 1850 1851
f 1852 1853 1854
f 1852 1854 1855
f 1854 1856 1857
f 1854 1857 1855
f 1858 1859 1860
f 1858 1860 1861
f 1862 1863 1864
f 1862 1864 1865
f 1860 1862 1865
f 1860 1865 1861
f 1864 1863 1866
f 1864 1866 1867
f 1867 1866 1868
f 1867 1868 1869
f 1870 1871 1872
f 1870 1872 1873
f 1874 1875 1876
f 1874 1876 1877
f 1872 1871 1878
f 1872 1878 1879
f 1880 1881 1882
f 1880 1882 1883
f 1884 1885 1886
f 1884 1886 1887
f 1886 1888 1889
f 1886 1889 1887
f 1888 1890 1891
f 1888 1891 1889
f 1876 1875 1892
f 1876 1892 1893
f 1878 1874 1877
f 1878 1877 1879
f 1856 1894 1895
f 1856 1895 1857
f 1896 1897 1898
f 1896 1898 1899
f 1897 1859 1858
f 1897 1858 1898
f 1900 1901 1902
f 1900 1902 1903
f 1901 1896 1899
f 1901 1899 1902
f 1895 1894 1900
f 1895 1900 1903
f 170 1904 1905
f 170 1905 171
f 1904 170 979
f 1904 979 1906
f 1627 1658 1659
f 1627 1659 1631
f 673 714 1907
f 673 1907 1908
f 631 673 1908
f 631 1908 1909
f 632 631 1909
f 632 1909 1910
f 602 601 1911
f 602 1911 1912
f 171 1905 1600
f 171 1600 1598
f 151 171 1598
f 151 1598 1596
f 149 151 1596
f 149 1596 942
f 146 149 942
f 146 942 939
f 147 146 939
f 147 939 938
f 34 147 938
f 34 938 1605
f 1604 35 34
f 1604 34 1605
f 30 29 25
f 30 25 22
f 37 30 22
f 37 22 21
f 872 37 21
f 872 21 361
f 901 872 361
f 901 361 360
f 932 901 360
f 932 360 930
f 934 933 932
f 934 932 930
f 934 904 937
f 934 937 933
f 904 877 946
f 904 946 937
f 877 874 876
f 877 876 946
f 376 876 874
f 376 874 389
f 388 377 376
f 388 376 389
f 395 385 377
f 395 377 388
f 1033 1032 1029
f 1033 1029 1028
f 1468 1033 1028
f 1468 1028 1460
f 241 240 1913
f 241 1913 1914
f 1906 979 1660
f 1906 1660 1661
f 1302 1129 1171
f 1302 1171 1303
f 1742 1303 1171
f 1742 1171 1743
f 1742 1743 1732
f 1742 1732 1727
f 1728 1727 1732
f 1728 1732 1731
f 1685 1728 1731
f 1685 1731 1695
f 1686 1685 1695
f 1686 1695 1689
f 1915 1686 1689
f 1915 1689 1688
f 1916 1917 1692
f 1916 1692 1691
f 1918 1916 1691
f 1918 1691 1601
f 1919 1918 1601
f 1919 1601 1600
f 1905 1920 1919
f 1905 1919 1600
f 1920 1905 1904
f 1920 1904 1921
f 1922 1921 1904
f 1922 1904 1906
f 1922 1906 1661
f 1922 1661 1923
f 1924 1923 1925
f 1924 1925 1926
f 1927 1924 1926
f 1927 1926 1928
f 1929 1930 1927
f 1929 1927 1928
f 1931 1932 1933
f 1931 1933 1934
f 1935 1936 1937
f 1935 1937 1938
f 1935 1938 1939
f 1935 1939 1940
f 1663 1925 1923
f 1663 1923 1661
f 1302 1301 1173
f 1302 1173 1181
f 1173 1301 1941
f 1173 1941 1174
f 1129 1302 1181
f 1129 1181 1130
f 1610 198 1609
f 1610 1609 1729
f 1729 1609 1608
f 1729 1608 1730
f 1942 1741 1730
f 1942 1730 1608
f 1304 1741 1942
f 1304 1942 1943
f 1941 1301 1304
f 1941 1304 1943
f 1313 1942 1608
f 1313 1608 1588
f 1641 1944 1945
f 1641 1945 981
f 1946 253 981
f 1946 981 1945
f 1946 1913 252
f 1946 252 253
f 250 252 1913
f 250 1913 240
f 247 250 240
f 247 240 239
f 1332 247 239
f 1332 239 1739
f 1328 1332 1739
f 1328 1739 1317
f 1329 1328 1317
f 1329 1317 1316
f 1326 1329 1316
f 1326 1316 1285
f 1324 1326 1285
f 1324 1285 1284
f 1284 1283 1322
f 1284 1322 1324
f 1283 1282 1320
f 1283 1320 1322
f 1259 1320 1282
f 1259 1282 1310
f 1260 1259 1310
f 1260 1310 1315
f 1291 1256 1947
f 1291 1947 1948
f 1378 1291 1948
f 1378 1948 1949
f 1289 1950 1951
f 1289 1951 1290
f 1186 1290 1951
f 1186 1951 1952
f 1418 1417 1183
f 1418 1183 1182
f 1314 1183 1417
f 1314 1417 1420
f 1314 1420 1174
f 1314 1174 1941
f 1312 1314 1941
f 1312 1941 1943
f 1313 1312 1943
f 1313 1943 1942
f 1175 1174 1420
f 1175 1420 1419
f 1953 1176 1179
f 1953 1179 1954
f 1955 1953 1954
f 1955 1954 1956
f 343 342 1957
f 343 1957 1958
f 342 358 373
f 342 373 1957
f 963 343 1958
f 963 1958 964
f 1959 1960 1961
f 1959 1961 1962
f 1963 1959 1962
f 1963 1962 1964
f 1035 1034 1963
f 1035 1963 1964
f 1960 978 1461
f 1960 1461 1961
f 967 966 844
f 967 844 843
f 1287 1965 1080
f 1287 1080 1099
f 1080 1965 242
f 1080 242 184
f 787 1670 180
f 787 180 177
f 787 177 176
f 787 176 788
f 740 757 743
f 740 743 712
f 706 740 712
f 706 712 671
f 707 706 671
f 707 671 670
f 657 656 626
f 657 626 625
f 668 628 627
f 668 627 669
f 180 795 798
f 180 798 181
f 1965 1966 1670
f 1965 1670 242
f 1966 795 180
f 1966 180 1670
f 1966 1965 1287
f 1966 1287 1829
f 795 1966 1829
f 795 1829 796
f 1009 1011 1004
f 1009 1004 999
f 999 1004 1003
f 999 1003 1000
f 1000 1003 1052
f 1000 1052 892
f 892 1052 1473
f 892 1473 893
f 893 1473 1505
f 893 1505 908
f 908 1505 1507
f 908 1507 910
f 1522 1509 910
f 1522 910 1507
f 1523 1572 1570
f 1523 1570 1524
f 911 1508 1511
f 911 1511 912
f 909 911 912
f 909 912 915
f 894 909 915
f 894 915 884
f 895 894 884
f 895 884 887
f 1001 895 887
f 1001 887 897
f 1002 1001 897
f 1002 897 998
f 1010 1002 998
f 1010 998 1008
f 1446 1441 1444
f 1446 1444 1447
f 453 824 1012
f 453 1012 1015
f 434 453 1015
f 434 1015 1017
f 433 434 1017
f 433 1017 1019
f 414 415 1020
f 414 1020 1023
f 416 1024 1027
f 416 1027 394
f 395 394 1027
f 395 1027 1029
f 1032 385 395
f 1032 395 1029
f 384 385 1032
f 384 1032 1031
f 384 1031 1035
f 384 1035 372
f 372 1035 1964
f 372 1964 373
f 1957 373 1964
f 1957 1964 1962
f 1958 1957 1962
f 1958 1962 1961
f 964 1958 1961
f 964 1961 1461
f 964 1461 1449
f 964 1449 965
f 965 1449 1437
f 965 1437 1440
f 1440 1437 1436
f 1440 1436 1438
f 1436 1435 1439
f 1436 1439 1438
f 1967 1496 1497
f 1967 1497 1968
f 1499 1498 1969
f 1499 1969 1970
f 1498 1500 1971
f 1498 1971 1969
f 1497 1499 1970
f 1497 1970 1968
f 1972 1970 1969
f 1972 1969 1973
f 1973 1969 1971
f 1973 1971 1974
f 1973 1974 1975
f 1973 1975 1976
f 1972 1973 1976
f 1972 1976 1977
f 1978 1979 1980
f 1978 1980 1981
f 1979 1982 1983
f 1979 1983 1980
f 1979 1978 1984
f 1979 1984 1985
f 1985 1984 1986
f 1985 1986 1987
f 1988 1985 1987
f 1988 1987 1989
f 3 6 1579
f 3 1579 1990
f 1007 985 988
f 1007 988 1008
f 1010 1008 988
f 1010 988 994
f 365 364 984
f 365 984 1991
f 1992 1991 984
f 1992 984 1011
f 994 993 1992
f 994 1992 1993
f 1010 994 1993
f 1010 1993 1009
f 1993 1992 1011
f 1993 1011 1009
f 1124 1125 1668
f 1124 1668 1223
f 1395 1397 1192
f 1395 1192 1194
f 1194 1192 1157
f 1194 1157 1158
f 1157 1155 1145
f 1157 1145 1158
f 1154 1146 1145
f 1154 1145 1155
f 1146 1154 1137
f 1146 1137 1149
f 1150 1149 1137
f 1150 1137 1136
f 1150 1136 1131
f 1150 1131 1162
f 1162 1131 1134
f 1162 1134 1163
f 1163 1134 1298
f 1163 1298 1300
f 1164 1300 1298
f 1164 1298 1169
f 1169 1168 1165
f 1169 1165 1164
f 1305 1165 1168
f 1305 1168 1180
f 1178 1172 1175
f 1178 1175 1179
f 1179 1175 1419
f 1179 1419 1954
f 1954 1419 1418
f 1954 1418 1956
f 1188 1187 1182
f 1188 1182 1185
f 1190 1188 1185
f 1190 1185 1334
f 1190 1334 1244
f 1190 1244 1372
f 1243 1374 1372
f 1243 1372 1244
f 1251 1252 1267
f 1251 1267 1265
f 1264 1253 1251
f 1264 1251 1265
f 1258 1253 1264
f 1258 1264 1261
f 1255 1258 1261
f 1255 1261 1260
f 1294 1255 1260
f 1294 1260 1315
f 1294 1315 1233
f 1294 1233 1240
f 1232 1237 1240
f 1232 1240 1233
f 1237 1232 1230
f 1237 1230 1224
f 1229 1225 1224
f 1229 1224 1230
f 1225 1229 1228
f 1225 1228 1308
f 1392 1390 1352
f 1392 1352 1353
f 1351 1354 1353
f 1351 1353 1352
f 1198 1393 1354
f 1198 1354 1351
f 1393 1198 1197
f 1393 1197 1370
f 1370 1197 1367
f 1370 1367 1371
f 1220 1217 1126
f 1220 1126 1221
f 1221 1126 1124
f 1221 1124 1223
f 1994 1955 1956
f 1994 1956 1952
f 1995 1994 1952
f 1995 1952 1951
f 1950 1996 1995
f 1950 1995 1951
f 1949 1948 1997
f 1949 1997 1998
f 1999 1997 1948
f 1999 1948 1947
f 1294 1293 1999
f 1294 1999 1947
f 1182 1187 1956
f 1182 1956 1418
f 1186 1952 1956
f 1186 1956 1187
f 1255 1294 1947
f 1255 1947 1256
f 4 3 1990
f 4 1990 1666
f 2000 2001 2002
f 2000 2002 2003
f 2001 2004 2005
f 2001 2005 2002
f 2006 2007 2008
f 2006 2008 2009
f 2010 2008 2007
f 2010 2007 2011
f 2012 2010 2011
f 2012 2011 2013
f 1987 2001 2000
f 1987 2000 1989
f 1986 2004 2001
f 1986 2001 1987
f 2013 2014 2015
f 2013 2015 2012
f 2016 2015 2014
f 2016 2014 2017
f 1977 1976 1980
f 1977 1980 1983
f 1976 1975 1981
f 1976 1981 1980
f 2006 2009 2018
f 2006 2018 2019
f 2020 2019 2018
f 2020 2018 2021
f 2020 2021 1967
f 2020 1967 1968
f 1982 1979 1985
f 1982 1985 1988
f 2020 1968 1970
f 2020 1970 1972
f 1977 2019 2020
f 1977 2020 1972
f 1977 1983 2006
f 1977 2006 2019
f 2007 2006 1983
f 2007 1983 1982
f 2007 1982 1988
f 2007 1988 2011
f 2011 1988 1989
f 2011 1989 2013
f 2014 2013 1989
f 2014 1989 2000
f 2014 2000 2003
f 2014 2003 2017
f 1305 1180 1172
f 1305 1172 1178
f 1177 1306 1305
f 1177 1305 1178
f 1395 1396 2022
f 1395 2022 2023
f 1397 1395 2023
f 1397 2023 2024
f 1195 1397 2024
f 1195 2024 2025
f 1057 1195 2025
f 1057 2025 2026
f 1058 1057 2026
f 1058 2026 2027
f 1777 1058 2027
f 1777 2027 2028
f 1777 2028 2029
f 1777 2029 1778
f 1780 1783 72
f 1780 72 57
f 38 1780 57
f 38 57 55
f 39 38 55
f 39 55 54
f 396 39 54
f 396 54 408
f 397 396 408
f 397 408 409
f 443 397 409
f 443 409 467
f 466 444 443
f 466 443 467
f 441 468 469
f 441 469 442
f 455 480 479
f 455 479 454
f 454 479 500
f 454 500 474
f 474 500 1779
f 474 1779 502
f 1850 1853 1852
f 1850 1852 1851
f 2030 2031 259
f 2030 259 263
f 2031 2032 260
f 2031 260 259
f 219 2033 2034
f 219 2034 220
f 2035 2036 223
f 2035 223 2037
f 2036 2038 224
f 2036 224 223
f 2038 2039 235
f 2038 235 224
f 2039 2040 157
f 2039 157 235
f 2040 2041 152
f 2040 152 157
f 2041 2042 153
f 2041 153 152
f 2042 2043 159
f 2042 159 153
f 2043 953 866
f 2043 866 159
f 865 158 159
f 865 159 866
f 2044 2045 1558
f 2044 1558 422
f 2045 2046 1569
f 2045 1569 1558
f 1677 1569 2046
f 1677 2046 2047
f 1678 1677 2047
f 1678 2047 2048
f 835 810 813
f 835 813 902
f 810 809 814
f 810 814 813
f 809 403 398
f 809 398 814
f 402 399 398
f 402 398 403
f 402 414 416
f 402 416 399
f 414 1023 1024
f 414 1024 416
f 1023 1022 1025
f 1023 1025 1024
f 1022 1457 1458
f 1022 1458 1025
f 703 1644 1649
f 703 1649 700
f 662 703 700
f 662 700 661
f 660 663 662
f 660 662 661
f 667 663 660
f 667 660 654
f 667 654 657
f 667 657 668
f 657 625 628
f 657 628 668
f 599 604 628
f 599 628 625
f 599 602 605
f 599 605 604
f 605 602 1912
f 605 1912 2049
f 2050 2051 731
f 2050 731 735
f 2051 2052 692
f 2051 692 731
f 2052 2053 693
f 2052 693 692
f 2054 697 696
f 2054 696 2055
f 648 1043 2056
f 648 2056 2057
f 2057 2058 649
f 2057 649 648
f 2058 2059 652
f 2058 652 649
f 2060 618 652
f 2060 652 2059
f 619 618 2060
f 619 2060 2061
f 586 622 2062
f 586 2062 2063
f 2063 2064 569
f 2063 569 586
f 570 569 2064
f 570 2064 2065
f 2065 2066 531
f 2065 531 570
f 2066 2067 532
f 2066 532 531
f 2067 2068 507
f 2067 507 532
f 2068 2069 508
f 2068 508 507
f 2069 2070 1410
f 2069 1410 508
f 487 1410 2070
f 487 2070 2071
f 2072 488 487
f 2072 487 2071
f 2072 2073 462
f 2072 462 488
f 2073 2074 463
f 2073 463 462
f 466 463 2074
f 466 2074 2075
f 2076 444 466
f 2076 466 2075
f 421 444 2076
f 421 2076 2077
f 2077 2044 422
f 2077 422 421
f 415 401 418
f 415 418 433
f 1020 415 433
f 1020 433 1019
f 1018 1021 1020
f 1018 1020 1019
f 1018 1455 1456
f 1018 1456 1021
f 1462 1466 1459
f 1462 1459 1458
f 922 1466 1462
f 922 1462 1465
f 920 922 1465
f 920 1465 1486
f 495 920 1486
f 495 1486 1495
f 496 495 1495
f 496 1495 1503
f 1516 496 1503
f 1516 1503 1520
f 1529 1516 1520
f 1529 1520 1535
f 1530 1529 1535
f 1530 1535 1534
f 1539 1531 1530
f 1539 1530 1534
f 1532 1531 1539
f 1532 1539 541
f 542 537 1532
f 542 1532 541
f 538 537 542
f 538 542 559
f 1583 538 559
f 1583 559 1582
f 701 1650 1645
f 701 1645 737
f 658 701 737
f 658 737 710
f 709 659 658
f 709 658 710
f 655 659 709
f 655 709 704
f 655 704 707
f 655 707 656
f 626 656 707
f 626 707 670
f 629 600 626
f 629 626 670
f 629 632 601
f 629 601 600
f 601 632 1910
f 601 1910 1911
f 730 734 753
f 730 753 751
f 688 730 751
f 688 751 727
f 726 689 688
f 726 688 727
f 722 685 684
f 722 684 723
f 646 1041 1039
f 646 1039 681
f 647 646 681
f 647 681 680
f 642 647 680
f 642 680 678
f 638 615 642
f 638 642 678
f 616 615 638
f 616 638 641
f 585 612 636
f 585 636 609
f 566 585 609
f 566 609 580
f 567 566 580
f 567 580 583
f 527 567 583
f 527 583 551
f 550 528 527
f 550 527 551
f 513 528 550
f 513 550 524
f 514 513 524
f 514 524 523
f 1412 514 523
f 1412 523 1413
f 483 1412 1413
f 483 1413 505
f 504 484 483
f 504 483 505
f 460 484 504
f 460 504 476
f 461 460 476
f 461 476 475
f 469 461 475
f 469 475 480
f 442 469 480
f 442 480 455
f 427 442 455
f 427 455 438
f 428 427 438
f 428 438 437
f 1557 428 437
f 1557 437 1555
f 1555 1566 1567
f 1555 1567 1557
f 1681 1567 1566
f 1681 1566 1684
f 1682 1681 1684
f 1682 1684 1683
f 2078 1682 1683
f 2078 1683 1814
f 1812 2079 2078
f 1812 2078 1814
f 2080 2079 1812
f 2080 1812 1809
f 2081 2080 1809
f 2081 1809 1808
f 2082 2081 1808
f 2082 1808 929
f 837 834 2082
f 837 2082 929
f 837 818 811
f 837 811 834
f 812 811 818
f 812 818 817
f 400 812 817
f 400 817 419
f 418 401 400
f 418 400 419
f 2083 2084 840
f 2083 840 832
f 2084 2085 924
f 2084 924 840
f 2085 2086 1824
f 2085 1824 924
f 2086 2087 1832
f 2086 1832 1824
f 2087 2088 1834
f 2087 1834 1832
f 1836 1834 2088
f 1836 2088 2089
f 2089 2090 1838
f 2089 1838 1836
f 2090 2091 1840
f 2090 1840 1838
f 1842 1840 2091
f 1842 2091 2092
f 2092 2093 1844
f 2092 1844 1842
f 2093 2094 1846
f 2093 1846 1844
f 1848 1846 2094
f 1848 2094 2095
f 1850 1848 2095
f 1850 2095 2096
f 2096 2097 1853
f 2096 1853 1850
f 1854 1853 2097
f 1854 2097 2098
f 2098 2099 1856
f 2098 1856 1854
f 2099 2100 1894
f 2099 1894 1856
f 1900 1894 2100
f 1900 2100 2101
f 2101 2102 1901
f 2101 1901 1900
f 2102 2103 1896
f 2102 1896 1901
f 2103 2104 1897
f 2103 1897 1896
f 2104 2105 1859
f 2104 1859 1897
f 1860 1859 2105
f 1860 2105 2106
f 2106 2107 1862
f 2106 1862 1860
f 2107 2108 1863
f 2107 1863 1862
f 1866 1863 2108
f 1866 2108 2109
f 2110 1868 1866
f 2110 1866 2109
f 2111 2112 1871
f 2111 1871 1870
f 1878 1871 2112
f 1878 2112 2113
f 2113 2114 1874
f 2113 1874 1878
f 2114 2115 1875
f 2114 1875 1874
f 2116 1892 1875
f 2116 1875 2115
f 1882 1881 2117
f 1882 2117 2118
f 1886 1885 2119
f 1886 2119 2120
f 2120 2121 1888
f 2120 1888 1886
f 2121 2122 1890
f 2121 1890 1888
f 2123 2124 2015
f 2123 2015 2016
f 2012 2015 2124
f 2012 2124 2125
f 2126 2010 2012
f 2126 2012 2125
f 2126 2127 2008
f 2126 2008 2010
f 2009 2008 2127
f 2009 2127 2128
f 2018 2009 2128
f 2018 2128 2129
f 2021 2018 2129
f 2021 2129 2130
f 1967 2021 2130
f 1967 2130 2131
f 2132 1496 1967
f 2132 1967 2131
f 2133 1487 1496
f 2133 1496 2132
f 2134 1480 1487
f 2134 1487 2133
f 2135 1474 1480
f 2135 1480 2134
f 1454 1453 1474
f 1454 1474 2135
f 1476 2136 1445
f 1476 1445 1450
f 2136 2137 1446
f 2136 1446 1445
f 2138 1441 1446
f 2138 1446 2137
f 2138 2139 1442
f 2138 1442 1441
f 828 1442 2139
f 828 2139 2140
f 2140 2141 829
f 2140 829 828
f 2141 2083 832
f 2141 832 829
f 1550 1455 1454
f 1550 1454 2135
f 1549 1550 2135
f 1549 2135 2134
f 1548 1549 2134
f 1548 2134 2133
f 1547 1548 2133
f 1547 2133 2132
f 1546 1547 2132
f 1546 2132 2131
f 2131 2130 1545
f 2131 1545 1546
f 1543 1545 2130
f 1543 2130 2129
f 1544 1543 2129
f 1544 2129 2128
f 1551 1544 2128
f 1551 2128 2127
f 1579 1551 2127
f 1579 2127 2126
f 1990 1579 2126
f 1990 2126 2125
f 1666 1990 2125
f 1666 2125 2124
f 2123 1667 1666
f 2123 1666 2124
f 766 1648 2142
f 766 2142 2143
f 758 766 2143
f 758 2143 2144
f 2145 759 758
f 2145 758 2144
f 756 759 2145
f 756 2145 2146
f 756 2146 2147
f 756 2147 757
f 743 757 2147
f 743 2147 2148
f 2149 713 743
f 2149 743 2148
f 2149 2150 714
f 2149 714 713
f 714 2150 2151
f 714 2151 1907
f 769 770 2122
f 769 2122 2121
f 760 769 2121
f 760 2121 2120
f 2119 761 760
f 2119 760 2120
f 2117 763 762
f 2117 762 2118
f 745 1037 2116
f 745 2116 2115
f 746 745 2115
f 746 2115 2114
f 744 746 2114
f 744 2114 2113
f 2112 716 744
f 2112 744 2113
f 717 716 2112
f 717 2112 2111
f 674 715 2110
f 674 2110 2109
f 2108 634 674
f 2108 674 2109
f 633 634 2108
f 633 2108 2107
f 578 633 2107
f 578 2107 2106
f 2105 579 578
f 2105 578 2106
f 560 579 2105
f 560 2105 2104
f 561 560 2104
f 561 2104 2103
f 1416 561 2103
f 1416 2103 2102
f 546 1416 2102
f 546 2102 2101
f 2100 545 546
f 2100 546 2101
f 519 545 2100
f 519 2100 2099
f 520 519 2099
f 520 2099 2098
f 2097 1779 520
f 2097 520 2098
f 502 1779 2097
f 502 2097 2096
f 481 502 2096
f 481 2096 2095
f 482 481 2095
f 482 2095 2094
f 1553 482 2094
f 1553 2094 2093
f 1564 1553 2093
f 1564 2093 2092
f 1673 1564 2092
f 1673 2092 2091
f 1674 1673 2091
f 1674 2091 2090
f 1823 1674 2090
f 1823 2090 2089
f 2088 1822 1823
f 2088 1823 2089
f 1820 1822 2088
f 1820 2088 2087
f 1821 1820 2087
f 1821 2087 2086
f 2085 926 1821
f 2085 1821 2086
f 2085 2084 839
f 2085 839 926
f 827 839 2084
f 827 2084 2083
f 826 827 2083
f 826 2083 2141
f 825 826 2141
f 825 2141 2140
f 2139 823 825
f 2139 825 2140
f 824 823 2139
f 824 2139 2138
f 1012 824 2138
f 1012 2138 2137
f 2136 1013 1012
f 2136 1012 2137
f 2136 1476 1452
f 2136 1452 1013
f 1883 1882 1885
f 1883 1885 1884
f 2119 1885 1882
f 2119 1882 2118
f 2118 762 761
f 2118 761 2119
f 749 761 762
f 749 762 748
f 748 724 725
f 748 725 749
f 724 723 726
f 724 726 725
f 723 684 689
f 723 689 726
f 687 690 689
f 687 689 684
f 693 2053 2055
f 693 2055 696
f 694 693 696
f 694 696 699
f 699 595 588
f 699 588 694
f 595 594 589
f 595 589 588
f 136 172 589
f 136 589 594
f 136 135 173
f 136 173 172
f 191 186 173
f 191 173 135
f 191 190 182
f 191 182 186
f 190 193 183
f 190 183 182
f 1076 1079 183
f 1076 183 193
f 1076 1075 1096
f 1076 1096 1079
f 1075 1095 1097
f 1075 1097 1096
f 1101 1097 1095
f 1101 1095 1107
f 1102 1101 1107
f 1102 1107 1106
f 1106 1270 1271
f 1106 1271 1102
f 1270 1207 1210
f 1270 1210 1271
f 1207 1206 1211
f 1207 1211 1210
f 1206 1209 1228
f 1206 1228 1211
f 1308 1228 1209
f 1308 1209 2152
f 2153 1309 1308
f 2153 1308 2152
f 1220 1219 1368
f 1220 1368 1371
f 1371 1367 1217
f 1371 1217 1220
f 1367 1366 1200
f 1367 1200 1217
f 1366 1365 1201
f 1366 1201 1200
f 1365 1364 1114
f 1365 1114 1201
f 1364 1363 1115
f 1364 1115 1114
f 1363 1362 1117
f 1363 1117 1115
f 1362 1361 1091
f 1362 1091 1117
f 1361 1360 1067
f 1361 1067 1091
f 1360 1359 1068
f 1360 1068 1067
f 1068 1359 794
f 1068 794 164
f 794 793 165
f 794 165 164
f 793 792 139
f 793 139 165
f 792 791 125
f 792 125 139
f 791 790 126
f 791 126 125
f 790 556 557
f 790 557 126
f 556 555 558
f 556 558 557
f 555 620 621
f 555 621 558
f 620 619 622
f 620 622 621
f 2062 622 619
f 2062 619 2061
f 611 613 616
f 611 616 612
f 636 612 616
f 636 616 641
f 641 640 637
f 641 637 636
f 640 677 675
f 640 675 637
f 677 717 715
f 677 715 675
f 2110 715 717
f 2110 717 2111
f 1870 1868 2110
f 1870 2110 2111
f 1869 1868 1870
f 1869 1870 1873
f 1208 1205 1389
f 1208 1389 1390
f 1205 1204 1388
f 1205 1388 1389
f 1204 1269 1387
f 1204 1387 1388
f 1269 1105 1385
f 1269 1385 1387
f 1105 1104 1386
f 1105 1386 1385
f 1104 1094 1384
f 1104 1384 1386
f 1094 1074 1383
f 1094 1383 1384
f 1074 1073 1382
f 1074 1382 1383
f 1382 1073 192
f 1382 192 1050
f 192 189 1049
f 192 1049 1050
f 189 188 1048
f 189 1048 1049
f 188 134 1047
f 188 1047 1048
f 134 133 1046
f 134 1046 1047
f 133 593 1045
f 133 1045 1046
f 593 592 1044
f 593 1044 1045
f 592 698 1042
f 592 1042 1044
f 698 697 1043
f 698 1043 1042
f 2056 1043 697
f 2056 697 2054
f 1040 686 685
f 1040 685 1041
f 1039 1041 685
f 1039 685 722
f 722 721 1038
f 722 1038 1039
f 721 747 1036
f 721 1036 1038
f 747 763 1037
f 747 1037 1036
f 2116 1037 763
f 2116 763 2117
f 1881 1892 2116
f 1881 2116 2117
f 1893 1892 1881
f 1893 1881 1880
f 1208 1390 1392
f 1208 1392 2154
f 2154 1392 1391
f 2154 1391 2155
f 2152 1209 1208
f 2152 1208 2154
f 2155 2153 2152
f 2155 2152 2154
f 1358 1357 1319
f 1358 1319 1318
f 1358 1318 1740
f 1358 1740 1828
f 1826 238 241
f 1826 241 1827
f 1826 1828 1740
f 1826 1740 238
f 179 178 2156
f 179 2156 2157
f 178 181 2158
f 178 2158 2156
f 181 798 2159
f 181 2159 2158
f 798 797 2160
f 798 2160 2159
f 797 1827 2161
f 797 2161 2160
f 1827 241 1914
f 1827 1914 2161
f 2156 2158 2162
f 2156 2162 2163
f 2159 2164 2162
f 2159 2162 2158
f 2159 2160 2165
f 2159 2165 2164
f 2160 2161 2166
f 2160 2166 2165
f 2161 1914 2167
f 2161 2167 2166
f 2168 2169 2170
f 2168 2170 2171
f 2172 2173 2170
f 2172 2170 2169
f 2172 2174 2175
f 2172 2175 2173
f 2174 2176 2177
f 2174 2177 2175
f 2178 2179 2171
f 2178 2171 2170
f 2173 2180 2178
f 2173 2178 2170
f 2181 2180 2173
f 2181 2173 2175
f 2182 2181 2175
f 2182 2175 2177
f 2183 2184 2166
f 2183 2166 2167
f 2184 2183 2185
f 2184 2185 2186
f 2187 2188 2189
f 2187 2189 2190
f 2189 2188 2182
f 2189 2182 2177
f 2191 2192 2190
f 2191 2190 2189
f 2191 2189 2177
f 2191 2177 2176
f 2163 2162 2169
f 2163 2169 2168
f 2164 2172 2169
f 2164 2169 2162
f 2164 2165 2174
f 2164 2174 2172
f 2165 2166 2176
f 2165 2176 2174
f 2184 2191 2176
f 2184 2176 2166
f 2192 2191 2184
f 2192 2184 2186
f 2156 2163 2193
f 2156 2193 2157
f 2163 2168 2194
f 2163 2194 2193
f 2168 2171 2195
f 2168 2195 2194
f 2196 176 179
f 2196 179 2197
f 788 176 2196
f 788 2196 789
f 2197 179 2157
f 2197 2157 2193
f 2171 2179 2198
f 2171 2198 2195
f 2199 2196 2197
f 2199 2197 2200
f 789 2196 2199
f 789 2199 598
f 2200 2197 2193
f 2200 2193 2194
f 2201 2199 2200
f 2201 2200 2202
f 598 2199 2201
f 598 2201 597
f 2202 2200 2194
f 2202 2194 2195
f 2203 2201 2202
f 2203 2202 2204
f 597 2201 2203
f 597 2203 624
f 2204 2202 2195
f 2204 2195 2198
f 2205 2206 2207
f 2205 2207 2208
f 1912 1911 754
f 1912 754 753
f 1911 1910 765
f 1911 765 754
f 1910 1909 770
f 1910 770 765
f 1907 2151 1891
f 1907 1891 1890
f 1908 1907 1890
f 1908 1890 2122
f 1909 1908 2122
f 1909 2122 770
f 733 2209 2049
f 733 2049 734
f 2210 2206 735
f 2210 735 736
f 2206 2205 2050
f 2206 2050 735
f 2049 1912 753
f 2049 753 734
f 2185 2183 1945
f 2185 1945 1944
f 1946 1945 2183
f 1946 2183 2167
f 2167 1914 1913
f 2167 1913 1946
f 2210 736 624
f 2210 624 2203
f 2198 2179 2211
f 2198 2211 2212
f 2210 2203 2204
f 2210 2204 2213
f 2178 2214 2211
f 2178 2211 2179
f 2187 2215 2216
f 2187 2216 2188
f 2217 2182 2188
f 2217 2188 2216
f 2182 2217 2218
f 2182 2218 2181
f 2180 2219 2214
f 2180 2214 2178
f 2181 2218 2219
f 2181 2219 2180
f 2213 2204 2198
f 2213 2198 2212
f 2216 2215 2220
f 2216 2220 2221
f 2217 2216 2221
f 2217 2221 2222
f 2222 2223 2218
f 2222 2218 2217
f 2223 2224 2219
f 2223 2219 2218
f 2219 2224 2225
f 2219 2225 2214
f 2211 2214 2225
f 2211 2225 2226
f 2212 2211 2226
f 2212 2226 2227
f 2213 2212 2227
f 2213 2227 2207
f 2206 2210 2213
f 2206 2213 2207
f 2221 2220 2228
f 2221 2228 2229
f 2222 2221 2229
f 2222 2229 2230
f 2230 2231 2223
f 2230 2223 2222
f 2231 2232 2224
f 2231 2224 2223
f 2224 2232 2233
f 2224 2233 2225
f 2226 2225 2233
f 2226 2233 2234
f 2227 2226 2234
f 2227 2234 2235
f 2207 2227 2235
f 2207 2235 2208
f 606 605 2049
f 606 2049 2209
f 1595 1592 1591
f 1595 1591 1594
f 1325 1323 1595
f 1325 1595 2236
f 2236 1595 1594
f 2236 1594 2237
f 2237 1594 1593
f 2237 1593 2238
f 1621 2236 2237
f 1621 2237 1622
f 2237 2238 1632
f 2237 1632 1622
f 2236 1621 1327
f 2236 1327 1325
f 1330 1327 1621
f 1330 1621 1620
f 1331 1330 1620
f 1331 1620 1624
f 1624 1626 1333
f 1624 1333 1331
f 1626 1630 248
f 1626 248 1333
f 249 248 1630
f 249 1630 1629
f 862 2239 860
f 862 860 804
f 863 862 804
f 863 804 221
f 2037 863 221
f 2037 221 220
f 2034 2035 2037
f 2034 2037 220
f 2240 2241 214
f 2240 214 217
f 2242 2240 217
f 2242 217 205
f 204 2243 2242
f 204 2242 205
f 1933 2244 2245
f 1933 2245 1934
f 1636 1639 1656
f 1636 1656 1657
f 1635 1640 1639
f 1635 1639 1636
f 306 305 2239
f 306 2239 862
f 223 222 863
f 223 863 2037
f 212 211 2241
f 212 2241 2240
f 2242 200 212
f 2242 212 2240
f 201 200 2242
f 201 2242 2243
f 2244 1930 1929
f 2244 1929 2245
f 251 249 1629
f 251 1629 1640
f 254 251 1640
f 254 1640 1635
f 980 254 1635
f 980 1635 1638
f 1642 980 1638
f 1642 1638 1651
f 363 1796 1801
f 363 1801 931
f 935 931 1801
f 935 1801 1807
f 935 1807 2246
f 935 2246 2247
f 935 2247 902
f 935 902 903
f 2247 2246 2248
f 2247 2248 2249
f 2247 2249 835
f 2247 835 902
f 2249 2248 2081
f 2249 2081 2082
f 835 2249 2082
f 835 2082 834
f 2048 2047 1680
f 2048 1680 1679
f 2046 1568 1680
f 2046 1680 2047
f 1556 1568 2046
f 1556 2046 2045
f 2044 425 1556
f 2044 1556 2045
f 2077 426 425
f 2077 425 2044
f 2077 2076 441
f 2077 441 426
f 2076 2075 468
f 2076 468 441
f 2074 458 468
f 2074 468 2075
f 2074 2073 459
f 2074 459 458
f 2073 2072 485
f 2073 485 459
f 486 485 2072
f 486 2072 2071
f 2071 2070 1411
f 2071 1411 486
f 2069 511 1411
f 2069 1411 2070
f 2069 2068 512
f 2069 512 511
f 2068 2067 529
f 2068 529 512
f 530 529 2067
f 530 2067 2066
f 2066 2065 564
f 2066 564 530
f 2064 565 564
f 2064 564 2065
f 2063 584 565
f 2063 565 2064
f 2062 611 584
f 2062 584 2063
f 2061 613 611
f 2061 611 2062
f 2060 614 613
f 2060 613 2061
f 643 614 2060
f 643 2060 2059
f 2058 644 643
f 2058 643 2059
f 2058 2057 645
f 2058 645 644
f 2056 1040 645
f 2056 645 2057
f 2054 686 1040
f 2054 1040 2056
f 687 686 2054
f 687 2054 2055
f 2053 690 687
f 2053 687 2055
f 691 690 2053
f 691 2053 2052
f 2052 2051 729
f 2052 729 691
f 2051 2050 733
f 2051 733 729
f 2205 2209 733
f 2205 733 2050
f 606 2209 2205
f 606 2205 2208
f 603 606 2208
f 603 2208 2235
f 627 603 2235
f 627 2235 2234
f 669 627 2234
f 669 2234 2233
f 2232 666 669
f 2232 669 2233
f 2231 664 666
f 2231 666 2232
f 665 664 2231
f 665 2231 2230
f 702 665 2230
f 702 2230 2229
f 1643 702 2229
f 1643 2229 2228
f 2080 2081 2248
f 2080 2248 2250
f 2079 2080 2250
f 2079 2250 2251
f 2078 2079 2251
f 2078 2251 2252
f 1682 2078 2252
f 1682 2252 1679
f 1692 1917 1915
f 1692 1915 1688
f 1693 1692 1688
f 1693 1688 1687
f 1703 1693 1687
f 1703 1687 1701
f 1710 1703 1701
f 1710 1701 1709
f 1716 1717 1710
f 1716 1710 1709
f 1724 1717 1716
f 1724 1716 1723
f 1759 1724 1723
f 1759 1723 1758
f 1766 1764 1759
f 1766 1759 1758
f 1770 1772 1775
f 1770 1775 1771
f 1789 1771 1775
f 1789 1775 1790
f 1793 1789 1790
f 1793 1790 1795
f 1797 1793 1795
f 1797 1795 1799
f 1800 1797 1799
f 1800 1799 1802
f 1802 1805 1806
f 1802 1806 1800
f 1678 2048 2253
f 1678 2253 1804
f 2253 2048 1679
f 2253 1679 2252
f 1804 2253 2254
f 1804 2254 1805
f 2254 2253 2252
f 2254 2252 2251
f 2251 2250 2255
f 2251 2255 2254
f 2255 2250 2248
f 2255 2248 2246
f 1806 1805 2254
f 1806 2254 2255
f 1807 1806 2255
f 1807 2255 2246
f 2256 1785 1784
f 2256 1784 2257
f 2257 1784 59
f 2257 59 2258
f 2258 59 58
f 2258 58 1562
f 2259 2258 1562
f 2259 1562 799
f 8 2259 799
f 8 799 9
f 1786 1776 1767
f 1786 1767 1787
f 1776 1773 1765
f 1776 1765 1767
f 1773 1772 1766
f 1773 1766 1765
f 1772 1770 1764
f 1772 1764 1766
f 1763 1764 1770
f 1763 1770 1768
f 1768 26 1607
f 1768 1607 1763
f 1604 1607 26
f 1604 26 25
f 29 35 1604
f 29 1604 25
f 32 35 29
f 32 29 28
f 94 32 28
f 94 28 31
f 31 20 95
f 31 95 94
f 20 19 102
f 20 102 95
f 19 124 103
f 19 103 102
f 956 103 124
f 956 124 954
f 957 956 954
f 957 954 953
f 953 2043 1831
f 953 1831 957
f 1830 1831 2043
f 1830 2043 2042
f 2041 236 1830
f 2041 1830 2042
f 2041 2040 230
f 2041 230 236
f 2040 2039 231
f 2040 231 230
f 2039 2038 210
f 2039 210 231
f 2036 211 210
f 2036 210 2038
f 2241 211 2036
f 2241 2036 2035
f 214 2241 2035
f 214 2035 2034
f 2034 2033 215
f 2034 215 214
f 2032 2031 227
f 2032 227 226
f 257 227 2031
f 257 2031 2030
f 1787 1755 1746
f 1787 1746 1748
f 8 1786 2260
f 8 2260 2259
f 1748 1750 2261
f 1748 2261 1787
f 1787 2261 2260
f 1787 2260 1786
f 1512 1578 1586
f 1512 1586 1587
f 1575 1578 1512
f 1575 1512 1510
f 1576 1575 1510
f 1576 1510 1511
f 1508 1571 1576
f 1508 1576 1511
f 1572 1571 1508
f 1572 1508 1509
f 1570 1572 1509
f 1570 1509 1522
f 1522 1518 1515
f 1522 1515 1570
f 768 1515 1518
f 768 1518 771
f 451 768 771
f 451 771 491
f 452 451 491
f 452 491 494
f 412 452 494
f 412 494 544
f 413 412 544
f 413 544 900
f 1469 413 900
f 1469 900 1471
f 196 195 1632
f 196 1632 2238
f 2238 1593 1602
f 2238 1602 196
f 1593 1590 1589
f 1593 1589 1602
f 1268 1242 1589
f 1268 1589 1590
f 1243 1242 1268
f 1243 1268 1267
f 1252 1374 1243
f 1252 1243 1267
f 1375 1374 1252
f 1375 1252 1246
f 1376 1375 1246
f 1376 1246 1245
f 1380 1381 1376
f 1380 1376 1245
f 1288 1381 1380
f 1288 1380 1379
f 1378 1289 1288
f 1378 1288 1379
f 1949 1950 1289
f 1949 1289 1378
f 1998 1996 1950
f 1998 1950 1949
f 2023 2022 1669
f 2023 1669 1668
f 2024 2023 1668
f 2024 1668 1125
f 2025 2024 1125
f 2025 1125 1121
f 2026 2025 1121
f 2026 1121 1422
f 2027 2026 1422
f 2027 1422 1424
f 2028 2027 1424
f 2028 1424 1612
f 2028 1612 75
f 2028 75 2029
f 2029 75 72
f 2029 72 1783
f 1778 2029 1783
f 1778 1783 1782
f 1754 1778 1782
f 1754 1782 1785
f 1752 1754 1785
f 1752 1785 2256
f 2259 2260 2257
f 2259 2257 2258
f 2260 2261 2256
f 2260 2256 2257
f 2256 2261 1750
f 2256 1750 1752
f 978 1960 844
f 978 844 966
f 1960 1959 845
f 1960 845 844
f 1959 1963 1470
f 1959 1470 845
f 1963 1034 1471
f 1963 1471 1470
f 1034 1030 1469
f 1034 1469 1471
f 2262 2263 2264
f 2262 2264 2265
f 2264 2266 2267
f 2264 2267 2265
f 2268 2269 2270
f 2268 2270 2271
f 2272 2273 2274
f 2272 2274 2275
f 2276 2277 2275
f 2276 2275 2274
f 2278 2279 2273
f 2278 2273 2272
f 2280 2274 2273
f 2280 2273 2281
f 2282 2283 2284
f 2282 2284 2285
f 2285 2284 2286
f 2285 2286 2287
f 2288 2289 2290
f 2288 2290 2291
f 2281 2273 2279
f 2281 2279 2292
f 2293 2294 2295
f 2293 2295 2296
f 2289 2297 2298
f 2289 2298 2290
f 2299 2300 2301
f 2299 2301 2302
f 2303 2304 2305
f 2303 2305 2306
f 2307 2308 2304
f 2307 2304 2303
f 2307 2309 2310
f 2307 2310 2308
f 2311 2312 2313
f 2311 2313 2314
f 2305 2315 2316
f 2305 2316 2306
f 2317 2318 2315
f 2317 2315 2305
f 2319 2301 2300
f 2319 2300 2320
f 2314 2313 2321
f 2314 2321 2322
f 2323 2314 2322
f 2323 2322 2324
f 2325 2311 2314
f 2325 2314 2323
f 2326 2327 2328
f 2326 2328 2329
f 2326 2329 2330
f 2326 2330 2331
f 2331 2304 2308
f 2331 2308 2326
f 2317 2305 2304
f 2317 2304 2331
f 2331 2330 2332
f 2331 2332 2317
f 2332 2333 2318
f 2332 2318 2317
f 2332 2330 2334
f 2332 2334 2335
f 2335 2336 2333
f 2335 2333 2332
f 2323 2337 2338
f 2323 2338 2325
f 2323 2324 2339
f 2323 2339 2337
f 2340 2341 2338
f 2340 2338 2337
f 2329 2328 2342
f 2329 2342 2343
f 2344 2339 2324
f 2344 2324 2345
f 2345 2346 2347
f 2345 2347 2348
f 2348 2349 2344
f 2348 2344 2345
f 2324 2322 2346
f 2324 2346 2345
f 2321 2350 2346
f 2321 2346 2322
f 2351 2352 2339
f 2351 2339 2344
f 2344 2349 2353
f 2344 2353 2351
f 2346 2350 2354
f 2346 2354 2347
f 2355 2356 2357
f 2355 2357 2358
f 2359 2360 2361
f 2359 2361 2362
f 2363 2364 2365
f 2363 2365 2366
f 2362 2361 2367
f 2362 2367 2368
f 2369 2370 2371
f 2369 2371 2372
f 2373 2374 2370
f 2373 2370 2369
f 2375 2376 2374
f 2375 2374 2373
f 2377 2378 2376
f 2377 2376 2375
f 2379 2380 2381
f 2379 2381 2360
f 2382 2383 2381
f 2382 2381 2380
f 2384 2379 2360
f 2384 2360 2359
f 2358 2357 2364
f 2358 2364 2363
f 2385 2276 2274
f 2385 2274 2280
f 2386 2387 2388
f 2386 2388 2389
f 2390 2391 2392
f 2390 2392 2393
f 2394 2395 2396
f 2394 2396 2397
f 2393 2392 2398
f 2393 2398 2399
f 2400 2401 2387
f 2400 2387 2386
f 2402 2388 2387
f 2402 2387 2403
f 2404 2348 2347
f 2404 2347 2403
f 2403 2347 2354
f 2403 2354 2402
f 2405 2406 2407
f 2405 2407 2408
f 2409 2405 2408
f 2409 2408 2410
f 2411 2409 2410
f 2411 2410 2412
f 2413 2414 2415
f 2413 2415 2416
f 2414 2413 2417
f 2414 2417 2418
f 2419 2420 2416
f 2419 2416 2415
f 2421 2349 2348
f 2421 2348 2404
f 2422 2421 2404
f 2422 2404 2401
f 2423 2424 2421
f 2423 2421 2422
f 2425 2423 2422
f 2425 2422 2426
f 2426 2422 2401
f 2426 2401 2400
f 2399 2398 2427
f 2399 2427 2428
f 2428 2427 2429
f 2428 2429 2430
f 2424 2353 2349
f 2424 2349 2421
f 2330 2329 2343
f 2330 2343 2334
f 2340 2337 2339
f 2340 2339 2352
f 2431 2411 2412
f 2431 2412 2432
f 2404 2403 2387
f 2404 2387 2401
f 2433 2434 2435
f 2433 2435 2436
f 2437 2438 2439
f 2437 2439 2440
f 2441 2442 2438
f 2441 2438 2437
f 2443 2444 2445
f 2443 2445 2446
f 2446 2445 2447
f 2446 2447 2448
f 2397 2396 2444
f 2397 2444 2443
f 2449 2450 2451
f 2449 2451 2452
f 2453 2454 2455
f 2453 2455 2456
f 2453 2457 2458
f 2453 2458 2454
f 2377 2459 2460
f 2377 2460 2378
f 2461 2462 2463
f 2461 2463 2464
f 2465 209 208
f 2465 208 2466
f 2467 2468 2469
f 2467 2469 2470
f 2471 2472 2473
f 2471 2473 2474
f 2475 2476 2477
f 2475 2477 2478
f 2479 2480 2481
f 2479 2481 2482
f 2483 2484 2485
f 2483 2485 2486
f 2487 2488 2489
f 2487 2489 2490
f 2418 2417 2491
f 2418 2491 2492
f 2481 2480 2492
f 2481 2492 2491
f 2490 2489 2468
f 2490 2468 2467
f 2493 2494 2488
f 2493 2488 2487
f 2495 2496 2497
f 2495 2497 2498
f 2450 2499 2500
f 2450 2500 2451
f 2436 2435 2442
f 2436 2442 2441
f 2438 2501 2502
f 2438 2502 2439
f 2503 2504 2435
f 2503 2435 2434
f 2442 2435 2504
f 2442 2504 2505
f 2505 2501 2438
f 2505 2438 2442
f 2506 2507 2508
f 2506 2508 2509
f 2510 2511 2509
f 2510 2509 2508
f 2512 2513 2511
f 2512 2511 2510
f 2465 2466 2514
f 2465 2514 2515
f 2485 258 257
f 2485 257 2486
f 2516 2517 2518
f 2516 2518 2519
f 263 264 2517
f 263 2517 2516
f 2520 2521 2522
f 2520 2522 2523
f 2524 2525 2526
f 2524 2526 2527
f 2523 2524 2527
f 2523 2527 2520
f 2528 2522 2521
f 2528 2521 2529
f 2528 2529 2530
f 2528 2530 2531
f 2532 2533 2534
f 2532 2534 2535
f 2536 2526 2525
f 2536 2525 2537
f 2538 2539 2540
f 2538 2540 2541
f 2541 2540 2536
f 2541 2536 2537
f 2542 2543 2544
f 2542 2544 2545
f 2546 2547 2548
f 2546 2548 2549
f 2550 2548 2547
f 2550 2547 2551
f 2552 2553 2554
f 2552 2554 2555
f 2555 2556 2557
f 2555 2557 2552
f 2558 2559 2560
f 2558 2560 2561
f 2562 2563 2548
f 2562 2548 2550
f 2564 2565 2557
f 2564 2557 2556
f 2566 2567 2565
f 2566 2565 2564
f 2568 2569 2570
f 2568 2570 2571
f 2572 2573 2574
f 2572 2574 2575
f 2575 2576 2577
f 2575 2577 2572
f 2578 2563 2579
f 2578 2579 2580
f 2581 2579 2563
f 2581 2563 2562
f 2576 2582 2583
f 2576 2583 2577
f 2584 2585 2573
f 2584 2573 2572
f 2586 2587 2588
f 2586 2588 2589
f 2582 2590 2591
f 2582 2591 2583
f 2584 2572 2577
f 2584 2577 2592
f 2593 2594 2595
f 2593 2595 2596
f 2597 2595 2594
f 2597 2594 2598
f 2599 2589 2588
f 2599 2588 2600
f 2600 2601 2602
f 2600 2602 2599
f 2590 2603 2604
f 2590 2604 2591
f 2592 2577 2583
f 2592 2583 2605
f 2606 2607 2585
f 2606 2585 2584
f 2584 2592 2608
f 2584 2608 2606
f 2609 2610 2611
f 2609 2611 2612
f 2596 2595 2610
f 2596 2610 2609
f 2613 2610 2595
f 2613 2595 2597
f 2614 2611 2610
f 2614 2610 2613
f 2615 2616 2617
f 2615 2617 2618
f 2603 2619 2620
f 2603 2620 2604
f 2605 2583 2591
f 2605 2591 2621
f 2592 2605 2622
f 2592 2622 2608
f 2621 2591 2604
f 2621 2604 2623
f 2604 2620 2624
f 2604 2624 2623
f 2605 2621 2625
f 2605 2625 2622
f 2621 2623 2626
f 2621 2626 2625
f 2613 2627 2628
f 2613 2628 2614
f 2629 2630 2631
f 2629 2631 2632
f 2633 2634 2635
f 2633 2635 2636
f 2637 2638 2635
f 2637 2635 2634
f 2630 2639 2640
f 2630 2640 2631
f 2641 2642 2643
f 2641 2643 2644
f 2645 2646 2647
f 2645 2647 2648
f 2644 2643 2649
f 2644 2649 2650
f 2647 2651 2652
f 2647 2652 2648
f 2653 2641 2644
f 2653 2644 2654
f 2655 2656 2657
f 2655 2657 2658
f 2659 2660 2661
f 2659 2661 2662
f 2663 2664 2662
f 2663 2662 2661
f 2665 2666 2667
f 2665 2667 2668
f 2669 2670 2658
f 2669 2658 2657
f 2654 2644 2650
f 2654 2650 2671
f 2672 2673 2674
f 2672 2674 2675
f 2676 2677 2678
f 2676 2678 2679
f 2680 2681 2682
f 2680 2682 2683
f 2684 2685 2686
f 2684 2686 2687
f 2659 2686 2685
f 2659 2685 2660
f 2688 2689 2672
f 2688 2672 2675
f 2690 2691 2673
f 2690 2673 2672
f 2692 2693 2694
f 2692 2694 2695
f 2683 2682 2696
f 2683 2696 2697
f 2677 2676 2698
f 2677 2698 2699
f 2700 2701 2702
f 2700 2702 2703
f 2704 2705 2706
f 2704 2706 2707
f 2689 2708 2690
f 2689 2690 2672
f 2709 2710 2695
f 2709 2695 2694
f 2693 2711 2712
f 2693 2712 2694
f 2713 2714 2715
f 2713 2715 2716
f 2717 2718 2719
f 2717 2719 2720
f 2719 2721 2722
f 2719 2722 2720
f 2723 2724 2714
f 2723 2714 2713
f 2725 2726 2727
f 2725 2727 2728
f 2702 2725 2728
f 2702 2728 2703
f 2694 2712 2729
f 2694 2729 2709
f 2730 2731 2732
f 2730 2732 2733
f 2730 2734 2735
f 2730 2735 2731
f 2711 2736 2737
f 2711 2737 2712
f 2738 2739 2740
f 2738 2740 2741
f 2742 2743 2744
f 2742 2744 2745
f 2745 2744 2718
f 2745 2718 2717
f 2716 2715 2741
f 2716 2741 2740
f 2746 2747 2748
f 2746 2748 2749
f 2750 2751 2752
f 2750 2752 2753
f 2731 2735 2754
f 2731 2754 2755
f 2731 2755 2756
f 2731 2756 2732
f 2712 2737 2757
f 2712 2757 2729
f 2758 2759 2760
f 2758 2760 2761
f 2733 2732 2758
f 2733 2758 2761
f 2762 2763 2764
f 2762 2764 2765
f 2766 2767 2768
f 2766 2768 2769
f 2770 2771 2772
f 2770 2772 2773
f 2726 2772 2771
f 2726 2771 2727
f 2755 2774 2775
f 2755 2775 2756
f 2776 2777 2759
f 2776 2759 2758
f 2732 2756 2776
f 2732 2776 2758
f 2778 2779 2780
f 2778 2780 2781
f 2782 2783 2784
f 2782 2784 2785
f 2786 2787 2788
f 2786 2788 2789
f 2789 2788 2763
f 2789 2763 2762
f 2769 2768 2785
f 2769 2785 2784
f 2790 2770 2773
f 2790 2773 2791
f 2792 2793 2794
f 2792 2794 2795
f 2796 2797 2265
f 2796 2265 2267
f 2747 2798 2799
f 2747 2799 2748
f 2705 2665 2668
f 2705 2668 2706
f 2756 2775 2800
f 2756 2800 2776
f 2801 2777 2776
f 2801 2776 2800
f 2779 2802 2803
f 2779 2803 2780
f 2804 2805 2806
f 2804 2806 2807
f 2781 2780 2804
f 2781 2804 2807
f 2808 2809 2810
f 2808 2810 2811
f 2812 2790 2791
f 2812 2791 2813
f 2265 2797 2814
f 2265 2814 2262
f 2802 2815 2816
f 2802 2816 2803
f 2817 2818 2805
f 2817 2805 2804
f 2780 2803 2817
f 2780 2817 2804
f 2819 2820 2821
f 2819 2821 2822
f 2823 2824 2825
f 2823 2825 2826
f 2825 2824 2787
f 2825 2787 2786
f 2783 2782 2820
f 2783 2820 2819
f 2827 2828 2829
f 2827 2829 2830
f 2811 2831 2832
f 2811 2832 2808
f 2833 2818 2817
f 2833 2817 2834
f 2803 2816 2834
f 2803 2834 2817
f 2835 2836 2837
f 2835 2837 2838
f 2806 2805 2837
f 2806 2837 2836
f 2822 2821 2839
f 2822 2839 2840
f 2841 2842 2823
f 2841 2823 2826
f 2843 2844 2845
f 2843 2845 2846
f 2847 2848 2849
f 2847 2849 2850
f 2851 2503 2434
f 2851 2434 2845
f 2846 2845 2434
f 2846 2434 2433
f 2852 2853 2503
f 2852 2503 2851
f 2854 2855 2856
f 2854 2856 2857
f 2858 2859 2860
f 2858 2860 2861
f 2805 2818 2862
f 2805 2862 2837
f 2838 2837 2862
f 2838 2862 2863
f 2835 2838 2864
f 2835 2864 2865
f 2840 2839 2866
f 2840 2866 2867
f 2868 2869 2870
f 2868 2870 2871
f 2872 2873 2874
f 2872 2874 2875
f 2876 2842 2841
f 2876 2841 2877
f 2878 2851 2845
f 2878 2845 2844
f 2879 2852 2851
f 2879 2851 2878
f 2854 2880 2881
f 2854 2881 2855
f 2858 2882 2883
f 2858 2883 2859
f 2884 2885 2886
f 2884 2886 2887
f 2818 2833 2888
f 2818 2888 2862
f 2863 2862 2888
f 2863 2888 2889
f 2838 2863 2890
f 2838 2890 2864
f 2891 2865 2864
f 2891 2864 2892
f 2893 2894 2895
f 2893 2895 2896
f 2897 2898 2871
f 2897 2871 2870
f 2899 2900 2901
f 2899 2901 2902
f 2903 2904 2905
f 2903 2905 2906
f 2907 2908 2872
f 2907 2872 2875
f 2909 2910 2911
f 2909 2911 2912
f 2913 2914 2915
f 2913 2915 2916
f 2917 2918 2919
f 2917 2919 2920
f 2921 2922 2923
f 2921 2923 2924
f 2884 2925 2926
f 2884 2926 2885
f 2927 2884 2887
f 2927 2887 2928
f 2929 2890 2863
f 2929 2863 2889
f 2892 2864 2890
f 2892 2890 2930
f 2896 2895 2931
f 2896 2931 2932
f 2896 2933 2934
f 2896 2934 2893
f 2935 2936 2937
f 2935 2937 2938
f 2939 2940 2941
f 2939 2941 2942
f 2943 2944 2945
f 2943 2945 2946
f 2947 2948 2949
f 2947 2949 2950
f 2951 2952 2953
f 2951 2953 2954
f 2914 2913 2955
f 2914 2955 2956
f 2918 2917 2957
f 2918 2957 2958
f 2959 2960 2961
f 2959 2961 2962
f 2963 2964 2965
f 2963 2965 2966
f 2927 2967 2925
f 2927 2925 2884
f 2968 2927 2928
f 2968 2928 2969
f 2930 2890 2929
f 2930 2929 2970
f 2932 2931 2971
f 2932 2971 2972
f 2932 2973 2933
f 2932 2933 2896
f 2936 2974 2975
f 2936 2975 2937
f 2976 2977 2978
f 2976 2978 2979
f 2980 2981 2982
f 2980 2982 2983
f 2944 2943 2984
f 2944 2984 2985
f 2986 2987 2948
f 2986 2948 2947
f 2985 2984 2988
f 2985 2988 2989
f 2990 2991 2987
f 2990 2987 2986
f 2965 2964 2992
f 2965 2992 2993
f 2994 2959 2962
f 2994 2962 2995
f 2996 2997 2964
f 2996 2964 2963
f 2968 2998 2967
f 2968 2967 2927
f 2999 2973 2932
f 2999 2932 2972
f 2974 3000 3001
f 2974 3001 2975
f 3002 3003 2977
f 3002 2977 2976
f 3004 3005 2981
f 3004 2981 2980
f 2982 2981 3006
f 2982 3006 3007
f 3007 3006 3008
f 3007 3008 3009
f 2964 2997 3010
f 2964 3010 2992
f 3011 2994 2995
f 3011 2995 3012
f 3013 2997 2996
f 3013 2996 3014
f 3015 3005 3004
f 3015 3004 3016
f 3017 3003 3002
f 3017 3002 3018
f 2981 3005 3019
f 2981 3019 3006
f 3006 3019 3020
f 3006 3020 3008
f 2997 3013 3021
f 2997 3021 3010
f 3022 2704 2707
f 3022 2707 3023
f 3005 3015 3024
f 3005 3024 3019
f 3019 3024 3025
f 3019 3025 3020
f 2749 3026 3027
f 2749 3027 2746
f 3028 3029 3030
f 3028 3030 3031
f 3032 3033 3034
f 3032 3034 3035
f 3036 3032 3035
f 3036 3035 3037
f 3037 3038 3039
f 3037 3039 3036
f 3039 3038 3040
f 3039 3040 3041
f 2505 3042 3043
f 2505 3043 2501
f 2505 2504 3044
f 2505 3044 3042
f 2503 2853 3044
f 2503 3044 2504
f 2393 3045 3046
f 2393 3046 2390
f 2399 3047 3045
f 2399 3045 2393
f 2428 3048 3047
f 2428 3047 2399
f 2430 3049 3048
f 2430 3048 2428
f 3050 3051 3052
f 3050 3052 3053
f 2269 2637 2634
f 2269 2634 2270
f 3054 2270 2634
f 3054 2634 2633
f 2319 2645 2648
f 2319 2648 2301
f 2301 2648 2652
f 2301 2652 2302
f 2316 2663 2661
f 2316 2661 2306
f 2306 2661 2660
f 2306 2660 2303
f 2309 2307 2685
f 2309 2685 2684
f 2685 2307 2303
f 2685 2303 2660
f 264 801 3055
f 264 3055 2517
f 2517 3055 3056
f 2517 3056 2518
f 2476 3057 3058
f 2476 3058 2477
f 2544 2558 2561
f 2544 2561 2545
f 2538 2543 2542
f 2538 2542 2539
f 3059 3060 3028
f 3059 3028 3031
f 3061 3062 3060
f 3061 3060 3059
f 2618 2617 2283
f 2618 2283 2282
f 3063 3064 3065
f 3063 3065 3066
f 3067 3068 3069
f 3067 3069 3070
f 3063 2656 2655
f 3063 2655 3064
f 3071 3072 3073
f 3071 3073 3074
f 3072 3075 3076
f 3072 3076 3073
f 3072 2673 2691
f 3072 2691 3075
f 3071 2674 2673
f 3071 2673 3072
f 2708 3077 3078
f 2708 3078 2690
f 3079 2691 2690
f 3079 2690 3078
f 3075 2691 3079
f 3075 3079 3080
f 3075 3080 3081
f 3075 3081 3076
f 3082 3083 3084
f 3082 3084 3085
f 3085 3084 3086
f 3085 3086 3087
f 3088 3089 3066
f 3088 3066 3065
f 3090 3091 3074
f 3090 3074 3073
f 3073 3076 3092
f 3073 3092 3090
f 3076 3081 3093
f 3076 3093 3092
f 3087 3086 3094
f 3087 3094 3095
f 2312 2700 2703
f 2312 2703 2313
f 2703 2728 2321
f 2703 2321 2313
f 2727 2350 2321
f 2727 2321 2728
f 2727 2771 2354
f 2727 2354 2350
f 2402 2354 2771
f 2402 2771 2770
f 2790 2388 2402
f 2790 2402 2770
f 2389 2388 2790
f 2389 2790 2812
f 2390 3046 2809
f 2390 2809 2808
f 2808 2832 2391
f 2808 2391 2390
f 2828 3034 3033
f 2828 3033 2829
f 2850 2849 2395
f 2850 2395 2394
f 3096 3097 3098
f 3096 3098 3099
f 3100 3096 3099
f 3100 3099 3101
f 3101 3102 3103
f 3101 3103 3100
f 2799 3104 3096
f 2799 3096 3100
f 3102 3105 3106
f 3102 3106 3103
f 3105 3107 3108
f 3105 3108 3106
f 2623 2624 3109
f 2623 3109 2626
f 2278 3030 3029
f 2278 3029 2297
f 3057 3110 3111
f 3057 3111 3058
f 3110 858 859
f 3110 859 3111
f 3112 3058 3111
f 3112 3111 3113
f 2559 2479 3114
f 2559 3114 3115
f 2559 2558 2480
f 2559 2480 2479
f 2544 2492 2480
f 2544 2480 2558
f 2543 2418 2492
f 2543 2492 2544
f 2538 2414 2418
f 2538 2418 2543
f 2541 2415 2414
f 2541 2414 2538
f 3111 859 864
f 3111 864 3113
f 2525 3116 2419
f 2525 2419 2537
f 2415 2541 2537
f 2415 2537 2419
f 2554 2524 2523
f 2554 2523 2555
f 2555 2523 2522
f 2555 2522 2556
f 2528 2564 2556
f 2528 2556 2522
f 2531 2566 2564
f 2531 2564 2528
f 2549 2548 2563
f 2549 2563 2578
f 2532 2568 2571
f 2532 2571 2533
f 3117 3116 2554
f 3117 2554 2553
f 2554 3116 2525
f 2554 2525 2524
f 3118 3119 3120
f 3118 3120 3121
f 3121 3120 3031
f 3121 3031 3030
f 3118 2275 2277
f 3118 2277 3122
f 3121 2272 2275
f 3121 2275 3118
f 2278 2272 3121
f 2278 3121 3030
f 2297 3029 3123
f 2297 3123 2298
f 3122 3124 3119
f 3122 3119 3118
f 3069 3125 2642
f 3069 2642 2641
f 3126 2629 2632
f 3126 2632 3127
f 3068 3128 3125
f 3068 3125 3069
f 3129 3130 3131
f 3129 3131 3132
f 3133 3130 3129
f 3133 3129 3134
f 3134 3061 3059
f 3134 3059 3133
f 3130 3119 3124
f 3130 3124 3131
f 3120 3119 3130
f 3120 3130 3133
f 3133 3059 3031
f 3133 3031 3120
f 3135 3136 3137
f 3135 3137 3138
f 3138 3137 3139
f 3138 3139 3140
f 3140 3139 891
f 3140 891 890
f 3141 3142 3143
f 3141 3143 3144
f 3136 3145 3146
f 3136 3146 3137
f 3137 3146 3147
f 3137 3147 3139
f 3139 3147 899
f 3139 899 891
f 2798 3148 3104
f 2798 3104 2799
f 3029 3028 3149
f 3029 3149 3123
f 3150 3151 3068
f 3150 3068 3067
f 3151 3152 3128
f 3151 3128 3068
f 3106 3108 3026
f 3106 3026 2749
f 3153 3154 2635
f 3153 2635 2638
f 2636 2635 3154
f 2636 3154 3155
f 2678 2677 2647
f 2678 2647 2646
f 2677 2699 2651
f 2677 2651 2647
f 2662 2664 2721
f 2662 2721 2719
f 2662 2719 2718
f 2662 2718 2659
f 2718 2744 2686
f 2718 2686 2659
f 2744 2743 2687
f 2744 2687 2686
f 2702 2701 2764
f 2702 2764 2763
f 3144 3143 3156
f 3144 3156 3157
f 2763 2788 2725
f 2763 2725 2702
f 3157 3156 3158
f 3157 3158 3159
f 2788 2787 2726
f 2788 2726 2725
f 3160 3161 3162
f 3160 3162 3163
f 2787 2824 2772
f 2787 2772 2726
f 3161 3135 3138
f 3161 3138 3162
f 2773 2772 2824
f 2773 2824 2823
f 2823 2842 2791
f 2823 2791 2773
f 3163 3162 3164
f 3163 3164 3165
f 2813 2791 2842
f 2813 2842 2876
f 3162 3138 3140
f 3162 3140 3164
f 2811 2810 2873
f 2811 2873 2872
f 3165 3164 919
f 3165 919 918
f 2872 2908 2831
f 2872 2831 2811
f 2905 2904 2827
f 2905 2827 2830
f 2953 2952 2848
f 2953 2848 2847
f 2949 2948 2844
f 2949 2844 2843
f 3166 3167 2751
f 3166 2751 2750
f 3168 3169 3167
f 3168 3167 3166
f 2987 2878 2844
f 2987 2844 2948
f 2879 2878 2987
f 2879 2987 2991
f 3095 3094 3170
f 3095 3170 3171
f 3172 3173 3092
f 3172 3092 3093
f 3174 3175 3091
f 3174 3091 3090
f 3106 2749 2748
f 3106 2748 3103
f 2799 3100 3103
f 2799 3103 2748
f 3090 3092 3173
f 3090 3173 3174
f 3176 3177 2616
f 3176 2616 2615
f 3028 3060 3178
f 3028 3178 3149
f 3060 3062 3179
f 3060 3179 3178
f 3151 3180 3181
f 3151 3181 3152
f 3062 3182 3183
f 3062 3183 3179
f 3184 3185 3186
f 3184 3186 3187
f 3187 3186 3188
f 3187 3188 3189
f 3190 2666 2665
f 3190 2665 3169
f 3167 2705 2704
f 3167 2704 2751
f 3191 3126 3127
f 3191 3127 3192
f 3169 2665 2705
f 3169 2705 3167
f 3182 3191 3192
f 3182 3192 3183
f 2276 3193 3194
f 2276 3194 2277
f 3193 3117 2553
f 3193 2553 3194
f 3195 3196 2368
f 3195 2368 2367
f 3197 3196 3195
f 3197 3195 3198
f 3199 3117 3193
f 3199 3193 3200
f 3200 3193 2276
f 3200 2276 2385
f 3201 3202 2366
f 3201 2366 2365
f 3201 3203 3204
f 3201 3204 3202
f 2586 3205 3206
f 2586 3206 2587
f 3205 2570 2569
f 3205 2569 3206
f 3207 3208 2594
f 3207 2594 2593
f 2580 2579 3208
f 2580 3208 3207
f 2598 2594 3208
f 2598 3208 3209
f 3209 3208 2579
f 3209 2579 2581
f 3209 2581 3210
f 3209 3210 3211
f 2608 3212 3213
f 2608 3213 2606
f 3214 3101 3099
f 3214 3099 3212
f 2622 3214 3212
f 2622 3212 2608
f 3215 3102 3101
f 3215 3101 3214
f 2625 3215 3214
f 2625 3214 2622
f 3216 3105 3102
f 3216 3102 3215
f 2626 3216 3215
f 2626 3215 2625
f 3109 3217 3216
f 3109 3216 2626
f 3216 3217 3107
f 3216 3107 3105
f 2630 2614 2628
f 2630 2628 2639
f 2552 3218 3194
f 2552 3194 2553
f 3218 3122 2277
f 3218 2277 3194
f 3219 3124 3122
f 3219 3122 3218
f 3219 3218 2552
f 3219 2552 2557
f 3124 3219 3220
f 3124 3220 3131
f 3219 2557 2565
f 3219 2565 3220
f 3131 3220 3221
f 3131 3221 3132
f 3220 2565 2567
f 3220 2567 3221
f 3222 3223 3197
f 3222 3197 3198
f 3213 3224 2607
f 3213 2607 2606
f 2289 2279 2278
f 2289 2278 2297
f 2292 2279 2289
f 2292 2289 2288
f 2409 2411 2382
f 2409 2382 2380
f 2405 2409 2380
f 2405 2380 2379
f 2384 2406 2405
f 2384 2405 2379
f 2382 2411 2431
f 2382 2431 3225
f 2293 2356 2355
f 2293 2355 2294
f 2601 3191 3182
f 2601 3182 2602
f 2612 2611 2629
f 2612 2629 3126
f 2630 2629 2611
f 2630 2611 2614
f 2513 2512 3226
f 2513 3226 3227
f 2624 3228 3229
f 2624 3229 3109
f 2620 3230 3228
f 2620 3228 2624
f 3231 3232 3233
f 3231 3233 3234
f 989 3235 3236
f 989 3236 990
f 3234 3236 3235
f 3234 3235 3231
f 3237 3233 3232
f 3237 3232 3238
f 3147 3239 995
f 3147 995 899
f 3146 3240 3239
f 3146 3239 3147
f 3145 3241 3240
f 3145 3240 3146
f 3242 3243 3244
f 3242 3244 3245
f 3229 3228 3246
f 3229 3246 3247
f 3239 3248 1005
f 3239 1005 995
f 3240 3249 3248
f 3240 3248 3239
f 3241 3250 3249
f 3241 3249 3240
f 3251 3252 3243
f 3251 3243 3242
f 3228 3230 3253
f 3228 3253 3246
f 1005 3248 3235
f 1005 3235 989
f 3231 3235 3248
f 3231 3248 3249
f 3254 3255 3256
f 3254 3256 3257
f 3256 3255 3258
f 3256 3258 3259
f 3259 3258 3260
f 3259 3260 3261
f 3262 3263 3264
f 3262 3264 3265
f 3266 3267 3268
f 3266 3268 3269
f 3267 3270 3271
f 3267 3271 3268
f 3272 3273 3274
f 3272 3274 3275
f 3273 3272 3276
f 3273 3276 3277
f 3278 2975 3001
f 3278 3001 3279
f 3280 2937 2975
f 3280 2975 3278
f 3281 2938 2937
f 3281 2937 3280
f 2902 2901 3282
f 2902 3282 3283
f 3284 2904 2903
f 3284 2903 3285
f 3286 2827 2904
f 3286 2904 3284
f 3287 2828 2827
f 3287 2827 3286
f 3288 3034 2828
f 3288 2828 3287
f 3289 3035 3034
f 3289 3034 3288
f 3290 3037 3035
f 3290 3035 3289
f 3291 3038 3037
f 3291 3037 3290
f 3292 3040 3038
f 3292 3038 3291
f 2974 2973 2999
f 2974 2999 3000
f 2936 2933 2973
f 2936 2973 2974
f 2935 2934 2933
f 2935 2933 2936
f 2898 2897 2900
f 2898 2900 2899
f 2906 2905 2908
f 2906 2908 2907
f 2908 2905 2830
f 2908 2830 2831
f 2829 2832 2831
f 2829 2831 2830
f 3033 2391 2832
f 3033 2832 2829
f 3032 2392 2391
f 3032 2391 3033
f 2398 2392 3032
f 2398 3032 3036
f 3036 3039 2427
f 3036 2427 2398
f 2427 3039 3041
f 2427 3041 2429
f 3229 3293 3217
f 3229 3217 3109
f 3142 3141 3245
f 3142 3245 3244
f 3247 3294 3293
f 3247 3293 3229
f 2533 2531 2530
f 2533 2530 2534
f 2571 2566 2531
f 2571 2531 2533
f 2571 2570 2567
f 2571 2567 2566
f 3205 3221 2567
f 3205 2567 2570
f 2586 3132 3221
f 2586 3221 3205
f 3132 2586 2589
f 3132 2589 3129
f 3134 3129 2589
f 3134 2589 2599
f 2599 2602 3061
f 2599 3061 3134
f 2602 3182 3062
f 2602 3062 3061
f 2601 2612 3126
f 2601 3126 3191
f 2600 2609 2612
f 2600 2612 2601
f 2600 2588 2596
f 2600 2596 2609
f 2587 2593 2596
f 2587 2596 2588
f 3206 3207 2593
f 3206 2593 2587
f 3206 2569 2580
f 3206 2580 3207
f 2568 2578 2580
f 2568 2580 2569
f 2532 2549 2578
f 2532 2578 2568
f 2549 2532 2535
f 2549 2535 2546
f 3295 3296 2352
f 3295 2352 2351
f 3297 3298 3299
f 3297 3299 3300
f 3301 3302 3303
f 3301 3303 3304
f 3305 3301 3304
f 3305 3304 3306
f 3307 3308 3303
f 3307 3303 3300
f 3302 3297 3300
f 3302 3300 3303
f 3309 3310 3311
f 3309 3311 3312
f 3312 3311 2423
f 3312 2423 2425
f 3313 3314 2430
f 3313 2430 2429
f 3315 3316 3317
f 3315 3317 3318
f 3314 3313 3319
f 3314 3319 3320
f 3316 3315 2448
f 3316 2448 2447
f 3321 3322 2440
f 3321 2440 2439
f 3323 3324 3325
f 3323 3325 3310
f 3310 3325 3326
f 3310 3326 3311
f 3325 3327 3328
f 3325 3328 3326
f 3329 3330 3331
f 3329 3331 3332
f 3333 3323 3310
f 3333 3310 3309
f 3320 3319 3334
f 3320 3334 3335
f 3318 3317 3336
f 3318 3336 3337
f 3338 3339 3340
f 3338 3340 3341
f 3342 3343 3344
f 3342 3344 3345
f 3346 3347 3348
f 3346 3348 3349
f 3350 3351 3352
f 3350 3352 3353
f 3353 3352 3354
f 3353 3354 3355
f 3356 3357 3329
f 3356 3329 3358
f 3358 3329 3332
f 3358 3332 3359
f 3311 3326 2424
f 3311 2424 2423
f 3326 3328 2353
f 3326 2353 2424
f 3360 3361 3362
f 3360 3362 3363
f 3364 3365 3360
f 3364 3360 3363
f 3366 3367 3361
f 3366 3361 3360
f 3360 3365 3368
f 3360 3368 3366
f 3369 3370 3371
f 3369 3371 3372
f 3373 3374 3375
f 3373 3375 3376
f 3377 3378 3379
f 3377 3379 3380
f 3376 3375 3381
f 3376 3381 3382
f 3383 3384 3385
f 3383 3385 3386
f 3385 3378 3377
f 3385 3377 3386
f 3387 3388 3389
f 3387 3389 3390
f 3391 3392 3393
f 3391 3393 3394
f 3395 3396 3397
f 3395 3397 3398
f 3308 3399 3397
f 3308 3397 3396
f 3400 3401 3388
f 3400 3388 3387
f 3402 3403 3404
f 3402 3404 3405
f 3406 3407 3408
f 3406 3408 3409
f 3369 3410 3411
f 3369 3411 3370
f 3371 3412 3413
f 3371 3413 3372
f 3414 3415 3416
f 3414 3416 3417
f 3418 3419 3420
f 3418 3420 3421
f 3417 3422 3423
f 3417 3423 3414
f 3424 3425 3426
f 3424 3426 3427
f 3428 3429 3430
f 3428 3430 3431
f 3430 3429 3432
f 3430 3432 3433
f 3396 3304 3303
f 3396 3303 3308
f 3434 3399 3308
f 3434 3308 3307
f 3401 3400 3435
f 3401 3435 3436
f 3300 3299 3437
f 3300 3437 3307
f 3306 3304 3396
f 3306 3396 3395
f 3438 3439 3440
f 3438 3440 3441
f 3442 3365 3364
f 3442 3364 3443
f 3444 3445 3439
f 3444 3439 3438
f 3446 3447 3448
f 3446 3448 3449
f 3449 3448 3450
f 3449 3450 3451
f 3452 3453 3454
f 3452 3454 3455
f 3454 3453 3456
f 3454 3456 3457
f 3355 3354 3445
f 3355 3445 3444
f 3364 3363 3458
f 3364 3458 3357
f 3443 3364 3357
f 3443 3357 3356
f 3459 3368 3365
f 3459 3365 3442
f 3460 3461 3462
f 3460 3462 3463
f 3464 3465 3461
f 3464 3461 3460
f 3466 3467 3468
f 3466 3468 3469
f 3455 3454 3470
f 3455 3470 3471
f 3454 3457 3472
f 3454 3472 3470
f 3473 3474 3475
f 3473 3475 3476
f 3477 3478 3474
f 3477 3474 3473
f 3479 3480 3481
f 3479 3481 3482
f 3483 3484 3485
f 3483 3485 3486
f 3487 3488 3489
f 3487 3489 3490
f 3491 3492 3432
f 3491 3432 3429
f 3493 3494 3490
f 3493 3490 3489
f 3495 3496 3493
f 3495 3493 3489
f 3497 3498 3499
f 3497 3499 3500
f 3501 3502 3503
f 3501 3503 3504
f 3505 3506 3507
f 3505 3507 3508
f 3507 3509 3510
f 3507 3510 3508
f 3328 3295 2351
f 3328 2351 2353
f 3357 3458 3330
f 3357 3330 3329
f 3349 3348 3511
f 3349 3511 3512
f 3513 3514 3453
f 3513 3453 3452
f 3343 3515 3516
f 3343 3516 3514
f 3517 3518 3519
f 3517 3519 3520
f 3521 3515 3343
f 3521 3343 3342
f 3522 3523 3518
f 3522 3518 3517
f 3519 3524 3525
f 3519 3525 3478
f 3520 3519 3478
f 3520 3478 3477
f 3518 3526 3524
f 3518 3524 3519
f 3527 3526 3518
f 3527 3518 3523
f 3340 3339 3528
f 3340 3528 3529
f 3456 3453 3514
f 3456 3514 3516
f 3344 3343 3514
f 3344 3514 3513
f 3512 3511 3447
f 3512 3447 3446
f 3530 3491 3531
f 3530 3531 3532
f 3531 3491 3429
f 3531 3429 3428
f 3500 3499 3533
f 3500 3533 3534
f 3481 3480 3535
f 3481 3535 3536
f 3537 3495 3489
f 3537 3489 3488
f 3322 3321 3339
f 3322 3339 3338
f 3377 3376 3382
f 3377 3382 3386
f 3380 3373 3376
f 3380 3376 3377
f 3405 3404 3394
f 3405 3394 3393
f 3375 3538 3539
f 3375 3539 3381
f 3374 3540 3538
f 3374 3538 3375
f 3541 3542 3403
f 3541 3403 3402
f 3543 3544 3545
f 3543 3545 3546
f 3411 3423 3422
f 3411 3422 3370
f 3409 3408 3547
f 3409 3547 3548
f 3538 3369 3372
f 3538 3372 3539
f 3540 3410 3369
f 3540 3369 3538
f 3542 3541 3407
f 3542 3407 3406
f 3382 3549 3383
f 3382 3383 3386
f 3550 3469 3468
f 3550 3468 3551
f 3552 3474 3478
f 3552 3478 3525
f 3553 3554 3555
f 3553 3555 3426
f 3427 3426 3555
f 3427 3555 3556
f 3557 3475 3474
f 3557 3474 3552
f 3558 3559 3560
f 3558 3560 3561
f 3495 3537 3533
f 3495 3533 3499
f 3499 3498 3496
f 3499 3496 3495
f 3505 3503 3502
f 3505 3502 3506
f 3562 3563 3502
f 3562 3502 3501
f 3564 3565 3563
f 3564 3563 3562
f 3566 3567 3565
f 3566 3565 3564
f 3568 3569 3567
f 3568 3567 3566
f 3570 3571 3572
f 3570 3572 3573
f 2507 2506 3574
f 2507 3574 3575
f 3553 3576 3484
f 3553 3484 3483
f 3576 3553 3426
f 3576 3426 3425
f 3575 3574 3571
f 3575 3571 3570
f 3577 3578 3041
f 3577 3041 3040
f 3579 3580 3578
f 3579 3578 3577
f 3580 3579 3581
f 3580 3581 3582
f 3583 3584 3585
f 3583 3585 3586
f 3585 3584 3587
f 3585 3587 3588
f 3589 3590 3588
f 3589 3588 3587
f 3589 3591 3592
f 3589 3592 3590
f 3592 3591 3593
f 3592 3593 3594
f 3595 3596 3597
f 3595 3597 3598
f 3457 3473 3476
f 3457 3476 3472
f 3456 3477 3473
f 3456 3473 3457
f 3516 3520 3477
f 3516 3477 3456
f 3515 3517 3520
f 3515 3520 3516
f 3522 3517 3515
f 3522 3515 3521
f 3528 3599 3600
f 3528 3600 3529
f 3314 3601 3049
f 3314 3049 2430
f 3320 3602 3601
f 3320 3601 3314
f 3335 3603 3602
f 3335 3602 3320
f 3353 3604 3605
f 3353 3605 3350
f 3355 3606 3604
f 3355 3604 3353
f 3444 3607 3606
f 3444 3606 3355
f 3438 3608 3607
f 3438 3607 3444
f 3441 3609 3608
f 3441 3608 3438
f 3610 3611 3612
f 3610 3612 3613
f 3467 3466 3479
f 3467 3479 3482
f 3433 3432 3614
f 3433 3614 3615
f 3614 3616 3617
f 3614 3617 3615
f 3614 3618 3619
f 3614 3619 3616
f 3432 3492 3618
f 3432 3618 3614
f 3534 3533 3620
f 3534 3620 3621
f 3537 3622 3620
f 3537 3620 3533
f 3492 3491 3530
f 3492 3530 3623
f 3624 3577 3040
f 3624 3040 3292
f 3625 3579 3577
f 3625 3577 3624
f 3626 3581 3579
f 3626 3579 3625
f 3627 3584 3583
f 3627 3583 3628
f 3629 3587 3584
f 3629 3584 3627
f 3630 3589 3587
f 3630 3587 3629
f 3631 3591 3589
f 3631 3589 3630
f 3632 3593 3591
f 3632 3591 3631
f 3596 3595 3633
f 3596 3633 3634
f 3578 3313 2429
f 3578 2429 3041
f 3580 3319 3313
f 3580 3313 3578
f 3319 3580 3582
f 3319 3582 3334
f 3586 3585 3352
f 3586 3352 3351
f 3352 3585 3588
f 3352 3588 3354
f 3590 3445 3354
f 3590 3354 3588
f 3592 3439 3445
f 3592 3445 3590
f 3439 3592 3594
f 3439 3594 3440
f 3598 3597 3635
f 3598 3635 3636
f 3637 3638 3436
f 3637 3436 3435
f 3639 3434 3307
f 3639 3307 3437
f 3332 3331 3324
f 3332 3324 3323
f 3359 3332 3323
f 3359 3323 3333
f 3350 3605 3603
f 3350 3603 3335
f 3335 3334 3351
f 3335 3351 3350
f 3582 3586 3351
f 3582 3351 3334
f 3581 3583 3586
f 3581 3586 3582
f 3628 3583 3581
f 3628 3581 3626
f 3337 3336 3347
f 3337 3347 3346
f 3340 3342 3345
f 3340 3345 3341
f 3521 3342 3340
f 3521 3340 3529
f 3600 3522 3521
f 3600 3521 3529
f 3600 3559 3523
f 3600 3523 3522
f 3558 3527 3523
f 3558 3523 3559
f 3573 3572 3569
f 3573 3569 3568
f 3324 3640 3327
f 3324 3327 3325
f 3331 3641 3640
f 3331 3640 3324
f 3363 3362 3642
f 3363 3642 3458
f 3458 3642 3643
f 3458 3643 3330
f 3330 3643 3641
f 3330 3641 3331
f 3644 2342 2328
f 3644 2328 3645
f 2328 2327 3646
f 2328 3646 3645
f 2327 2310 3647
f 2327 3647 3646
f 2310 2309 3648
f 2310 3648 3647
f 2309 2684 3649
f 2309 3649 3648
f 2684 2687 3650
f 2684 3650 3649
f 3650 2687 2743
f 3650 2743 3651
f 2743 2742 3652
f 2743 3652 3651
f 2739 2738 3653
f 2739 3653 3654
f 2760 2759 3655
f 2760 3655 3656
f 2759 2777 3657
f 2759 3657 3655
f 2777 2801 3658
f 2777 3658 3657
f 3659 3660 3661
f 3659 3661 3662
f 3362 3361 3663
f 3362 3663 3664
f 2326 2308 2310
f 2326 2310 2327
f 3663 3665 3666
f 3663 3666 3664
f 3664 3666 3667
f 3664 3667 3668
f 3664 3668 3642
f 3664 3642 3362
f 3668 3667 3669
f 3668 3669 3670
f 3668 3670 3643
f 3668 3643 3642
f 3657 3658 2815
f 3657 2815 2802
f 2779 3655 3657
f 2779 3657 2802
f 2778 3656 3655
f 2778 3655 2779
f 3654 3653 2767
f 3654 2767 2766
f 2765 2764 3651
f 2765 3651 3652
f 3651 2764 2701
f 3651 2701 3650
f 2700 3649 3650
f 2700 3650 2701
f 2312 3648 3649
f 2312 3649 2700
f 2311 3647 3648
f 2311 3648 2312
f 3646 3647 2311
f 3646 2311 2325
f 2325 2338 3645
f 2325 3645 3646
f 3645 2338 2341
f 3645 2341 3644
f 3641 3643 3670
f 3641 3670 3671
f 3641 3671 3672
f 3641 3672 3640
f 3671 3673 3674
f 3671 3674 3672
f 3670 3669 3673
f 3670 3673 3671
f 3672 3675 3327
f 3672 3327 3640
f 3672 3674 3676
f 3672 3676 3675
f 3622 3537 3488
f 3622 3488 3487
f 3492 3623 3619
f 3492 3619 3618
f 3070 3069 2641
f 3070 2641 2653
f 3677 2574 2573
f 3677 2573 3678
f 2573 2585 3679
f 2573 3679 3678
f 3680 2550 2551
f 3680 2551 3681
f 2550 3680 3682
f 2550 3682 2562
f 3683 3684 3685
f 3683 3685 3686
f 3687 3688 3689
f 3687 3689 3690
f 3679 2585 2607
f 3679 2607 3691
f 2562 3682 3210
f 2562 3210 2581
f 3692 3693 3688
f 3692 3688 3687
f 3257 3256 3694
f 3257 3694 3695
f 3256 3259 3696
f 3256 3696 3694
f 3259 3261 3697
f 3259 3697 3696
f 3265 3264 3698
f 3265 3698 3699
f 3269 3268 3700
f 3269 3700 3701
f 3271 3702 3700
f 3271 3700 3268
f 3224 3703 3691
f 3224 3691 2607
f 3704 3705 3706
f 3704 3706 3707
f 3708 3190 3169
f 3708 3169 3168
f 3707 3698 3701
f 3707 3701 3704
f 3709 3699 3698
f 3709 3698 3707
f 2666 3710 3711
f 2666 3711 2667
f 3700 3702 3190
f 3700 3190 3708
f 3104 3712 3097
f 3104 3097 3096
f 3148 3713 3712
f 3148 3712 3104
f 3702 3710 2666
f 3702 2666 3190
f 3273 3711 3710
f 3273 3710 3274
f 3685 3083 3082
f 3685 3082 3686
f 3293 3714 3107
f 3293 3107 3217
f 3294 3715 3714
f 3294 3714 3293
f 3716 3717 3695
f 3716 3695 3694
f 3718 3719 3720
f 3718 3720 3692
f 3692 3720 3721
f 3692 3721 3693
f 3722 3723 3717
f 3722 3717 3716
f 3719 3724 3725
f 3719 3725 3720
f 3720 3725 3726
f 3720 3726 3721
f 3705 3727 3728
f 3705 3728 3706
f 3729 3730 3723
f 3729 3723 3722
f 3724 3731 3732
f 3724 3732 3725
f 3725 3732 3733
f 3725 3733 3726
f 3734 3709 3707
f 3734 3707 3706
f 3735 3734 3706
f 3735 3706 3728
f 3727 3736 3737
f 3727 3737 3728
f 3738 3739 3730
f 3738 3730 3729
f 3731 3740 3741
f 3731 3741 3732
f 3732 3741 3742
f 3732 3742 3733
f 3743 3735 3728
f 3743 3728 3737
f 3736 3744 3745
f 3736 3745 3737
f 3714 3746 3108
f 3714 3108 3107
f 3715 3747 3746
f 3715 3746 3714
f 3746 3748 3026
f 3746 3026 3108
f 3747 3749 3748
f 3747 3748 3746
f 3750 3751 3159
f 3750 3159 3158
f 3752 3753 3160
f 3752 3160 3163
f 3163 3165 3754
f 3163 3754 3752
f 2751 2704 3022
f 2751 3022 2752
f 3755 3743 3737
f 3755 3737 3745
f 3756 3022 3023
f 3756 3023 3757
f 2753 2752 3758
f 2753 3758 3759
f 3026 3748 3760
f 3026 3760 3027
f 3756 3758 2752
f 3756 2752 3022
f 3744 3761 3762
f 3744 3762 3745
f 3762 3763 3755
f 3762 3755 3745
f 3749 3764 3760
f 3749 3760 3748
f 3765 3766 3767
f 3765 3767 3768
f 3766 3765 3769
f 3766 3769 3770
f 3771 3767 3766
f 3771 3766 3772
f 3772 3766 3770
f 3772 3770 3773
f 3774 3775 2793
f 3774 2793 2792
f 3776 3777 3778
f 3776 3778 3779
f 3780 3777 3776
f 3780 3776 3781
f 3777 3782 3783
f 3777 3783 3778
f 3782 3777 3780
f 3782 3780 3784
f 3768 3767 3758
f 3768 3758 3756
f 3759 3758 3767
f 3759 3767 3771
f 3779 3778 3762
f 3779 3762 3761
f 3778 3783 3763
f 3778 3763 3762
f 3782 3785 3786
f 3782 3786 3783
f 3783 3786 3787
f 3783 3787 3763
f 3788 3755 3763
f 3788 3763 3787
f 3755 3788 3789
f 3755 3789 3743
f 3743 3789 3790
f 3743 3790 3735
f 3735 3790 3791
f 3735 3791 3734
f 3734 3791 3792
f 3734 3792 3709
f 3709 3792 3697
f 3709 3697 3699
f 3784 3793 3785
f 3784 3785 3782
f 3731 3730 3739
f 3731 3739 3740
f 3724 3723 3730
f 3724 3730 3731
f 3719 3717 3723
f 3719 3723 3724
f 3718 3695 3717
f 3718 3717 3719
f 2267 2266 3784
f 2267 3784 3780
f 3781 2796 2267
f 3781 2267 3780
f 3773 3770 3775
f 3773 3775 3774
f 3794 3795 2736
f 3794 2736 2711
f 2693 3796 3794
f 2693 3794 2711
f 2692 3797 3796
f 2692 3796 2693
f 3798 3799 2681
f 3798 2681 2680
f 2679 2678 3800
f 2679 3800 3801
f 3800 2678 2646
f 3800 2646 3802
f 2645 3803 3802
f 2645 3802 2646
f 2319 3804 3803
f 2319 3803 2645
f 3395 3378 3385
f 3395 3385 3306
f 3398 3379 3378
f 3398 3378 3395
f 3392 3391 3390
f 3392 3390 3389
f 3805 3806 3795
f 3805 3795 3794
f 3794 3796 3807
f 3794 3807 3805
f 3796 3797 3808
f 3796 3808 3807
f 3799 3798 3809
f 3799 3809 3810
f 3801 3800 3155
f 3801 3155 3811
f 3155 3800 3802
f 3155 3802 2636
f 3803 2633 2636
f 3803 2636 3802
f 3804 3054 2633
f 3804 2633 3803
f 3384 3305 3306
f 3384 3306 3385
f 3768 3756 3757
f 3768 3757 3812
f 3769 3765 3813
f 3769 3813 3814
f 3815 3816 3817
f 3815 3817 3818
f 3819 3815 3818
f 3819 3818 3820
f 3816 3775 3770
f 3816 3770 3769
f 3775 3816 3815
f 3775 3815 2793
f 3819 2794 2793
f 3819 2793 3815
f 2266 3821 3793
f 2266 3793 3784
f 2262 1581 1580
f 2262 1580 2263
f 2814 1582 1581
f 2814 1581 2262
f 2795 2794 1584
f 2795 1584 1583
f 1585 1584 2794
f 1585 2794 3819
f 1586 1585 3819
f 1586 3819 3820
f 918 1587 3754
f 918 3754 3165
f 3164 3140 890
f 3164 890 919
f 3817 3816 3769
f 3817 3769 3814
f 3554 3553 3483
f 3554 3483 3822
f 3823 3822 3483
f 3823 3483 3486
f 3507 3824 3825
f 3507 3825 3509
f 3506 3826 3824
f 3506 3824 3507
f 3824 3827 3828
f 3824 3828 3825
f 3565 3829 3826
f 3565 3826 3563
f 3506 3502 3563
f 3506 3563 3826
f 3189 3188 3830
f 3189 3830 3831
f 3831 3830 3832
f 3831 3832 3833
f 3833 3832 3834
f 3833 3834 3835
f 3675 3676 3296
f 3675 3296 3295
f 3675 3295 3328
f 3675 3328 3327
f 3836 3837 3822
f 3836 3822 3823
f 2455 2454 3837
f 2455 3837 3836
f 3838 3839 3840
f 3838 3840 3841
f 3837 3842 3843
f 3837 3843 3822
f 2454 2458 3842
f 2454 3842 3837
f 2457 3844 3845
f 2457 3845 2458
f 3846 3847 2336
f 3846 2336 2335
f 3666 3665 3847
f 3666 3847 3846
f 3296 3848 2340
f 3296 2340 2352
f 3666 3846 3849
f 3666 3849 3667
f 3667 3849 3850
f 3667 3850 3669
f 3669 3850 3851
f 3669 3851 3673
f 3674 3852 3853
f 3674 3853 3676
f 3673 3851 3852
f 3673 3852 3674
f 3676 3853 3848
f 3676 3848 3296
f 3849 3846 2335
f 3849 2335 2334
f 3850 3849 2334
f 3850 2334 2343
f 3851 3850 2343
f 3851 2343 2342
f 3853 3852 3644
f 3853 3644 2341
f 3852 3851 2342
f 3852 2342 3644
f 3848 3853 2341
f 3848 2341 2340
f 3854 3855 3856
f 3854 3856 3857
f 3855 3858 3859
f 3855 3859 3856
f 3858 3860 3861
f 3858 3861 3859
f 3862 3863 3864
f 3862 3864 3865
f 3856 3866 3867
f 3856 3867 3857
f 3859 3868 3866
f 3859 3866 3856
f 3869 3870 3871
f 3869 3871 3872
f 3863 3862 3873
f 3863 3873 3874
f 1641 1642 3227
f 1641 3227 3226
f 2957 1644 1643
f 2957 1643 2958
f 2992 1646 1645
f 2992 1645 2993
f 3021 1648 1647
f 3021 1647 3010
f 2955 1650 1649
f 2955 1649 2956
f 3010 1647 1646
f 3010 1646 2992
f 3871 1651 1652
f 3871 1652 3872
f 1652 1654 3875
f 1652 3875 3872
f 3860 3865 3864
f 3860 3864 3861
f 3876 3863 3874
f 3876 3874 3877
f 3878 3869 3872
f 3878 3872 3875
f 3861 3879 3868
f 3861 3868 3859
f 3863 3876 3880
f 3863 3880 3864
f 3225 3881 2383
f 3225 2383 2382
f 3882 3883 3884
f 3882 3884 3881
f 2360 2381 3885
f 2360 3885 2361
f 3884 3886 2383
f 3884 2383 3881
f 3886 3885 2381
f 3886 2381 2383
f 3887 2263 1580
f 3887 1580 1667
f 3465 3464 3888
f 3465 3888 3889
f 3613 3612 3636
f 3613 3636 3635
f 2501 3043 3890
f 2501 3890 2502
f 3891 3892 3893
f 3891 3893 3894
f 3894 3895 3896
f 3894 3896 3891
f 3153 3897 3898
f 3153 3898 3154
f 3899 3900 3901
f 3899 3901 3902
f 3903 3896 3895
f 3903 3895 3904
f 3155 3154 3898
f 3155 3898 3811
f 3902 3901 3810
f 3902 3810 3809
f 3808 3904 3895
f 3808 3895 3807
f 3807 3895 3894
f 3807 3894 3805
f 3894 3893 3806
f 3894 3806 3805
f 3905 3845 3844
f 3905 3844 3906
f 3907 3908 3909
f 3907 3909 3910
f 3911 3912 3913
f 3911 3913 3914
f 3834 3832 3912
f 3834 3912 3911
f 3909 3908 3915
f 3909 3915 3916
f 3917 3918 3919
f 3917 3919 3920
f 3921 3922 3908
f 3921 3908 3907
f 3912 3923 3924
f 3912 3924 3913
f 3832 3830 3923
f 3832 3923 3912
f 3908 3922 3925
f 3908 3925 3915
f 3915 3925 3918
f 3915 3918 3917
f 3918 3926 3927
f 3918 3927 3919
f 3921 3928 3929
f 3921 3929 3922
f 3923 3930 3931
f 3923 3931 3924
f 3830 3188 3930
f 3830 3930 3923
f 3922 3929 3932
f 3922 3932 3925
f 3925 3932 3926
f 3925 3926 3918
f 3933 3927 3926
f 3933 3926 3934
f 3935 3929 3928
f 3935 3928 3936
f 3931 3930 3937
f 3931 3937 3938
f 3937 3930 3188
f 3937 3188 3186
f 3939 3932 3929
f 3939 3929 3935
f 3934 3926 3932
f 3934 3932 3939
f 3934 3940 3941
f 3934 3941 3933
f 3936 3942 3943
f 3936 3943 3935
f 3937 3944 3945
f 3937 3945 3938
f 3186 3185 3944
f 3186 3944 3937
f 3935 3943 3946
f 3935 3946 3939
f 3939 3946 3940
f 3939 3940 3934
f 3947 3948 3949
f 3947 3949 3950
f 3950 3949 3845
f 3950 3845 3905
f 3916 3915 3917
f 3916 3917 3951
f 3951 3917 3920
f 3951 3920 3952
f 3953 3954 3920
f 3953 3920 3919
f 3954 3953 3955
f 3954 3955 3413
f 3956 3953 3919
f 3956 3919 3927
f 3953 3956 3957
f 3953 3957 3955
f 3958 3956 3927
f 3958 3927 3933
f 3549 3957 3956
f 3549 3956 3958
f 3959 3960 2496
f 3959 2496 2495
f 3561 3560 3960
f 3561 3960 3959
f 3955 3539 3372
f 3955 3372 3413
f 3957 3381 3539
f 3957 3539 3955
f 3382 3381 3957
f 3382 3957 3549
f 3961 3962 3948
f 3961 3948 3947
f 3413 3412 3963
f 3413 3963 3954
f 3545 3544 3962
f 3545 3962 3961
f 3954 3963 3952
f 3954 3952 3920
f 3964 3958 3933
f 3964 3933 3941
f 3958 3964 3383
f 3958 3383 3549
f 3965 3964 3941
f 3965 3941 3966
f 3964 3965 3384
f 3964 3384 3383
f 3965 3967 3305
f 3965 3305 3384
f 3967 3965 3966
f 3967 3966 3968
f 3969 3967 3968
f 3969 3968 3970
f 3967 3969 3301
f 3967 3301 3305
f 3971 3969 3970
f 3971 3970 3972
f 3969 3971 3302
f 3969 3302 3301
f 3973 3971 3972
f 3973 3972 3974
f 3971 3973 3297
f 3971 3297 3302
f 3946 3975 3976
f 3946 3976 3940
f 3943 3977 3975
f 3943 3975 3946
f 3942 3978 3977
f 3942 3977 3943
f 3944 3979 3980
f 3944 3980 3945
f 3185 3840 3979
f 3185 3979 3944
f 3184 3841 3840
f 3184 3840 3185
f 2293 2296 2407
f 2293 2407 2406
f 2406 2384 2356
f 2406 2356 2293
f 2384 2359 2357
f 2384 2357 2356
f 2362 2364 2357
f 2362 2357 2359
f 2364 2362 2368
f 2364 2368 2365
f 3196 3201 2365
f 3196 2365 2368
f 3196 3197 3203
f 3196 3203 3201
f 3223 3981 3203
f 3223 3203 3197
f 2371 2370 2494
f 2371 2494 3982
f 2374 2488 2494
f 2374 2494 2370
f 2488 2374 2376
f 2488 2376 2489
f 2489 2376 2378
f 2489 2378 2468
f 2469 2468 2378
f 2469 2378 2460
f 2462 2473 2472
f 2462 2472 2463
f 2484 2514 2466
f 2484 2466 2485
f 2466 208 258
f 2466 258 2485
f 3983 3979 3840
f 3983 3840 3839
f 3980 3979 3983
f 3980 3983 3984
f 3985 3977 3978
f 3985 3978 3986
f 3987 3975 3977
f 3987 3977 3985
f 2286 2284 3988
f 2286 3988 3989
f 3989 3988 3990
f 3989 3990 3991
f 3992 3993 3994
f 3992 3994 3995
f 3995 3994 2268
f 3995 2268 3996
f 3997 3973 3974
f 3997 3974 3998
f 3973 3997 3298
f 3973 3298 3297
f 2774 2755 2754
f 2774 2754 3999
f 4000 4001 2300
f 4000 2300 2299
f 4002 4001 4000
f 4002 4000 4003
f 4001 4004 2320
f 4001 2320 2300
f 4001 4002 4005
f 4001 4005 4004
f 3996 2268 2271
f 3996 2271 4006
f 4007 3976 3975
f 4007 3975 3987
f 2284 2283 4008
f 2284 4008 3988
f 3988 4008 4009
f 3988 4009 3990
f 4010 4011 3994
f 4010 3994 3993
f 3994 4011 2269
f 3994 2269 2268
f 2283 2617 4012
f 2283 4012 4008
f 4008 4012 4013
f 4008 4013 4009
f 4010 4014 4015
f 4010 4015 4011
f 4011 4015 2637
f 4011 2637 2269
f 2617 2616 4016
f 2617 4016 4012
f 4012 4016 4017
f 4012 4017 4013
f 4014 4018 4019
f 4014 4019 4015
f 4015 4019 2638
f 4015 2638 2637
f 4016 4020 4021
f 4016 4021 4017
f 4022 4023 4019
f 4022 4019 4018
f 4019 4023 3153
f 4019 3153 2638
f 4024 4023 4022
f 4024 4022 4025
f 4023 4024 3897
f 4023 3897 3153
f 4021 4020 4026
f 4021 4026 4027
f 4028 4029 4030
f 4028 4030 4031
f 4031 4030 4032
f 4031 4032 4033
f 4032 4034 4035
f 4032 4035 4033
f 4035 4034 3896
f 4035 3896 3903
f 4029 4036 4037
f 4029 4037 4030
f 4030 4037 4038
f 4030 4038 4032
f 4038 4039 4034
f 4038 4034 4032
f 4034 4039 3891
f 4034 3891 3896
f 4036 4040 4041
f 4036 4041 4037
f 4037 4041 4042
f 4037 4042 4038
f 4043 4039 4038
f 4043 4038 4042
f 4039 4043 3892
f 4039 3892 3891
f 3940 3976 3966
f 3940 3966 3941
f 3181 3180 3177
f 3181 3177 3176
f 3174 4029 4028
f 3174 4028 3175
f 3174 3173 4036
f 3174 4036 4029
f 4040 4036 3173
f 4040 3173 3172
f 3171 3170 4044
f 3171 4044 4045
f 2996 2994 3011
f 2996 3011 3014
f 2963 2959 2994
f 2963 2994 2996
f 2966 2960 2959
f 2966 2959 2963
f 2915 2910 2909
f 2915 2909 2916
f 2922 2921 2920
f 2922 2920 2919
f 4046 3050 3053
f 4046 3053 4047
f 4048 4049 3050
f 4048 3050 4046
f 3528 4049 4048
f 3528 4048 3599
f 2371 3223 3222
f 2371 3222 2372
f 3981 3223 2371
f 3981 2371 3982
f 4050 3982 2494
f 4050 2494 2493
f 3982 4050 4051
f 3982 4051 3981
f 3204 3203 3981
f 3204 3981 4051
f 4045 4044 4052
f 4045 4052 4053
f 4053 4052 4054
f 4053 4054 4055
f 4054 4056 4057
f 4054 4057 4055
f 4057 4056 4058
f 4057 4058 4059
f 4059 4058 4060
f 4059 4060 4061
f 4060 4062 4063
f 4060 4063 4061
f 4063 4062 4064
f 4063 4064 4065
f 4065 4064 4066
f 4065 4066 4067
f 4066 4068 4069
f 4066 4069 4067
f 4068 4070 4071
f 4068 4071 4069
f 4072 4073 4074
f 4072 4074 4075
f 4074 4073 4076
f 4074 4076 4077
f 4078 4079 4080
f 4078 4080 4081
f 4082 4083 4084
f 4082 4084 4085
f 4080 4079 4083
f 4080 4083 4082
f 4084 4086 4087
f 4084 4087 4085
f 4086 4088 4089
f 4086 4089 4087
f 4090 4091 4092
f 4090 4092 4093
f 4094 4095 4096
f 4094 4096 4097
f 4092 4098 4099
f 4092 4099 4093
f 4100 4101 4102
f 4100 4102 4103
f 4104 4105 4106
f 4104 4106 4107
f 4106 4105 4108
f 4106 4108 4109
f 4109 4108 4110
f 4109 4110 4111
f 4096 4112 4113
f 4096 4113 4097
f 4099 4098 4095
f 4099 4095 4094
f 4077 4076 4114
f 4077 4114 4115
f 4116 4117 4118
f 4116 4118 4119
f 4119 4118 4078
f 4119 4078 4081
f 4120 4121 4122
f 4120 4122 4123
f 4123 4122 4117
f 4123 4117 4116
f 4114 4121 4120
f 4114 4120 4115
f 4124 2431 2432
f 4124 2432 4125
f 4124 4126 3225
f 4124 3225 2431
f 3861 3864 3880
f 3861 3880 3879
f 2969 2928 4127
f 2969 4127 4128
f 2928 2887 4129
f 2928 4129 4127
f 2887 2886 4130
f 2887 4130 4129
f 2857 2856 4131
f 2857 4131 4132
f 2432 3833 3835
f 2432 3835 4125
f 2412 3831 3833
f 2412 3833 2432
f 2410 3189 3831
f 2410 3831 2412
f 2408 3187 3189
f 2408 3189 2410
f 2407 3184 3187
f 2407 3187 2408
f 2296 3841 3184
f 2296 3184 2407
f 3838 3841 2296
f 3838 2296 2295
f 2290 2285 2287
f 2290 2287 2291
f 2298 2282 2285
f 2298 2285 2290
f 3123 2618 2282
f 3123 2282 2298
f 3149 2615 2618
f 3149 2618 3123
f 3178 3176 2615
f 3178 2615 3149
f 3181 3176 3178
f 3181 3178 3179
f 3181 3179 3183
f 3181 3183 3152
f 3152 3183 3192
f 3152 3192 3128
f 3128 3192 3127
f 3128 3127 3125
f 2632 2642 3125
f 2632 3125 3127
f 2643 2642 2632
f 2643 2632 2631
f 2649 2643 2631
f 2649 2631 2640
f 3274 3271 3270
f 3274 3270 3275
f 3710 3702 3271
f 3710 3271 3274
f 2498 2497 4133
f 2498 4133 4134
f 4126 3882 3881
f 4126 3881 3225
f 3546 3545 3412
f 3546 3412 3371
f 3961 3963 3412
f 3961 3412 3545
f 3963 3961 3947
f 3963 3947 3952
f 3950 3951 3952
f 3950 3952 3947
f 3905 3916 3951
f 3905 3951 3950
f 3906 3909 3916
f 3906 3916 3905
f 4135 3910 3909
f 4135 3909 3906
f 4136 3911 3914
f 4136 3914 4137
f 4138 3834 3911
f 4138 3911 4136
f 4139 3835 3834
f 4139 3834 4138
f 4125 3835 4139
f 4125 4139 4140
f 4124 4125 4140
f 4124 4140 4141
f 4142 4126 4124
f 4142 4124 4141
f 4142 4143 3882
f 4142 3882 4126
f 4144 4145 4143
f 4144 4143 4146
f 4147 4148 4144
f 4147 4144 4146
f 4149 4148 4147
f 4149 4147 4150
f 4151 4152 4153
f 4151 4153 4154
f 4155 4156 4157
f 4155 4157 4158
f 4155 1940 1939
f 4155 1939 4156
f 3883 3882 4143
f 3883 4143 4145
f 3546 3422 3417
f 3546 3417 3543
f 3417 3416 4159
f 3417 4159 3543
f 3371 3370 3422
f 3371 3422 3546
f 3845 3949 3842
f 3845 3842 2458
f 3949 3948 3843
f 3949 3843 3842
f 3962 4160 3843
f 3962 3843 3948
f 3544 4161 4160
f 3544 4160 3962
f 4159 4161 3544
f 4159 3544 3543
f 4160 3554 3822
f 4160 3822 3843
f 1641 3226 4162
f 1641 4162 1944
f 2512 4163 4162
f 2512 4162 3226
f 4163 2512 2510
f 4163 2510 4134
f 2498 4134 2510
f 2498 2510 2508
f 2495 2498 2508
f 2495 2508 2507
f 3575 3959 2495
f 3575 2495 2507
f 3570 3561 3959
f 3570 3959 3575
f 3573 3558 3561
f 3573 3561 3570
f 3568 3527 3558
f 3568 3558 3573
f 3566 3526 3527
f 3566 3527 3568
f 3526 3566 3564
f 3526 3564 3524
f 3524 3564 3562
f 3524 3562 3525
f 3501 3552 3525
f 3501 3525 3562
f 3504 3557 3552
f 3504 3552 3501
f 3534 4164 4165
f 3534 4165 3500
f 3621 4166 4164
f 3621 4164 3534
f 3532 3531 4167
f 3532 4167 4168
f 3428 4169 4167
f 3428 4167 3531
f 3662 3424 3427
f 3662 3427 3659
f 3556 3660 3659
f 3556 3659 3427
f 3556 4159 3416
f 3556 3416 3660
f 3555 4161 4159
f 3555 4159 3556
f 3554 4160 4161
f 3554 4161 3555
f 3415 3661 3660
f 3415 3660 3416
f 4170 4171 3419
f 4170 3419 3418
f 4172 4173 4171
f 4172 4171 4170
f 2598 4174 4175
f 2598 4175 2597
f 2597 4175 2627
f 2597 2627 2613
f 3209 3211 4174
f 3209 4174 2598
f 4176 4177 4178
f 4176 4178 4179
f 4180 4181 4177
f 4180 4177 4176
f 3276 4181 4180
f 3276 4180 3277
f 4179 4178 3703
f 4179 3703 3224
f 3212 3099 3098
f 3212 3098 3213
f 3528 3339 3321
f 3528 3321 4182
f 4182 3321 2439
f 4182 2439 2502
f 3043 2450 2449
f 3043 2449 3890
f 3043 3042 2499
f 3043 2499 2450
f 2995 2967 2998
f 2995 2998 3012
f 2962 2925 2967
f 2962 2967 2995
f 2961 2926 2925
f 2961 2925 2962
f 2911 2881 2880
f 2911 2880 2912
f 2924 2923 2883
f 2924 2883 2882
f 3051 2449 2452
f 3051 2452 3052
f 4183 4182 2502
f 4183 2502 3890
f 3051 4183 3890
f 3051 3890 2449
f 4183 4049 3528
f 4183 3528 4182
f 3051 3050 4049
f 3051 4049 4183
f 3251 3242 3246
f 3251 3246 3253
f 3242 3245 3247
f 3242 3247 3246
f 3245 3141 3294
f 3245 3294 3247
f 3141 3144 3715
f 3141 3715 3294
f 3144 3157 3747
f 3144 3747 3715
f 3157 3159 3749
f 3157 3749 3747
f 3764 3749 3159
f 3764 3159 3751
f 3768 3812 3813
f 3768 3813 3765
f 3158 3160 3753
f 3158 3753 3750
f 3156 3161 3160
f 3156 3160 3158
f 3143 3135 3161
f 3143 3161 3156
f 3142 3136 3135
f 3142 3135 3143
f 3244 3145 3136
f 3244 3136 3142
f 3243 3241 3145
f 3243 3145 3244
f 3252 3250 3241
f 3252 3241 3243
f 3690 3689 3684
f 3690 3684 3683
f 2708 3255 3254
f 2708 3254 3077
f 2689 3258 3255
f 2689 3255 2708
f 2688 3260 3258
f 2688 3258 2689
f 2669 3263 3262
f 2669 3262 2670
f 2671 2650 3267
f 2671 3267 3266
f 2649 3270 3267
f 2649 3267 2650
f 3275 3270 2649
f 3275 2649 2640
f 3272 3275 2640
f 3272 2640 2639
f 2639 2628 3276
f 2639 3276 3272
f 2628 2627 4181
f 2628 4181 3276
f 4175 4177 4181
f 4175 4181 2627
f 4174 4178 4177
f 4174 4177 4175
f 3211 3703 4178
f 3211 4178 4174
f 3211 3210 3691
f 3211 3691 3703
f 3210 3682 3679
f 3210 3679 3691
f 3682 3680 3678
f 3682 3678 3679
f 3678 3680 3681
f 3678 3681 3677
f 4184 4185 3739
f 4184 3739 3738
f 3740 4186 4187
f 3740 4187 3741
f 3741 4187 4188
f 3741 4188 3742
f 3739 4185 4186
f 3739 4186 3740
f 4189 4190 4187
f 4189 4187 4186
f 4190 4191 4188
f 4190 4188 4187
f 4190 4192 4193
f 4190 4193 4191
f 4189 4194 4192
f 4189 4192 4190
f 4195 4196 4197
f 4195 4197 4198
f 4198 4197 4199
f 4198 4199 4200
f 4198 4201 4202
f 4198 4202 4195
f 4201 4203 4204
f 4201 4204 4202
f 4205 4206 4203
f 4205 4203 4201
f 2264 4207 3821
f 2264 3821 2266
f 3249 3250 3232
f 3249 3232 3231
f 3252 3238 3232
f 3252 3232 3250
f 2619 4208 3230
f 2619 3230 2620
f 4209 3253 3230
f 4209 3230 4208
f 3238 4210 4209
f 3238 4209 3237
f 3252 3251 4210
f 3252 4210 3238
f 4210 3251 3253
f 4210 3253 4209
f 3366 3465 3889
f 3366 3889 3367
f 3637 3435 3434
f 3637 3434 3639
f 3435 3400 3399
f 3435 3399 3434
f 3399 3400 3387
f 3399 3387 3397
f 3398 3397 3387
f 3398 3387 3390
f 3390 3391 3379
f 3390 3379 3398
f 3394 3380 3379
f 3394 3379 3391
f 3394 3404 3373
f 3394 3373 3380
f 3404 3403 3374
f 3404 3374 3373
f 3403 3542 3540
f 3403 3540 3374
f 3406 3410 3540
f 3406 3540 3542
f 3410 3406 3409
f 3410 3409 3411
f 3548 3423 3411
f 3548 3411 3409
f 3420 3419 3415
f 3420 3415 3414
f 3419 4171 3661
f 3419 3661 3415
f 4171 4173 3662
f 4171 3662 3661
f 3430 3425 3424
f 3430 3424 3431
f 3433 3576 3425
f 3433 3425 3430
f 3576 3433 3615
f 3576 3615 3484
f 3485 3484 3615
f 3485 3615 3617
f 3493 3508 3510
f 3493 3510 3494
f 3496 3505 3508
f 3496 3508 3493
f 3498 3503 3505
f 3498 3505 3496
f 3497 3504 3503
f 3497 3503 3498
f 3535 3557 3504
f 3535 3504 3497
f 3535 3480 3475
f 3535 3475 3557
f 3476 3475 3480
f 3476 3480 3479
f 3479 3466 3472
f 3479 3472 3476
f 3470 3472 3466
f 3470 3466 3469
f 3469 3550 3471
f 3469 3471 3470
f 3633 3595 3593
f 3633 3593 3632
f 3594 3593 3595
f 3594 3595 3598
f 3440 3594 3598
f 3440 3598 3636
f 3636 3612 3441
f 3636 3441 3440
f 3612 3611 3609
f 3612 3609 3441
f 3462 3461 3368
f 3462 3368 3459
f 3461 3465 3366
f 3461 3366 3368
f 4211 4169 4173
f 4211 4173 4172
f 4212 4167 4169
f 4212 4169 4211
f 4168 4167 4212
f 4168 4212 4213
f 4166 4214 4215
f 4166 4215 4164
f 4216 4165 4164
f 4216 4164 4215
f 3535 4165 4216
f 3535 4216 3536
f 3424 3662 4173
f 3424 4173 3431
f 3428 3431 4173
f 3428 4173 4169
f 3497 3500 4165
f 3497 4165 3535
f 2263 3887 4207
f 2263 4207 2264
f 4217 2003 2002
f 4217 2002 4218
f 4218 2002 2005
f 4218 2005 4219
f 4220 4221 4222
f 4220 4222 4223
f 4224 4225 4223
f 4224 4223 4222
f 4226 4227 4225
f 4226 4225 4224
f 4203 4206 4217
f 4203 4217 4218
f 4204 4203 4218
f 4204 4218 4219
f 4227 4226 4228
f 4227 4228 4229
f 2016 2017 4229
f 2016 4229 4228
f 4194 4199 4197
f 4194 4197 4192
f 4192 4197 4196
f 4192 4196 4193
f 4220 4230 4231
f 4220 4231 4221
f 4232 4233 4231
f 4232 4231 4230
f 4232 4185 4184
f 4232 4184 4233
f 4200 4205 4201
f 4200 4201 4198
f 4232 4189 4186
f 4232 4186 4185
f 4194 4189 4232
f 4194 4232 4230
f 4194 4230 4220
f 4194 4220 4199
f 4223 4200 4199
f 4223 4199 4220
f 4223 4225 4205
f 4223 4205 4200
f 4225 4227 4206
f 4225 4206 4205
f 4229 4217 4206
f 4229 4206 4227
f 4229 2017 2003
f 4229 2003 4217
f 3548 3420 3414
f 3548 3414 3423
f 3421 3420 3548
f 3421 3548 3547
f 3637 4234 4235
f 3637 4235 3638
f 3639 4236 4234
f 3639 4234 3637
f 3437 4237 4236
f 3437 4236 3639
f 3299 4238 4237
f 3299 4237 3437
f 3298 4239 4238
f 3298 4238 3299
f 3997 4240 4239
f 3997 4239 3298
f 4240 3997 3998
f 4240 3998 4241
f 4000 2318 2333
f 4000 2333 4003
f 2299 2315 2318
f 2299 2318 4000
f 2302 2316 2315
f 2302 2315 2299
f 2652 2663 2316
f 2652 2316 2302
f 2651 2664 2663
f 2651 2663 2652
f 2699 2721 2664
f 2699 2664 2651
f 2722 2721 2699
f 2722 2699 2698
f 2697 2696 2724
f 2697 2724 2723
f 2710 2709 2735
f 2710 2735 2734
f 2709 2729 2754
f 2709 2754 2735
f 2729 2757 3999
f 2729 3999 2754
f 4071 4070 4072
f 4071 4072 4075
f 2030 263 2516
f 2030 2516 4242
f 4242 2516 2519
f 4242 2519 4243
f 4244 2475 2478
f 4244 2478 4245
f 4246 4247 2482
f 4246 2482 4248
f 4248 2482 2481
f 4248 2481 4249
f 4249 2481 2491
f 4249 2491 4250
f 4250 2491 2417
f 4250 2417 4251
f 4251 2417 2413
f 4251 2413 4252
f 4252 2413 2416
f 4252 2416 4253
f 4253 2416 2420
f 4253 2420 4254
f 4254 2420 3117
f 4254 3117 3199
f 3116 3117 2420
f 3116 2420 2419
f 4255 2679 3801
f 4255 3801 4256
f 4256 3801 3811
f 4256 3811 4257
f 3898 4258 4257
f 3898 4257 3811
f 3897 4259 4258
f 3897 4258 3898
f 3089 3150 3067
f 3089 3067 3066
f 3066 3067 3070
f 3066 3070 3063
f 3063 3070 2653
f 3063 2653 2656
f 2657 2656 2653
f 2657 2653 2654
f 2657 2654 2671
f 2657 2671 2669
f 2669 2671 3266
f 2669 3266 3263
f 3263 3266 3269
f 3263 3269 3264
f 3264 3269 3701
f 3264 3701 3698
f 2957 2956 1649
f 2957 1649 1644
f 2914 2956 2957
f 2914 2957 2917
f 2915 2914 2917
f 2915 2917 2920
f 2921 2910 2915
f 2921 2915 2920
f 2910 2921 2924
f 2910 2924 2911
f 2911 2924 2882
f 2911 2882 2881
f 2855 2881 2882
f 2855 2882 2858
f 2858 2861 2856
f 2858 2856 2855
f 2856 2861 4260
f 2856 4260 4131
f 4261 2990 2986
f 4261 2986 4262
f 4262 2986 2947
f 4262 2947 4263
f 4263 2947 2950
f 4263 2950 4264
f 4265 4266 2951
f 4265 2951 2954
f 2903 4267 4268
f 2903 4268 3285
f 4267 2903 2906
f 4267 2906 4269
f 4269 2906 2907
f 4269 2907 4270
f 4271 4270 2907
f 4271 2907 2875
f 2874 4272 4271
f 2874 4271 2875
f 2841 4273 4274
f 2841 4274 2877
f 4273 2841 2826
f 4273 2826 4275
f 2825 4276 4275
f 2825 4275 2826
f 4276 2825 2786
f 4276 2786 4277
f 4277 2786 2789
f 4277 2789 4278
f 4278 2789 2762
f 4278 2762 4279
f 4279 2762 2765
f 4279 2765 4280
f 4280 2765 3652
f 4280 3652 4281
f 2742 4282 4281
f 2742 4281 3652
f 4283 4282 2742
f 4283 2742 2745
f 4283 2745 2717
f 4283 2717 4284
f 4284 2717 2720
f 4284 2720 4285
f 2722 4286 4285
f 2722 4285 2720
f 4287 4286 2722
f 4287 2722 2698
f 2676 4288 4287
f 2676 4287 2698
f 4288 2676 2679
f 4288 2679 4255
f 2670 2688 2675
f 2670 2675 2658
f 3262 3260 2688
f 3262 2688 2670
f 3261 3260 3262
f 3261 3262 3265
f 3261 3265 3699
f 3261 3699 3697
f 3704 3701 3700
f 3704 3700 3708
f 3168 3705 3704
f 3168 3704 3708
f 3166 3727 3705
f 3166 3705 3168
f 2750 3736 3727
f 2750 3727 3166
f 2753 3744 3736
f 2753 3736 2750
f 3759 3761 3744
f 3759 3744 2753
f 3771 3779 3761
f 3771 3761 3759
f 3772 3776 3779
f 3772 3779 3771
f 3781 3776 3772
f 3781 3772 3773
f 3774 2796 3781
f 3774 3781 3773
f 2797 2796 3774
f 2797 3774 2792
f 2795 2814 2797
f 2795 2797 2792
f 1583 1582 2814
f 1583 2814 2795
f 2955 2993 1645
f 2955 1645 1650
f 2965 2993 2955
f 2965 2955 2913
f 2966 2965 2913
f 2966 2913 2916
f 2909 2960 2966
f 2909 2966 2916
f 2960 2909 2912
f 2960 2912 2961
f 2880 2926 2961
f 2880 2961 2912
f 2885 2926 2880
f 2885 2880 2854
f 2854 2857 2886
f 2854 2886 2885
f 2886 2857 4132
f 2886 4132 4130
f 2984 3007 3009
f 2984 3009 2988
f 2943 2982 3007
f 2943 3007 2984
f 2983 2982 2943
f 2983 2943 2946
f 2979 2978 2939
f 2979 2939 2942
f 2901 2938 3281
f 2901 3281 3282
f 2900 2935 2938
f 2900 2938 2901
f 2897 2934 2935
f 2897 2935 2900
f 2893 2934 2897
f 2893 2897 2870
f 2869 2894 2893
f 2869 2893 2870
f 2839 2865 2891
f 2839 2891 2866
f 2821 2835 2865
f 2821 2865 2839
f 2820 2836 2835
f 2820 2835 2821
f 2782 2806 2836
f 2782 2836 2820
f 2807 2806 2782
f 2807 2782 2785
f 2768 2781 2807
f 2768 2807 2785
f 2767 2778 2781
f 2767 2781 2768
f 3653 3656 2778
f 3653 2778 2767
f 2738 2760 3656
f 2738 3656 3653
f 2761 2760 2738
f 2761 2738 2741
f 2715 2733 2761
f 2715 2761 2741
f 2714 2730 2733
f 2714 2733 2715
f 2724 2734 2730
f 2724 2730 2714
f 2696 2710 2734
f 2696 2734 2724
f 2682 2695 2710
f 2682 2710 2696
f 2681 2692 2695
f 2681 2695 2682
f 3799 3797 2692
f 3799 2692 2681
f 3797 3799 3810
f 3797 3810 3808
f 3901 3904 3808
f 3901 3808 3810
f 3900 3903 3904
f 3900 3904 3901
f 4289 4035 3903
f 4289 3903 3900
f 4033 4035 4289
f 4033 4289 4290
f 4291 4031 4033
f 4291 4033 4290
f 4292 4028 4031
f 4292 4031 4291
f 4293 3175 4028
f 4293 4028 4292
f 3091 3175 4293
f 3091 4293 3088
f 3091 3088 3065
f 3091 3065 3074
f 3064 3071 3074
f 3064 3074 3065
f 2655 2674 3071
f 2655 3071 3064
f 2675 2674 2655
f 2675 2655 2658
f 4294 3087 3095
f 4294 3095 4295
f 4295 3095 3171
f 4295 3171 4296
f 4296 3171 4045
f 4296 4045 4297
f 4297 4045 4053
f 4297 4053 4298
f 4298 4053 4055
f 4298 4055 4299
f 4057 4300 4299
f 4057 4299 4055
f 4300 4057 4059
f 4300 4059 4301
f 4301 4059 4061
f 4301 4061 4302
f 4063 4303 4302
f 4063 4302 4061
f 4303 4063 4065
f 4303 4065 4304
f 4304 4065 4067
f 4304 4067 4305
f 4069 4306 4305
f 4069 4305 4067
f 4071 4307 4306
f 4071 4306 4069
f 4307 4071 4075
f 4307 4075 4308
f 4074 4309 4308
f 4074 4308 4075
f 4309 4074 4077
f 4309 4077 4310
f 4310 4077 4115
f 4310 4115 4311
f 4120 4312 4311
f 4120 4311 4115
f 4312 4120 4123
f 4312 4123 4313
f 4313 4123 4116
f 4313 4116 4314
f 4314 4116 4119
f 4314 4119 4315
f 4315 4119 4081
f 4315 4081 4316
f 4080 4317 4316
f 4080 4316 4081
f 4317 4080 4082
f 4317 4082 4318
f 4318 4082 4085
f 4318 4085 4319
f 4087 4320 4319
f 4087 4319 4085
f 4321 4320 4087
f 4321 4087 4089
f 4322 4090 4093
f 4322 4093 4323
f 4099 4324 4323
f 4099 4323 4093
f 4324 4099 4094
f 4324 4094 4325
f 4325 4094 4097
f 4325 4097 4326
f 4327 4326 4097
f 4327 4097 4113
f 4102 4328 4329
f 4102 4329 4103
f 4106 4330 4331
f 4106 4331 4107
f 4330 4106 4109
f 4330 4109 4332
f 4332 4109 4111
f 4332 4111 4333
f 2123 2016 4228
f 2123 4228 4334
f 4226 4335 4334
f 4226 4334 4228
f 4336 4335 4226
f 4336 4226 4224
f 4336 4224 4222
f 4336 4222 4337
f 4221 4338 4337
f 4221 4337 4222
f 4231 4339 4338
f 4231 4338 4221
f 4233 4340 4339
f 4233 4339 4231
f 4184 4341 4340
f 4184 4340 4233
f 4342 4341 4184
f 4342 4184 3738
f 4343 4342 3738
f 4343 3738 3729
f 4344 4343 3729
f 4344 3729 3722
f 4345 4344 3722
f 4345 3722 3716
f 3696 4345 3716
f 3696 3716 3694
f 3718 3692 3687
f 3718 3687 4346
f 4346 3687 3690
f 4346 3690 4347
f 4348 4347 3690
f 4348 3690 3683
f 4348 3683 3686
f 4348 3686 4349
f 3082 4350 4349
f 3082 4349 3686
f 4350 3082 3085
f 4350 3085 4351
f 4351 3085 3087
f 4351 3087 4294
f 3792 4345 3696
f 3792 3696 3697
f 3791 4344 4345
f 3791 4345 3792
f 3790 4343 4344
f 3790 4344 3791
f 3789 4342 4343
f 3789 4343 3790
f 3788 4341 4342
f 3788 4342 3789
f 4341 3788 3787
f 4341 3787 4340
f 3786 4339 4340
f 3786 4340 3787
f 3785 4338 4339
f 3785 4339 3786
f 3793 4337 4338
f 3793 4338 3785
f 3821 4336 4337
f 3821 4337 3793
f 4207 4335 4336
f 4207 4336 3821
f 3887 4334 4335
f 3887 4335 4207
f 2123 4334 3887
f 2123 3887 1667
f 3021 4352 2142
f 3021 2142 1648
f 4353 4352 3021
f 4353 3021 3013
f 4354 4353 3013
f 4354 3013 3014
f 3011 4355 4354
f 3011 4354 3014
f 4355 3011 3012
f 4355 3012 4356
f 2998 4357 4356
f 2998 4356 3012
f 4358 4357 2998
f 4358 2998 2968
f 2968 2969 4359
f 2968 4359 4358
f 4359 2969 4128
f 4359 4128 4360
f 3024 4332 4333
f 3024 4333 3025
f 3015 4330 4332
f 3015 4332 3024
f 4331 4330 3015
f 4331 3015 3016
f 4329 4328 3017
f 4329 3017 3018
f 3001 4326 4327
f 3001 4327 3279
f 3000 4325 4326
f 3000 4326 3001
f 2999 4324 4325
f 2999 4325 3000
f 4323 4324 2999
f 4323 2999 2972
f 2971 4322 4323
f 2971 4323 2972
f 2929 4320 4321
f 2929 4321 2970
f 4319 4320 2929
f 4319 2929 2889
f 2888 4318 4319
f 2888 4319 2889
f 2833 4317 4318
f 2833 4318 2888
f 4316 4317 2833
f 4316 2833 2834
f 2816 4315 4316
f 2816 4316 2834
f 2815 4314 4315
f 2815 4315 2816
f 3658 4313 4314
f 3658 4314 2815
f 2801 4312 4313
f 2801 4313 3658
f 4311 4312 2801
f 4311 2801 2800
f 2775 4310 4311
f 2775 4311 2800
f 2774 4309 4310
f 2774 4310 2775
f 4308 4309 2774
f 4308 2774 3999
f 2757 4307 4308
f 2757 4308 3999
f 2737 4306 4307
f 2737 4307 2757
f 2736 4305 4306
f 2736 4306 2737
f 3795 4304 4305
f 3795 4305 2736
f 3806 4303 4304
f 3806 4304 3795
f 3893 4302 4303
f 3893 4303 3806
f 3892 4301 4302
f 3892 4302 3893
f 4043 4300 4301
f 4043 4301 3892
f 4299 4300 4043
f 4299 4043 4042
f 4041 4298 4299
f 4041 4299 4042
f 4040 4297 4298
f 4040 4298 4041
f 4296 4297 4040
f 4296 4040 3172
f 4296 3172 3093
f 4296 3093 4295
f 3081 4294 4295
f 3081 4295 3093
f 3080 4351 4294
f 3080 4294 3081
f 3079 4350 4351
f 3079 4351 3080
f 4349 4350 3079
f 4349 3079 3078
f 3077 4348 4349
f 3077 4349 3078
f 3254 4347 4348
f 3254 4348 3077
f 4346 4347 3254
f 4346 3254 3257
f 4346 3257 3695
f 4346 3695 3718
f 4101 4104 4107
f 4101 4107 4102
f 4331 4328 4102
f 4331 4102 4107
f 4328 4331 3016
f 4328 3016 3017
f 3004 3003 3017
f 3004 3017 3016
f 3003 3004 2980
f 3003 2980 2977
f 2977 2980 2983
f 2977 2983 2978
f 2978 2983 2946
f 2978 2946 2939
f 2940 2939 2946
f 2940 2946 2945
f 2950 2951 4266
f 2950 4266 4264
f 2949 2952 2951
f 2949 2951 2950
f 2952 2949 2843
f 2952 2843 2848
f 2848 2843 2846
f 2848 2846 2849
f 2395 2849 2846
f 2395 2846 2433
f 2395 2433 2436
f 2395 2436 2396
f 2444 2396 2436
f 2444 2436 2441
f 2444 2441 2437
f 2444 2437 2445
f 2445 2437 2440
f 2445 2440 2447
f 3322 3316 2447
f 3322 2447 2440
f 3316 3322 3338
f 3316 3338 3317
f 3317 3338 3341
f 3317 3341 3336
f 3345 3347 3336
f 3345 3336 3341
f 3344 3348 3347
f 3344 3347 3345
f 3348 3344 3513
f 3348 3513 3511
f 3511 3513 3452
f 3511 3452 3447
f 3447 3452 3455
f 3447 3455 3448
f 3448 3455 3471
f 3448 3471 3450
f 3550 4361 3450
f 3550 3450 3471
f 4362 4361 3550
f 4362 3550 3551
f 3462 3611 3610
f 3462 3610 3463
f 3611 3462 3459
f 3611 3459 3609
f 3609 3459 3442
f 3609 3442 3608
f 3608 3442 3443
f 3608 3443 3607
f 3607 3443 3356
f 3607 3356 3606
f 3606 3356 3358
f 3606 3358 3604
f 3604 3358 3359
f 3604 3359 3605
f 3605 3359 3333
f 3605 3333 3603
f 3603 3333 3309
f 3603 3309 3602
f 3602 3309 3312
f 3602 3312 3601
f 3601 3312 2425
f 3601 2425 3049
f 3049 2425 2426
f 3049 2426 3048
f 3048 2426 2400
f 3048 2400 3047
f 3047 2400 2386
f 3047 2386 3045
f 3045 2386 2389
f 3045 2389 3046
f 3046 2389 2812
f 3046 2812 2809
f 2809 2812 2813
f 2809 2813 2810
f 2810 2813 2876
f 2810 2876 2873
f 2873 2876 2877
f 2873 2877 2874
f 4274 4272 2874
f 4274 2874 2877
f 2867 2866 2869
f 2867 2869 2868
f 2891 2894 2869
f 2891 2869 2866
f 2894 2891 2892
f 2894 2892 2895
f 2895 2892 2930
f 2895 2930 2931
f 2931 2930 2970
f 2931 2970 2971
f 4321 4322 2971
f 4321 2971 2970
f 4090 4322 4321
f 4090 4321 4089
f 4088 4091 4090
f 4088 4090 4089
f 3451 3632 3631
f 3451 3631 3449
f 3449 3631 3630
f 3449 3630 3446
f 3446 3630 3629
f 3446 3629 3512
f 3512 3629 3627
f 3512 3627 3349
f 3349 3627 3628
f 3349 3628 3346
f 3346 3628 3626
f 3346 3626 3337
f 3337 3626 3625
f 3337 3625 3318
f 3318 3625 3624
f 3318 3624 3315
f 3315 3624 3292
f 3315 3292 2448
f 2448 3292 3291
f 2448 3291 2446
f 2446 3291 3290
f 2446 3290 2443
f 2443 3290 3289
f 2443 3289 2397
f 2397 3289 3288
f 2397 3288 2394
f 2394 3288 3287
f 2394 3287 2850
f 2850 3287 3286
f 2850 3286 2847
f 2847 3286 3284
f 2847 3284 2953
f 2953 3284 3285
f 2953 3285 2954
f 4268 4265 2954
f 4268 2954 3285
f 3283 3282 2942
f 3283 2942 2941
f 3281 2979 2942
f 3281 2942 3282
f 2979 3281 3280
f 2979 3280 2976
f 2976 3280 3278
f 2976 3278 3002
f 3002 3278 3279
f 3002 3279 3018
f 4327 4329 3018
f 4327 3018 3279
f 4103 4329 4327
f 4103 4327 4113
f 4112 4100 4103
f 4112 4103 4113
f 3451 4363 3633
f 3451 3633 3632
f 4363 4364 3634
f 4363 3634 3633
f 4361 4363 3451
f 4361 3451 3450
f 4364 4363 4361
f 4364 4361 4362
f 3599 3560 3559
f 3599 3559 3600
f 3599 4048 3960
f 3599 3960 3560
f 2497 2496 4046
f 2497 4046 4047
f 4046 2496 3960
f 4046 3960 4048
f 2451 2500 4365
f 2451 4365 4366
f 2452 2451 4366
f 2452 4366 4367
f 3052 2452 4367
f 3052 4367 4368
f 3053 3052 4368
f 3053 4368 4369
f 4047 3053 4369
f 4047 4369 4370
f 2497 4047 4370
f 2497 4370 4133
f 4366 4371 4372
f 4366 4372 4367
f 4373 4368 4367
f 4373 4367 4372
f 4368 4373 4374
f 4368 4374 4369
f 4369 4374 4375
f 4369 4375 4370
f 4370 4375 4376
f 4370 4376 4133
f 4377 4378 4379
f 4377 4379 4380
f 4381 4382 4380
f 4381 4380 4379
f 4382 4381 4383
f 4382 4383 4384
f 4384 4383 4385
f 4384 4385 4386
f 4387 4379 4378
f 4387 4378 4388
f 4389 4381 4379
f 4389 4379 4387
f 4390 4383 4381
f 4390 4381 4389
f 4391 4385 4383
f 4391 4383 4390
f 4392 4393 4376
f 4392 4376 4375
f 4392 2186 2185
f 4392 2185 4393
f 2187 2190 4394
f 2187 4394 4395
f 4395 4394 4385
f 4395 4385 4391
f 4396 4394 2190
f 4396 2190 2192
f 4394 4396 4386
f 4394 4386 4385
f 4371 4377 4380
f 4371 4380 4372
f 4382 4373 4372
f 4382 4372 4380
f 4373 4382 4384
f 4373 4384 4374
f 4374 4384 4386
f 4374 4386 4375
f 4396 4392 4375
f 4396 4375 4386
f 2192 2186 4392
f 2192 4392 4396
f 4366 4365 4397
f 4366 4397 4371
f 4371 4397 4398
f 4371 4398 4377
f 4377 4398 4399
f 4377 4399 4378
f 2500 2499 4400
f 2500 4400 4401
f 3042 3044 4400
f 3042 4400 2499
f 4365 2500 4401
f 4365 4401 4397
f 4378 4399 4402
f 4378 4402 4388
f 4401 4400 4403
f 4401 4403 4404
f 3044 2853 4403
f 3044 4403 4400
f 4397 4401 4404
f 4397 4404 4398
f 4404 4403 4405
f 4404 4405 4406
f 2853 2852 4405
f 2853 4405 4403
f 4398 4404 4406
f 4398 4406 4399
f 4406 4405 4407
f 4406 4407 4408
f 2852 2879 4407
f 2852 4407 4405
f 4399 4406 4408
f 4399 4408 4402
f 4131 3009 3008
f 4131 3008 4132
f 4132 3008 3020
f 4132 3020 4130
f 4130 3020 3025
f 4130 3025 4129
f 4128 4111 4110
f 4128 4110 4360
f 4127 4333 4111
f 4127 4111 4128
f 4129 3025 4333
f 4129 4333 4127
f 2989 2988 4260
f 2989 4260 4409
f 4410 2991 2990
f 4410 2990 4411
f 4411 2990 4261
f 4411 4261 4412
f 4260 2988 3009
f 4260 3009 4131
f 2185 1944 4162
f 2185 4162 4393
f 4376 4393 4162
f 4376 4162 4163
f 4376 4163 4134
f 4376 4134 4133
f 4410 4407 2879
f 4410 2879 2991
f 4402 4413 4414
f 4402 4414 4388
f 4415 4408 4407
f 4415 4407 4410
f 4387 4388 4414
f 4387 4414 4416
f 2187 4395 4417
f 2187 4417 2215
f 4395 4391 4418
f 4395 4418 4417
f 4391 4390 4419
f 4391 4419 4418
f 4420 4389 4387
f 4420 4387 4416
f 4390 4389 4420
f 4390 4420 4419
f 4402 4408 4415
f 4402 4415 4413
f 4417 4421 2220
f 4417 2220 2215
f 4421 4417 4418
f 4421 4418 4422
f 4422 4418 4419
f 4422 4419 4423
f 4423 4419 4420
f 4423 4420 4424
f 4424 4420 4416
f 4424 4416 4425
f 4414 4426 4425
f 4414 4425 4416
f 4413 4427 4426
f 4413 4426 4414
f 4427 4413 4415
f 4427 4415 4428
f 4421 4429 2228
f 4421 2228 2220
f 4429 4421 4422
f 4429 4422 4430
f 4430 4422 4423
f 4430 4423 4431
f 4431 4423 4424
f 4431 4424 4432
f 4432 4424 4425
f 4432 4425 4433
f 4426 4434 4433
f 4426 4433 4425
f 4427 4435 4434
f 4427 4434 4426
f 4435 4427 4428
f 4435 4428 4436
f 4428 4415 4410
f 4428 4410 4411
f 2861 2860 4409
f 2861 4409 4260
f 4436 4428 4411
f 4436 4411 4412
f 3826 3829 3827
f 3826 3827 3824
f 3567 4437 3829
f 3567 3829 3565
f 3829 4437 4438
f 3829 4438 3827
f 4438 4439 3828
f 4438 3828 3827
f 4437 3854 3857
f 4437 3857 4438
f 4438 3857 3867
f 4438 3867 4439
f 4437 3567 3569
f 4437 3569 3854
f 3572 3855 3854
f 3572 3854 3569
f 3571 3858 3855
f 3571 3855 3572
f 3858 3571 3574
f 3858 3574 3860
f 3860 3574 2506
f 3860 2506 3865
f 3115 3058 3112
f 3115 3112 4440
f 3114 2477 3058
f 3114 3058 3115
f 4247 2478 2477
f 4247 2477 3114
f 4245 2478 4247
f 4245 4247 4246
f 4441 2472 2471
f 4441 2471 4442
f 4443 2463 2472
f 4443 2472 4441
f 2464 2463 4443
f 2464 4443 4444
f 4154 4153 4445
f 4154 4445 4446
f 3869 3878 3877
f 3869 3877 3874
f 3873 3870 3869
f 3873 3869 3874
f 2559 3115 4440
f 2559 4440 2560
f 2482 4247 3114
f 2482 3114 2479
f 2469 4441 4442
f 2469 4442 2470
f 4443 4441 2469
f 4443 2469 2460
f 2459 4444 4443
f 2459 4443 2460
f 4446 4445 4149
f 4446 4149 4150
f 3862 3865 2506
f 3862 2506 2509
f 3873 3862 2509
f 3873 2509 2511
f 2513 3870 3873
f 2513 3873 2511
f 3871 3870 2513
f 3871 2513 3227
f 1642 1651 3871
f 1642 3871 3227
f 2616 3177 4020
f 2616 4020 4016
f 3180 4026 4020
f 3180 4020 3177
f 3180 4447 4448
f 3180 4448 4026
f 3180 3151 3150
f 3180 3150 4447
f 4447 4449 4450
f 4447 4450 4448
f 4447 3150 3089
f 4447 3089 4449
f 4449 4293 4292
f 4449 4292 4450
f 3089 3088 4293
f 3089 4293 4449
f 4259 3899 3902
f 4259 3902 4258
f 4257 4258 3902
f 4257 3902 3809
f 3798 4256 4257
f 3798 4257 3809
f 4255 4256 3798
f 4255 3798 2680
f 4288 4255 2680
f 4288 2680 2683
f 4288 2683 2697
f 4288 2697 4287
f 4287 2697 2723
f 4287 2723 4286
f 4285 4286 2723
f 4285 2723 2713
f 4285 2713 2716
f 4285 2716 4284
f 4284 2716 2740
f 4284 2740 4283
f 2739 4282 4283
f 2739 4283 2740
f 4282 2739 3654
f 4282 3654 4281
f 4280 4281 3654
f 4280 3654 2766
f 4280 2766 2769
f 4280 2769 4279
f 4279 2769 2784
f 4279 2784 4278
f 2783 4277 4278
f 2783 4278 2784
f 4277 2783 2819
f 4277 2819 4276
f 4275 4276 2819
f 4275 2819 2822
f 4273 4275 2822
f 4273 2822 2840
f 4274 4273 2840
f 4274 2840 2867
f 4272 4274 2867
f 4272 2867 2868
f 4271 4272 2868
f 4271 2868 2871
f 2898 4270 4271
f 2898 4271 2871
f 4269 4270 2898
f 4269 2898 2899
f 4269 2899 2902
f 4269 2902 4267
f 4268 4267 2902
f 4268 2902 3283
f 4265 4268 3283
f 4265 3283 2941
f 2940 4266 4265
f 2940 4265 2941
f 4264 4266 2940
f 4264 2940 2945
f 2944 4263 4264
f 2944 4264 2945
f 4263 2944 2985
f 4263 2985 4262
f 4262 2985 2989
f 4262 2989 4261
f 4412 4261 2989
f 4412 2989 4409
f 4436 4412 4409
f 4436 4409 2860
f 4435 4436 2860
f 4435 2860 2859
f 2883 4434 4435
f 2883 4435 2859
f 2923 4433 4434
f 2923 4434 2883
f 2922 4432 4433
f 2922 4433 2923
f 4431 4432 2922
f 4431 2922 2919
f 2918 4430 4431
f 2918 4431 2919
f 4429 4430 2918
f 4429 2918 2958
f 1643 2228 4429
f 1643 4429 2958
f 4291 4451 4450
f 4291 4450 4292
f 4290 4452 4451
f 4290 4451 4291
f 4289 4453 4452
f 4289 4452 4290
f 3900 3899 4453
f 3900 4453 4289
f 3914 3910 4135
f 3914 4135 4137
f 3913 3907 3910
f 3913 3910 3914
f 3924 3921 3907
f 3924 3907 3913
f 3931 3928 3921
f 3931 3921 3924
f 3936 3928 3931
f 3936 3931 3938
f 3945 3942 3936
f 3945 3936 3938
f 3980 3978 3942
f 3980 3942 3945
f 3986 3978 3980
f 3986 3980 3984
f 3991 3990 3993
f 3991 3993 3992
f 4009 4010 3993
f 4009 3993 3990
f 4013 4014 4010
f 4013 4010 4009
f 4017 4018 4014
f 4017 4014 4013
f 4021 4022 4018
f 4021 4018 4017
f 4022 4021 4027
f 4022 4027 4025
f 3897 4024 4454
f 3897 4454 4259
f 4454 4453 3899
f 4454 3899 4259
f 4024 4025 4455
f 4024 4455 4454
f 4455 4452 4453
f 4455 4453 4454
f 4452 4455 4456
f 4452 4456 4451
f 4456 4448 4450
f 4456 4450 4451
f 4027 4456 4455
f 4027 4455 4025
f 4026 4448 4456
f 4026 4456 4027
f 4457 4458 4004
f 4457 4004 4005
f 4458 4459 2320
f 4458 2320 4004
f 4459 3804 2319
f 4459 2319 2320
f 4460 3054 3804
f 4460 3804 4459
f 2271 2270 3054
f 2271 3054 4460
f 4006 4007 3987
f 4006 3987 3996
f 3996 3987 3985
f 3996 3985 3995
f 3995 3985 3986
f 3995 3986 3992
f 3992 3986 3984
f 3992 3984 3991
f 3983 3989 3991
f 3983 3991 3984
f 3989 3983 3839
f 3989 3839 2286
f 3838 2287 2286
f 3838 2286 3839
f 2291 2287 3838
f 2291 3838 2295
f 2288 2291 2295
f 2288 2295 2294
f 2355 2292 2288
f 2355 2288 2294
f 2292 2355 2358
f 2292 2358 2281
f 2281 2358 2363
f 2281 2363 2280
f 2280 2363 2366
f 2280 2366 2385
f 3202 3200 2385
f 3202 2385 2366
f 3204 3199 3200
f 3204 3200 3202
f 3199 3204 4051
f 3199 4051 4254
f 4050 4253 4254
f 4050 4254 4051
f 4252 4253 4050
f 4252 4050 2493
f 4252 2493 2487
f 4252 2487 4251
f 4251 2487 2490
f 4251 2490 4250
f 4250 2490 2467
f 4250 2467 4249
f 4248 4249 2467
f 4248 2467 2470
f 4442 4246 4248
f 4442 4248 2470
f 2471 4245 4246
f 2471 4246 4442
f 4245 2471 2474
f 4245 2474 4244
f 4243 2483 2486
f 4243 2486 4242
f 257 2030 4242
f 257 4242 2486
f 4007 3968 3966
f 4007 3966 3976
f 2271 4460 4461
f 2271 4461 4006
f 3968 4007 4462
f 3968 4462 3970
f 4007 4006 4461
f 4007 4461 4462
f 3754 1587 1586
f 3754 1586 3820
f 3818 3752 3754
f 3818 3754 3820
f 3817 3753 3752
f 3817 3752 3818
f 3750 3753 3817
f 3750 3817 3814
f 3813 3751 3750
f 3813 3750 3814
f 3812 3764 3751
f 3812 3751 3813
f 3764 3812 3757
f 3764 3757 3760
f 3023 3027 3760
f 3023 3760 3757
f 2707 2746 3027
f 2707 3027 3023
f 2706 2747 2746
f 2706 2746 2707
f 2668 2798 2747
f 2668 2747 2706
f 2667 3148 2798
f 2667 2798 2668
f 3711 3713 3148
f 3711 3148 2667
f 2455 4439 3867
f 2455 3867 2456
f 4439 2455 3836
f 4439 3836 3828
f 3828 3836 3823
f 3828 3823 3825
f 3509 3825 3823
f 3509 3823 3486
f 3485 3510 3509
f 3485 3509 3486
f 3494 3510 3485
f 3494 3485 3617
f 3616 3490 3494
f 3616 3494 3617
f 3619 3487 3490
f 3619 3490 3616
f 3623 3622 3487
f 3623 3487 3619
f 3530 3620 3622
f 3530 3622 3623
f 3621 3620 3530
f 3621 3530 3532
f 4166 3621 3532
f 4166 3532 4168
f 4214 4166 4168
f 4214 4168 4213
f 4234 3889 3888
f 4234 3888 4235
f 4236 3367 3889
f 4236 3889 4234
f 4237 3361 3367
f 4237 3367 4236
f 4238 3663 3361
f 4238 3361 4237
f 4239 3665 3663
f 4239 3663 4238
f 4240 3847 3665
f 4240 3665 4239
f 3847 4240 4241
f 3847 4241 2336
f 4241 4003 2333
f 4241 2333 2336
f 3998 4002 4003
f 3998 4003 4241
f 3974 4005 4002
f 3974 4002 3998
f 3972 4457 4005
f 3972 4005 3974
f 4460 4459 4458
f 4460 4458 4461
f 4461 4458 4457
f 4461 4457 4462
f 4457 3972 3970
f 4457 3970 4462
f 3224 3213 3098
f 3224 3098 4179
f 4179 3098 3097
f 4179 3097 4176
f 4176 3097 3712
f 4176 3712 4180
f 4180 3712 3713
f 4180 3713 3277
f 3277 3713 3711
f 3277 3711 3273
f 1632 195 4463
f 1632 4463 1633
f 2456 3867 3866
f 2456 3866 4464
f 195 194 4465
f 195 4465 4463
f 2453 2456 4464
f 2453 4464 4466
f 194 199 4467
f 194 4467 4465
f 2457 2453 4466
f 2457 4466 4468
f 199 1611 4469
f 199 4469 4467
f 3844 2457 4468
f 3844 4468 4470
f 4469 1611 1686
f 4469 1686 1915
f 3844 4470 4135
f 3844 4135 3906
f 1634 1633 4463
f 1634 4463 4471
f 3866 3868 4472
f 3866 4472 4464
f 4471 4463 4465
f 4471 4465 4473
f 4464 4472 4474
f 4464 4474 4466
f 4473 4465 4467
f 4473 4467 4475
f 4466 4474 4476
f 4466 4476 4468
f 4475 4467 4469
f 4475 4469 4477
f 4468 4476 4478
f 4468 4478 4470
f 4477 4469 1915
f 4477 1915 1917
f 4470 4478 4137
f 4470 4137 4135
f 1918 1919 4479
f 1918 4479 4480
f 1917 1916 4481
f 1917 4481 4477
f 1916 1918 4480
f 1916 4480 4481
f 1919 1920 4482
f 1919 4482 4479
f 4482 1920 1921
f 4482 1921 4483
f 4484 4141 4140
f 4484 4140 4485
f 4139 4138 4486
f 4139 4486 4487
f 4136 4137 4478
f 4136 4478 4488
f 4138 4136 4488
f 4138 4488 4486
f 4140 4139 4487
f 4140 4487 4485
f 4480 4479 4489
f 4480 4489 4490
f 4487 4486 4491
f 4487 4491 4492
f 4477 4481 4493
f 4477 4493 4475
f 4481 4480 4490
f 4481 4490 4493
f 4488 4478 4476
f 4488 4476 4494
f 4486 4488 4494
f 4486 4494 4491
f 4490 4489 4495
f 4490 4495 4496
f 4492 4491 4497
f 4492 4497 4498
f 4475 4493 4499
f 4475 4499 4473
f 4493 4490 4496
f 4493 4496 4499
f 4494 4476 4474
f 4494 4474 4500
f 4491 4494 4500
f 4491 4500 4497
f 4496 4495 4501
f 4496 4501 4502
f 4498 4497 4503
f 4498 4503 4504
f 4473 4499 4505
f 4473 4505 4471
f 4499 4496 4502
f 4499 4502 4505
f 4500 4474 4472
f 4500 4472 4506
f 4497 4500 4506
f 4497 4506 4503
f 4502 4501 1655
f 4502 1655 1659
f 4504 4503 3880
f 4504 3880 3876
f 4471 4505 1658
f 4471 1658 1634
f 4505 4502 1659
f 4505 1659 1658
f 4506 4472 3868
f 4506 3868 3879
f 4503 4506 3879
f 4503 3879 3880
f 4479 4482 4507
f 4479 4507 4489
f 4485 4487 4492
f 4485 4492 4508
f 4489 4507 4509
f 4489 4509 4495
f 4508 4492 4498
f 4508 4498 4510
f 4495 4509 4511
f 4495 4511 4501
f 4510 4498 4504
f 4510 4504 4512
f 4501 4511 4513
f 4501 4513 1655
f 4512 4504 3876
f 4512 3876 4514
f 4507 4482 4483
f 4507 4483 4515
f 4516 4484 4485
f 4516 4485 4508
f 4516 4508 4510
f 4516 4510 4517
f 4507 4515 4518
f 4507 4518 4509
f 4519 4513 4511
f 4519 4511 4520
f 4514 4521 4522
f 4514 4522 4512
f 4520 4511 4509
f 4520 4509 4518
f 4512 4522 4517
f 4512 4517 4510
f 2244 1933 4523
f 2244 4523 4524
f 4154 4446 4525
f 4154 4525 4526
f 1930 2244 4524
f 1930 4524 4527
f 4446 4150 4528
f 4446 4528 4525
f 4525 4528 4517
f 4525 4517 4522
f 4526 4525 4522
f 4526 4522 4521
f 4524 4523 4519
f 4524 4519 4520
f 4527 4524 4520
f 4527 4520 4518
f 4150 4147 4529
f 4150 4529 4528
f 1927 1930 4527
f 1927 4527 4530
f 1924 1927 4530
f 1924 4530 4531
f 4147 4146 4532
f 4147 4532 4529
f 1923 1924 4531
f 1923 4531 1922
f 4146 4143 4142
f 4146 4142 4532
f 4531 4530 4515
f 4531 4515 4483
f 4529 4532 4484
f 4529 4484 4516
f 4528 4529 4516
f 4528 4516 4517
f 4530 4527 4518
f 4530 4518 4515
f 1922 4531 4483
f 1922 4483 1921
f 4532 4142 4141
f 4532 4141 4484
f 4533 4534 4535
f 4533 4535 4536
f 4534 4537 4538
f 4534 4538 4535
f 4539 4533 4536
f 4539 4536 4540
f 4537 4541 4542
f 4537 4542 4538
f 4538 4542 3878
f 4538 3878 3875
f 4535 4538 3875
f 4535 3875 1654
f 4536 4535 1654
f 4536 1654 1653
f 4540 4536 1653
f 4540 1653 1657
f 1657 1656 4543
f 1657 4543 4540
f 3877 3878 4542
f 3877 4542 4544
f 4543 1656 1655
f 4543 1655 4513
f 4514 3876 3877
f 4514 3877 4544
f 4514 4544 4545
f 4514 4545 4521
f 4543 4513 4519
f 4543 4519 4546
f 4547 4548 4533
f 4547 4533 4539
f 4548 4549 4534
f 4548 4534 4533
f 4549 4550 4537
f 4549 4537 4534
f 4550 4551 4541
f 4550 4541 4537
f 1936 1935 4548
f 1936 4548 4547
f 1935 1940 4549
f 1935 4549 4548
f 1940 4155 4550
f 1940 4550 4549
f 4155 4158 4551
f 4155 4551 4550
f 4547 4539 4546
f 4547 4546 4552
f 4541 4551 4553
f 4541 4553 4545
f 4539 4540 4543
f 4539 4543 4546
f 4542 4541 4545
f 4542 4545 4544
f 4158 4157 4152
f 4158 4152 4151
f 2515 2514 2462
f 2515 2462 2461
f 2514 2484 2473
f 2514 2473 2462
f 2474 2473 2484
f 2474 2484 2483
f 4244 2474 2483
f 4244 2483 4243
f 4243 2519 2475
f 4243 2475 4244
f 2519 2518 2476
f 2519 2476 2475
f 2518 3056 3057
f 2518 3057 2476
f 3055 3110 3057
f 3055 3057 3056
f 3055 801 858
f 3055 858 3110
f 800 856 858
f 800 858 801
f 800 802 803
f 800 803 856
f 261 218 803
f 261 803 802
f 260 219 218
f 260 218 261
f 2032 2033 219
f 2032 219 260
f 215 2033 2032
f 215 2032 226
f 216 215 226
f 216 226 229
f 256 202 216
f 256 216 229
f 255 203 202
f 255 202 256
f 1936 1932 1931
f 1936 1931 1937
f 4547 4552 1932
f 4547 1932 1936
f 4553 4551 4158
f 4553 4158 4151
f 1933 1932 4552
f 1933 4552 4523
f 4151 4154 4526
f 4151 4526 4553
f 4523 4552 4546
f 4523 4546 4519
f 4553 4526 4521
f 4553 4521 4545
f 4554 109 108
f 4554 108 4555
f 100 107 4556
f 100 4556 4557
f 4558 4559 4560
f 4558 4560 4561
f 4562 4563 4558
f 4562 4558 4564
f 4564 4558 4561
f 4564 4561 4565
f 4566 4567 4568
f 4566 4568 4569
f 4570 4571 4572
f 4570 4572 4573
f 4574 4570 4573
f 4574 4573 4575
f 4568 4567 4576
f 4568 4576 4577
f 4578 4579 4580
f 4578 4580 4581
f 4582 4583 4584
f 4582 4584 4585
f 4586 4578 4581
f 4586 4581 4587
f 4588 4589 4590
f 4588 4590 4591
f 4592 4593 4594
f 4592 4594 4595
f 4584 4596 4597
f 4584 4597 4585
f 116 201 4598
f 116 4598 4599
f 204 4600 4601
f 204 4601 4602
f 4603 4604 4605
f 4603 4605 4606
f 4607 4608 4602
f 4607 4602 4601
f 4609 4603 4606
f 4609 4606 4610
f 4604 4611 4612
f 4604 4612 4605
f 4605 4613 4614
f 4605 4614 4606
f 4612 4615 4613
f 4612 4613 4605
f 203 4616 4600
f 203 4600 204
f 4599 4617 4618
f 4599 4618 4619
f 4620 4619 4618
f 4620 4618 4621
f 4622 4623 4620
f 4622 4620 4621
f 4624 4625 4623
f 4624 4623 4622
f 4624 4626 4627
f 4624 4627 4625
f 4628 4629 4630
f 4628 4630 4631
f 4629 4632 4595
f 4629 4595 4630
f 4632 4633 4592
f 4632 4592 4595
f 4634 4610 4606
f 4634 4606 4614
f 4589 4635 4636
f 4589 4636 4590
f 4637 4638 4639
f 4637 4639 4640
f 4627 4626 4641
f 4627 4641 4642
f 4643 4574 4575
f 4643 4575 4555
f 4594 4644 4630
f 4594 4630 4595
f 4644 4645 4631
f 4644 4631 4630
f 4584 4583 4646
f 4584 4646 4647
f 4584 4647 4648
f 4584 4648 4596
f 4589 4588 4649
f 4589 4649 4650
f 4589 4650 4651
f 4589 4651 4635
f 4652 4638 4637
f 4652 4637 4653
f 4654 4655 4638
f 4654 4638 4652
f 206 4656 4657
f 206 4657 255
f 4656 206 209
f 4656 209 4658
f 4638 4655 4659
f 4638 4659 4639
f 4660 949 952
f 4660 952 4661
f 4556 107 949
f 4556 949 4660
f 4662 4663 4664
f 4662 4664 4665
f 4666 4667 4662
f 4666 4662 4665
f 4668 4669 4670
f 4668 4670 4671
f 4672 4673 4669
f 4672 4669 4668
f 4674 4675 4676
f 4674 4676 4677
f 4678 4674 4677
f 4678 4677 4679
f 4680 4681 4682
f 4680 4682 4683
f 4681 4684 4685
f 4681 4685 4682
f 976 4686 4661
f 976 4661 952
f 4687 4667 4666
f 4687 4666 4688
f 4689 4678 4679
f 4689 4679 4690
f 4671 4670 4691
f 4671 4691 4692
f 4693 4680 4683
f 4693 4683 4694
f 4695 4668 4671
f 4695 4671 4696
f 4671 4692 4697
f 4671 4697 4696
f 4672 4668 4695
f 4672 4695 4698
f 4599 4598 4699
f 4599 4699 4617
f 4627 4642 4571
f 4627 4571 4570
f 4625 4627 4570
f 4625 4570 4574
f 4623 4625 4574
f 4623 4574 4643
f 4620 4623 4643
f 4620 4643 112
f 112 4643 4555
f 112 4555 108
f 4619 4620 112
f 4619 112 114
f 4599 4619 114
f 4599 114 116
f 4700 4701 4702
f 4700 4702 4703
f 4608 4607 4704
f 4608 4704 4705
f 4706 4609 4610
f 4706 4610 4707
f 4618 4617 4708
f 4618 4708 4709
f 4621 4618 4709
f 4621 4709 4710
f 4622 4621 4710
f 4622 4710 4711
f 4624 4622 4711
f 4624 4711 4712
f 4626 4624 4712
f 4626 4712 4713
f 4628 4631 4714
f 4628 4714 4715
f 4641 4626 4713
f 4641 4713 4716
f 4631 4645 4717
f 4631 4717 4714
f 4617 4699 4718
f 4617 4718 4708
f 4634 4719 4707
f 4634 4707 4610
f 4720 4564 4565
f 4720 4565 4721
f 4711 4710 4722
f 4711 4722 4723
f 4709 4708 4724
f 4709 4724 4725
f 4710 4709 4725
f 4710 4725 4722
f 4726 4720 4721
f 4726 4721 4727
f 4703 4702 4728
f 4703 4728 4729
f 4716 4713 4730
f 4716 4730 4731
f 4732 4733 4728
f 4732 4728 4702
f 4730 4713 4712
f 4730 4712 4734
f 4734 4712 4711
f 4734 4711 4723
f 4705 4704 4735
f 4705 4735 4736
f 4737 4706 4707
f 4737 4707 4738
f 4715 4714 4739
f 4715 4739 4740
f 4714 4717 4741
f 4714 4741 4739
f 4707 4719 4742
f 4707 4742 4738
f 4708 4718 4743
f 4708 4743 4724
f 4744 4737 4738
f 4744 4738 4745
f 4725 4724 4746
f 4725 4746 4747
f 4722 4725 4747
f 4722 4747 4748
f 4736 4735 4749
f 4736 4749 4750
f 4724 4743 4751
f 4724 4751 4746
f 4752 4726 4727
f 4752 4727 4753
f 4729 4728 4754
f 4729 4754 4755
f 4731 4730 4756
f 4731 4756 4757
f 4733 4758 4754
f 4733 4754 4728
f 4740 4739 4759
f 4740 4759 4760
f 4739 4741 4761
f 4739 4761 4759
f 4738 4742 4762
f 4738 4762 4745
f 4763 4752 4753
f 4763 4753 4764
f 4746 4751 4765
f 4746 4765 4766
f 4757 4756 4767
f 4757 4767 4768
f 4758 4769 4770
f 4758 4770 4754
f 4754 4770 4771
f 4754 4771 4755
f 4766 4765 4772
f 4766 4772 4773
f 4767 4774 4775
f 4767 4775 4776
f 4768 4767 4776
f 4768 4776 4777
f 4769 4778 4779
f 4769 4779 4770
f 4771 4770 4779
f 4771 4779 4780
f 4781 4763 4764
f 4781 4764 4782
f 4783 4781 4782
f 4783 4782 4784
f 4780 4779 4785
f 4780 4785 4786
f 4777 4776 4787
f 4777 4787 4788
f 4775 4789 4787
f 4775 4787 4776
f 4778 4790 4785
f 4778 4785 4779
f 4772 4791 4792
f 4772 4792 4773
f 4786 4785 4793
f 4786 4793 4794
f 4790 4795 4793
f 4790 4793 4785
f 4796 4783 4784
f 4796 4784 4797
f 4788 4787 4798
f 4788 4798 4799
f 4787 4789 4800
f 4787 4800 4798
f 4791 4801 4802
f 4791 4802 4792
f 4794 4793 4803
f 4794 4803 4804
f 4799 4798 4805
f 4799 4805 4806
f 4798 4800 4807
f 4798 4807 4805
f 4801 4808 4809
f 4801 4809 4802
f 4810 4796 4797
f 4810 4797 4811
f 4795 4812 4803
f 4795 4803 4793
f 4808 4813 4814
f 4808 4814 4809
f 4805 4807 4815
f 4805 4815 4816
f 4806 4805 4816
f 4806 4816 4817
f 4812 4818 4819
f 4812 4819 4803
f 4804 4803 4819
f 4804 4819 4820
f 4821 4810 4811
f 4821 4811 4822
f 4723 4722 4748
f 4723 4748 4823
f 4734 4723 4823
f 4734 4823 4824
f 4730 4734 4824
f 4730 4824 4756
f 4756 4824 4774
f 4756 4774 4767
f 4747 4746 4766
f 4747 4766 4825
f 4748 4747 4825
f 4748 4825 4826
f 4823 4748 4826
f 4823 4826 4827
f 4824 4823 4827
f 4824 4827 4774
f 4775 4774 4827
f 4775 4827 4828
f 4789 4775 4828
f 4789 4828 4829
f 4800 4789 4829
f 4800 4829 4830
f 4807 4800 4830
f 4807 4830 4831
f 4815 4807 4831
f 4815 4831 4832
f 4833 4832 4831
f 4833 4831 4834
f 4834 4831 4830
f 4834 4830 4835
f 4835 4830 4829
f 4835 4829 4836
f 4836 4829 4828
f 4836 4828 4837
f 4827 4826 4837
f 4827 4837 4828
f 4838 4833 4834
f 4838 4834 4839
f 4839 4834 4835
f 4839 4835 4840
f 4840 4835 4836
f 4840 4836 4841
f 4841 4836 4837
f 4841 4837 4842
f 4842 4837 4826
f 4842 4826 4825
f 4842 4825 4766
f 4842 4766 4773
f 4841 4842 4773
f 4841 4773 4792
f 4840 4841 4792
f 4840 4792 4802
f 4839 4840 4802
f 4839 4802 4809
f 4838 4839 4809
f 4838 4809 4814
f 4843 1926 1925
f 4843 1925 4844
f 1928 4845 4846
f 1928 4846 1929
f 1938 4847 4848
f 1938 4848 1939
f 4849 4847 1938
f 4849 1938 1937
f 4850 4851 1931
f 4850 1931 1934
f 4666 4678 4689
f 4666 4689 4688
f 4665 4674 4678
f 4665 4678 4666
f 4675 4674 4665
f 4675 4665 4664
f 4843 4845 1928
f 4843 1928 1926
f 1925 1663 4852
f 1925 4852 4844
f 1663 1662 4853
f 1663 4853 4852
f 100 4557 4854
f 100 4854 1664
f 4853 1662 1665
f 4853 1665 4855
f 4855 1665 1664
f 4855 1664 4854
f 4557 4856 4857
f 4557 4857 4854
f 4557 4556 4858
f 4557 4858 4856
f 4855 4854 4857
f 4855 4857 4859
f 4853 4855 4859
f 4853 4859 4860
f 4852 4853 4860
f 4852 4860 4861
f 4844 4852 4861
f 4844 4861 4862
f 4858 4556 4660
f 4858 4660 4863
f 4863 4660 4661
f 4863 4661 4864
f 4864 4661 4686
f 4864 4686 4865
f 4866 4554 4555
f 4866 4555 4575
f 4867 4866 4575
f 4867 4575 4573
f 4859 4857 4868
f 4859 4868 4869
f 4856 4870 4868
f 4856 4868 4857
f 4856 4858 4871
f 4856 4871 4870
f 4871 4858 4863
f 4871 4863 4872
f 4872 4863 4864
f 4872 4864 4873
f 4873 4864 4865
f 4873 4865 4874
f 4860 4859 4869
f 4860 4869 4875
f 4861 4860 4875
f 4861 4875 4876
f 4862 4861 4876
f 4862 4876 4676
f 4677 4877 4878
f 4677 4878 4679
f 4677 4676 4876
f 4677 4876 4877
f 4690 4679 4878
f 4690 4878 4879
f 4877 4880 4881
f 4877 4881 4878
f 4877 4876 4875
f 4877 4875 4880
f 4879 4878 4881
f 4879 4881 4882
f 4883 4867 4573
f 4883 4573 4572
f 4884 4873 4874
f 4884 4874 4885
f 4886 4872 4873
f 4886 4873 4884
f 4871 4872 4886
f 4871 4886 4870
f 4642 4641 4887
f 4642 4887 4888
f 4888 4887 4701
f 4888 4701 4889
f 4571 4642 4888
f 4571 4888 4890
f 4890 4888 4889
f 4890 4889 4891
f 4572 4571 4890
f 4572 4890 4892
f 4892 4890 4891
f 4892 4891 4893
f 4883 4572 4892
f 4883 4892 4894
f 4884 4885 4895
f 4884 4895 4896
f 4886 4884 4896
f 4886 4896 4897
f 4870 4886 4897
f 4870 4897 4868
f 4894 4892 4893
f 4894 4893 4898
f 4896 4895 4899
f 4896 4899 4900
f 4869 4868 4897
f 4869 4897 4901
f 4880 4875 4869
f 4880 4869 4901
f 4896 4900 4901
f 4896 4901 4897
f 4880 4901 4900
f 4880 4900 4881
f 4881 4900 4899
f 4881 4899 4882
f 4902 4903 4904
f 4902 4904 4905
f 4904 4906 4907
f 4904 4907 4905
f 4906 4908 4909
f 4906 4909 4907
f 4908 4898 4893
f 4908 4893 4909
f 4907 4909 4910
f 4907 4910 4911
f 4909 4893 4891
f 4909 4891 4910
f 4559 4566 4569
f 4559 4569 4560
f 4593 4586 4587
f 4593 4587 4594
f 4596 4648 4649
f 4596 4649 4588
f 4596 4588 4591
f 4596 4591 4597
f 4911 4910 4912
f 4911 4912 4913
f 4910 4891 4889
f 4910 4889 4912
f 4907 4911 4560
f 4907 4560 4569
f 4911 4913 4561
f 4911 4561 4560
f 4568 4577 4902
f 4568 4902 4905
f 4905 4907 4569
f 4905 4569 4568
f 4583 4582 4914
f 4583 4914 4915
f 4646 4583 4915
f 4646 4915 4916
f 4580 4579 4917
f 4580 4917 4918
f 4576 4919 4920
f 4576 4920 4921
f 4577 4576 4921
f 4577 4921 4922
f 4902 4577 4922
f 4902 4922 4903
f 4732 4702 4701
f 4732 4701 4887
f 4701 4700 4912
f 4701 4912 4889
f 4923 4924 4700
f 4923 4700 4703
f 4925 4923 4703
f 4925 4703 4729
f 4926 4925 4729
f 4926 4729 4755
f 4927 4926 4755
f 4927 4755 4771
f 4928 4927 4771
f 4928 4771 4780
f 4929 4928 4780
f 4929 4780 4786
f 4930 4929 4786
f 4930 4786 4794
f 4931 4930 4794
f 4931 4794 4804
f 4932 4931 4804
f 4932 4804 4820
f 4700 4924 4913
f 4700 4913 4912
f 4721 4565 4924
f 4721 4924 4923
f 4727 4721 4923
f 4727 4923 4925
f 4753 4727 4925
f 4753 4925 4926
f 4764 4753 4926
f 4764 4926 4927
f 4782 4764 4927
f 4782 4927 4928
f 4784 4782 4928
f 4784 4928 4929
f 4797 4784 4929
f 4797 4929 4930
f 4811 4797 4930
f 4811 4930 4931
f 4822 4811 4931
f 4822 4931 4932
f 4924 4565 4561
f 4924 4561 4913
f 4716 4731 4733
f 4716 4733 4732
f 4769 4758 4757
f 4769 4757 4768
f 4778 4769 4768
f 4778 4768 4777
f 4790 4778 4777
f 4790 4777 4788
f 4795 4790 4788
f 4795 4788 4799
f 4812 4795 4799
f 4812 4799 4806
f 4818 4812 4806
f 4818 4806 4817
f 4641 4716 4732
f 4641 4732 4887
f 4814 4813 4933
f 4814 4933 4934
f 4932 4820 4935
f 4932 4935 4936
f 4822 4932 4936
f 4822 4936 4937
f 4938 4821 4822
f 4938 4822 4937
f 4819 4818 4935
f 4819 4935 4820
f 4816 4815 4939
f 4816 4939 4940
f 4833 4838 4941
f 4833 4941 4939
f 4816 4940 4942
f 4816 4942 4817
f 4935 4818 4817
f 4935 4817 4942
f 4939 4815 4832
f 4939 4832 4833
f 4838 4814 4934
f 4838 4934 4941
f 4936 4935 4942
f 4936 4942 4943
f 4937 4936 4943
f 4937 4943 4944
f 4945 4938 4937
f 4945 4937 4944
f 4943 4942 4940
f 4943 4940 4946
f 4944 4943 4946
f 4944 4946 4947
f 4944 4947 4948
f 4944 4948 4945
f 4941 4934 4947
f 4941 4947 4946
f 4946 4940 4939
f 4946 4939 4941
f 4947 4934 4933
f 4947 4933 4948
f 4914 4697 4692
f 4914 4692 4915
f 4916 4915 4692
f 4916 4692 4691
f 4918 4917 4693
f 4918 4693 4694
f 4921 4920 4949
f 4921 4949 4687
f 4922 4921 4687
f 4922 4687 4688
f 4903 4922 4688
f 4903 4688 4689
f 4904 4903 4689
f 4904 4689 4690
f 4690 4879 4906
f 4690 4906 4904
f 4879 4882 4908
f 4879 4908 4906
f 4882 4899 4898
f 4882 4898 4908
f 4894 4898 4899
f 4894 4899 4895
f 4885 4883 4894
f 4885 4894 4895
f 4874 4867 4883
f 4874 4883 4885
f 4865 4866 4867
f 4865 4867 4874
f 4686 4554 4866
f 4686 4866 4865
f 4686 976 109
f 4686 109 4554
f 4950 4760 4759
f 4950 4759 4951
f 4745 4762 4952
f 4745 4952 4953
f 4954 4744 4745
f 4954 4745 4953
f 4749 4955 4956
f 4749 4956 4750
f 4953 4952 4957
f 4953 4957 4958
f 4959 4954 4953
f 4959 4953 4958
f 4956 4955 4960
f 4956 4960 4961
f 4759 4761 4962
f 4759 4962 4951
f 4951 4962 4963
f 4951 4963 4964
f 4964 4963 4965
f 4964 4965 4966
f 4966 4965 4967
f 4966 4967 4968
f 4969 4950 4951
f 4969 4951 4964
f 4970 4969 4964
f 4970 4964 4966
f 4958 4957 4971
f 4958 4971 4972
f 4973 4959 4958
f 4973 4958 4972
f 4961 4960 4974
f 4961 4974 4975
f 4970 4966 4968
f 4970 4968 4976
f 4972 4971 4977
f 4972 4977 4978
f 4979 4973 4972
f 4979 4972 4978
f 4975 4974 4980
f 4975 4980 4981
f 4968 4967 4982
f 4968 4982 4983
f 4976 4968 4983
f 4976 4983 4984
f 4978 4977 4985
f 4978 4985 4986
f 4987 4979 4978
f 4987 4978 4986
f 4981 4980 4988
f 4981 4988 4989
f 4983 4982 4990
f 4983 4990 4991
f 4989 4988 4992
f 4989 4992 4993
f 4994 4987 4986
f 4994 4986 4995
f 4986 4985 4996
f 4986 4996 4995
f 4997 4984 4983
f 4997 4983 4991
f 4997 4991 4990
f 4997 4990 4998
f 4995 4996 4999
f 4995 4999 5000
f 4988 4987 4994
f 4988 4994 4992
f 4980 4979 4987
f 4980 4987 4988
f 4974 4973 4979
f 4974 4979 4980
f 4960 4959 4973
f 4960 4973 4974
f 4955 4954 4959
f 4955 4959 4960
f 4749 4744 4954
f 4749 4954 4955
f 4735 4737 4744
f 4735 4744 4749
f 4704 4706 4737
f 4704 4737 4735
f 4607 4609 4706
f 4607 4706 4704
f 4607 4601 4603
f 4607 4603 4609
f 4601 4600 4604
f 4601 4604 4603
f 4600 4616 4611
f 4600 4611 4604
f 4657 4656 4655
f 4657 4655 4654
f 4655 4656 4658
f 4655 4658 4659
f 4994 4995 5000
f 4994 5000 5001
f 4993 4992 4994
f 4993 4994 5001
f 4997 4998 4999
f 4997 4999 4996
f 4984 4997 4996
f 4984 4996 4985
f 4976 4984 4985
f 4976 4985 4977
f 4970 4976 4977
f 4970 4977 4971
f 4969 4970 4971
f 4969 4971 4957
f 4950 4969 4957
f 4950 4957 4952
f 4760 4950 4952
f 4760 4952 4762
f 4740 4760 4762
f 4740 4762 4742
f 4715 4740 4742
f 4715 4742 4719
f 4628 4715 4719
f 4628 4719 4634
f 4629 4628 4634
f 4629 4634 4614
f 4632 4629 4614
f 4632 4614 4613
f 4615 4633 4632
f 4615 4632 4613
f 4635 4651 4653
f 4635 4653 4637
f 4636 4635 4637
f 4636 4637 4640
f 4733 4731 4757
f 4733 4757 4758
f 4676 4675 5002
f 4676 5002 4862
f 4664 5003 5002
f 4664 5002 4675
f 5003 4664 4663
f 5003 4663 5004
f 4684 5005 5006
f 4684 5006 4685
f 4672 5007 5008
f 4672 5008 4673
f 5007 4672 4698
f 5007 4698 5009
f 4862 5002 4843
f 4862 4843 4844
f 5002 5003 4845
f 5002 4845 4843
f 5004 4846 4845
f 5004 4845 5003
f 5006 5005 4851
f 5006 4851 4850
f 5008 5007 4847
f 5008 4847 4849
f 4847 5007 5009
f 4847 5009 4848
f 204 4602 5010
f 204 5010 2243
f 5011 5010 4602
f 5011 4602 4608
f 5012 5011 4608
f 5012 4608 4705
f 5013 5012 4705
f 5013 4705 4736
f 5014 5013 4736
f 5014 4736 4750
f 5015 5014 4750
f 5015 4750 4956
f 5016 5015 4956
f 5016 4956 4961
f 5017 5016 4961
f 5017 4961 4975
f 5018 5017 4975
f 5018 4975 4981
f 4981 4989 5019
f 4981 5019 5018
f 5020 5019 4989
f 5020 4989 4993
f 4993 5001 5021
f 4993 5021 5020
f 5001 5000 5022
f 5001 5022 5021
f 5000 4999 5023
f 5000 5023 5022
f 4998 5024 5023
f 4998 5023 4999
f 4990 5025 5024
f 4990 5024 4998
f 4982 5026 5025
f 4982 5025 4990
f 4967 5027 5026
f 4967 5026 4982
f 4965 5028 5027
f 4965 5027 4967
f 4963 5029 5028
f 4963 5028 4965
f 4962 5030 5029
f 4962 5029 4963
f 4761 5031 5030
f 4761 5030 4962
f 4741 5032 5031
f 4741 5031 4761
f 4717 5033 5032
f 4717 5032 4741
f 4562 5033 4717
f 4562 4717 4645
f 4645 4644 4563
f 4645 4563 4562
f 4644 4594 5034
f 4644 5034 4563
f 4587 5035 5034
f 4587 5034 4594
f 4581 5036 5035
f 4581 5035 4587
f 5036 4581 4580
f 5036 4580 4919
f 4920 4919 4580
f 4920 4580 4918
f 4949 4920 4918
f 4949 4918 4694
f 4683 5037 4949
f 4683 4949 4694
f 4682 5038 5037
f 4682 5037 4683
f 4685 5039 5038
f 4685 5038 4682
f 4685 5006 5040
f 4685 5040 5039
f 5041 5040 5006
f 5041 5006 4850
f 2245 5041 4850
f 2245 4850 1934
f 4598 201 2243
f 4598 2243 5010
f 4699 4598 5010
f 4699 5010 5011
f 4718 4699 5011
f 4718 5011 5012
f 4743 4718 5012
f 4743 5012 5013
f 4751 4743 5013
f 4751 5013 5014
f 4765 4751 5014
f 4765 5014 5015
f 4772 4765 5015
f 4772 5015 5016
f 4791 4772 5016
f 4791 5016 5017
f 4801 4791 5017
f 4801 5017 5018
f 4808 4801 5018
f 4808 5018 5019
f 4813 4808 5019
f 4813 5019 5020
f 4933 4813 5020
f 4933 5020 5021
f 5022 4948 4933
f 5022 4933 5021
f 5023 4945 4948
f 5023 4948 5022
f 5024 4938 4945
f 5024 4945 5023
f 5025 4821 4938
f 5025 4938 5024
f 5026 4810 4821
f 5026 4821 5025
f 5027 4796 4810
f 5027 4810 5026
f 5028 4783 4796
f 5028 4796 5027
f 5029 4781 4783
f 5029 4783 5028
f 5030 4763 4781
f 5030 4781 5029
f 5031 4752 4763
f 5031 4763 5030
f 5032 4726 4752
f 5032 4752 5031
f 5033 4720 4726
f 5033 4726 5032
f 4562 4564 4720
f 4562 4720 5033
f 4559 4558 4563
f 4559 4563 5034
f 5035 4566 4559
f 5035 4559 5034
f 4567 4566 5035
f 4567 5035 5036
f 4576 4567 5036
f 4576 5036 4919
f 5037 4667 4687
f 5037 4687 4949
f 5038 4662 4667
f 5038 4667 5037
f 4663 4662 5038
f 4663 5038 5039
f 5004 4663 5039
f 5004 5039 5040
f 5041 4846 5004
f 5041 5004 5040
f 1929 4846 5041
f 1929 5041 2245
f 5042 5043 2369
f 5042 2369 2372
f 2361 5044 5045
f 2361 5045 2367
f 5046 5047 5048
f 5046 5048 5049
f 5050 5051 5046
f 5050 5046 5052
f 5051 5053 5047
f 5051 5047 5046
f 5054 5055 5056
f 5054 5056 5057
f 5058 5059 5060
f 5058 5060 5061
f 5062 5063 5059
f 5062 5059 5058
f 5057 5056 5064
f 5057 5064 5065
f 5066 5067 5068
f 5066 5068 5069
f 5070 4582 4585
f 5070 4585 5071
f 5068 5072 5073
f 5068 5073 5069
f 5074 4591 4590
f 5074 4590 5075
f 5076 5077 5078
f 5076 5078 5079
f 5071 4585 4597
f 5071 4597 5080
f 2377 5081 5082
f 2377 5082 2459
f 2464 5083 5084
f 2464 5084 5085
f 5086 5087 5088
f 5086 5088 5089
f 5090 5084 5083
f 5090 5083 5091
f 5092 5093 5087
f 5092 5087 5086
f 5089 5088 5094
f 5089 5094 5095
f 5088 5087 5096
f 5088 5096 5097
f 5098 5094 5088
f 5098 5088 5097
f 5099 2461 2464
f 5099 2464 5085
f 5081 5100 5101
f 5081 5101 5102
f 5103 5104 5101
f 5103 5101 5100
f 5105 5104 5103
f 5105 5103 5106
f 5107 5105 5106
f 5107 5106 5108
f 5107 5108 5109
f 5107 5109 5110
f 5111 5112 5113
f 5111 5113 5114
f 5114 5113 5078
f 5114 5078 5115
f 5115 5078 5077
f 5115 5077 5116
f 5117 5096 5087
f 5117 5087 5093
f 5075 4590 4636
f 5075 4636 5118
f 5119 4640 4639
f 5119 4639 5120
f 5109 5121 5122
f 5109 5122 5110
f 5123 5043 5063
f 5123 5063 5062
f 5079 5078 5113
f 5079 5113 5124
f 5124 5113 5112
f 5124 5112 5125
f 5126 5127 5070
f 5126 5070 5071
f 5071 5080 5128
f 5071 5128 5126
f 5075 5129 5130
f 5075 5130 5074
f 5075 5118 5131
f 5075 5131 5129
f 5132 5133 5119
f 5132 5119 5120
f 5134 5132 5120
f 5134 5120 5135
f 2465 2515 5136
f 2465 5136 5137
f 5137 4658 209
f 5137 209 2465
f 5120 4639 4659
f 5120 4659 5135
f 5138 5139 3198
f 5138 3198 3195
f 5045 5138 3195
f 5045 3195 2367
f 5140 5141 5142
f 5140 5142 5143
f 5144 5141 5140
f 5144 5140 5145
f 5146 5147 5148
f 5146 5148 5149
f 5150 5146 5149
f 5150 5149 5151
f 5152 5153 5154
f 5152 5154 5155
f 5153 5156 5157
f 5153 5157 5154
f 5158 5159 5160
f 5158 5160 5161
f 5162 5158 5161
f 5162 5161 5163
f 3222 3198 5139
f 3222 5139 5164
f 5165 5166 5144
f 5165 5144 5145
f 5157 5156 5167
f 5157 5167 5168
f 5147 5169 5170
f 5147 5170 5148
f 5159 5171 5172
f 5159 5172 5160
f 4695 4696 5147
f 4695 5147 5146
f 5147 4696 4697
f 5147 4697 5169
f 5150 4698 4695
f 5150 4695 5146
f 5081 5102 5173
f 5081 5173 5082
f 5109 5058 5061
f 5109 5061 5121
f 5108 5062 5058
f 5108 5058 5109
f 5106 5123 5062
f 5106 5062 5108
f 5103 2373 5123
f 5103 5123 5106
f 2373 2369 5043
f 2373 5043 5123
f 5100 2375 2373
f 5100 2373 5103
f 5081 2377 2375
f 5081 2375 5100
f 5174 5175 5176
f 5174 5176 5177
f 5091 5178 5179
f 5091 5179 5090
f 5180 5181 5093
f 5180 5093 5092
f 5101 5182 5183
f 5101 5183 5102
f 5104 5184 5182
f 5104 5182 5101
f 5105 5185 5184
f 5105 5184 5104
f 5107 5186 5185
f 5107 5185 5105
f 5110 5187 5186
f 5110 5186 5107
f 5111 5188 5189
f 5111 5189 5112
f 5122 5190 5187
f 5122 5187 5110
f 5112 5189 5191
f 5112 5191 5125
f 5102 5183 5192
f 5102 5192 5173
f 5117 5093 5181
f 5117 5181 5193
f 5194 5195 5053
f 5194 5053 5051
f 5185 5196 5197
f 5185 5197 5184
f 5182 5198 5199
f 5182 5199 5183
f 5184 5197 5198
f 5184 5198 5182
f 5200 5201 5195
f 5200 5195 5194
f 5175 5202 5203
f 5175 5203 5176
f 5190 5204 5205
f 5190 5205 5187
f 5206 5176 5203
f 5206 5203 5207
f 5205 5208 5186
f 5205 5186 5187
f 5208 5196 5185
f 5208 5185 5186
f 5178 5209 5210
f 5178 5210 5179
f 5211 5212 5181
f 5211 5181 5180
f 5188 5213 5214
f 5188 5214 5189
f 5189 5214 5215
f 5189 5215 5191
f 5181 5212 5216
f 5181 5216 5193
f 5183 5199 5217
f 5183 5217 5192
f 5218 5219 5212
f 5218 5212 5211
f 5198 5220 5221
f 5198 5221 5199
f 5197 5222 5220
f 5197 5220 5198
f 5209 5223 5224
f 5209 5224 5210
f 5199 5221 5225
f 5199 5225 5217
f 5226 5227 5201
f 5226 5201 5200
f 5202 5228 5229
f 5202 5229 5203
f 5204 5230 5231
f 5204 5231 5205
f 5207 5203 5229
f 5207 5229 5232
f 5213 5233 5234
f 5213 5234 5214
f 5214 5234 5235
f 5214 5235 5215
f 5212 5219 5236
f 5212 5236 5216
f 5237 5238 5227
f 5237 5227 5226
f 5221 5239 5240
f 5221 5240 5225
f 5230 5241 5242
f 5230 5242 5231
f 5232 5229 5243
f 5232 5243 5244
f 5229 5228 5245
f 5229 5245 5243
f 5239 5246 5247
f 5239 5247 5240
f 5242 5248 5249
f 5242 5249 5250
f 5241 5251 5248
f 5241 5248 5242
f 5244 5243 5252
f 5244 5252 5253
f 5245 5254 5252
f 5245 5252 5243
f 5255 5256 5238
f 5255 5238 5237
f 5257 5258 5256
f 5257 5256 5255
f 5254 5259 5260
f 5254 5260 5252
f 5251 5261 5262
f 5251 5262 5248
f 5249 5248 5262
f 5249 5262 5263
f 5253 5252 5260
f 5253 5260 5264
f 5247 5246 5265
f 5247 5265 5266
f 5259 5267 5268
f 5259 5268 5260
f 5264 5260 5268
f 5264 5268 5269
f 5270 5271 5258
f 5270 5258 5257
f 5261 5272 5273
f 5261 5273 5262
f 5262 5273 5274
f 5262 5274 5263
f 5266 5265 5275
f 5266 5275 5276
f 5267 5277 5278
f 5267 5278 5268
f 5272 5279 5280
f 5272 5280 5273
f 5273 5280 5281
f 5273 5281 5274
f 5276 5275 5282
f 5276 5282 5283
f 5284 5285 5271
f 5284 5271 5270
f 5269 5268 5278
f 5269 5278 5286
f 5283 5282 5287
f 5283 5287 5288
f 5280 5289 5290
f 5280 5290 5281
f 5279 5291 5289
f 5279 5289 5280
f 5286 5278 5292
f 5286 5292 5293
f 5277 5294 5292
f 5277 5292 5278
f 5295 5296 5285
f 5295 5285 5284
f 5196 5297 5222
f 5196 5222 5197
f 5208 5298 5297
f 5208 5297 5196
f 5205 5231 5298
f 5205 5298 5208
f 5231 5242 5250
f 5231 5250 5298
f 5220 5299 5239
f 5220 5239 5221
f 5222 5300 5299
f 5222 5299 5220
f 5297 5301 5300
f 5297 5300 5222
f 5298 5250 5301
f 5298 5301 5297
f 5249 5302 5301
f 5249 5301 5250
f 5263 5303 5302
f 5263 5302 5249
f 5274 5304 5303
f 5274 5303 5263
f 5281 5305 5304
f 5281 5304 5274
f 5290 5306 5305
f 5290 5305 5281
f 5307 5308 5305
f 5307 5305 5306
f 5308 5309 5304
f 5308 5304 5305
f 5309 5310 5303
f 5309 5303 5304
f 5310 5311 5302
f 5310 5302 5303
f 5301 5302 5311
f 5301 5311 5300
f 5312 5313 5308
f 5312 5308 5307
f 5313 5314 5309
f 5313 5309 5308
f 5314 5315 5310
f 5314 5310 5309
f 5315 5316 5311
f 5315 5311 5310
f 5316 5299 5300
f 5316 5300 5311
f 5316 5246 5239
f 5316 5239 5299
f 5315 5265 5246
f 5315 5246 5316
f 5314 5275 5265
f 5314 5265 5315
f 5313 5282 5275
f 5313 5275 5314
f 5312 5287 5282
f 5312 5282 5313
f 4144 5317 5318
f 4144 5318 4145
f 4148 4149 5319
f 4148 5319 5320
f 4156 1939 4848
f 4156 4848 5321
f 5322 4157 4156
f 5322 4156 5321
f 5323 4153 4152
f 5323 4152 5324
f 5144 5166 5167
f 5144 5167 5156
f 5141 5144 5156
f 5141 5156 5153
f 5152 5142 5141
f 5152 5141 5153
f 5317 4144 4148
f 5317 4148 5320
f 4145 5318 5325
f 4145 5325 3883
f 3883 5325 5326
f 3883 5326 3884
f 2361 3885 5327
f 2361 5327 5044
f 5326 5328 3886
f 5326 3886 3884
f 5328 5327 3885
f 5328 3885 3886
f 5044 5327 5329
f 5044 5329 5330
f 5044 5330 5331
f 5044 5331 5045
f 5328 5332 5329
f 5328 5329 5327
f 5326 5333 5332
f 5326 5332 5328
f 5325 5334 5333
f 5325 5333 5326
f 5318 5335 5334
f 5318 5334 5325
f 5331 5336 5138
f 5331 5138 5045
f 5336 5337 5139
f 5336 5139 5138
f 5337 5338 5164
f 5337 5164 5139
f 5339 5063 5043
f 5339 5043 5042
f 5340 5059 5063
f 5340 5063 5339
f 5332 5341 5342
f 5332 5342 5329
f 5330 5329 5342
f 5330 5342 5343
f 5330 5343 5344
f 5330 5344 5331
f 5344 5345 5336
f 5344 5336 5331
f 5345 5346 5337
f 5345 5337 5336
f 5346 5347 5338
f 5346 5338 5337
f 5333 5348 5341
f 5333 5341 5332
f 5334 5349 5348
f 5334 5348 5333
f 5335 5155 5349
f 5335 5349 5334
f 5154 5157 5350
f 5154 5350 5351
f 5154 5351 5349
f 5154 5349 5155
f 5168 5352 5350
f 5168 5350 5157
f 5351 5350 5353
f 5351 5353 5354
f 5351 5354 5348
f 5351 5348 5349
f 5352 5355 5353
f 5352 5353 5350
f 5356 5060 5059
f 5356 5059 5340
f 5357 5358 5347
f 5357 5347 5346
f 5359 5357 5346
f 5359 5346 5345
f 5344 5343 5359
f 5344 5359 5345
f 5121 5360 5361
f 5121 5361 5122
f 5360 5362 5177
f 5360 5177 5361
f 5061 5363 5360
f 5061 5360 5121
f 5363 5364 5362
f 5363 5362 5360
f 5060 5365 5363
f 5060 5363 5061
f 5365 5366 5364
f 5365 5364 5363
f 5356 5367 5365
f 5356 5365 5060
f 5357 5368 5369
f 5357 5369 5358
f 5359 5370 5368
f 5359 5368 5357
f 5343 5342 5370
f 5343 5370 5359
f 5367 5371 5366
f 5367 5366 5365
f 5368 5372 5373
f 5368 5373 5369
f 5341 5374 5370
f 5341 5370 5342
f 5354 5374 5341
f 5354 5341 5348
f 5368 5370 5374
f 5368 5374 5372
f 5354 5353 5372
f 5354 5372 5374
f 5353 5355 5373
f 5353 5373 5372
f 5375 5376 5377
f 5375 5377 5378
f 5378 5377 5379
f 5378 5379 5380
f 5380 5379 5381
f 5380 5381 5382
f 5382 5381 5366
f 5382 5366 5371
f 5379 5383 5384
f 5379 5384 5381
f 5381 5384 5364
f 5381 5364 5366
f 5049 5048 5055
f 5049 5055 5054
f 5072 5076 5079
f 5072 5079 5073
f 5080 5074 5130
f 5080 5130 5128
f 5080 4597 4591
f 5080 4591 5074
f 5383 5385 5386
f 5383 5386 5384
f 5384 5386 5362
f 5384 5362 5364
f 5379 5055 5048
f 5379 5048 5383
f 5383 5048 5047
f 5383 5047 5385
f 5377 5376 5064
f 5377 5064 5056
f 5377 5056 5055
f 5377 5055 5379
f 5070 5387 4914
f 5070 4914 4582
f 5127 5388 5387
f 5127 5387 5070
f 5066 5389 5390
f 5066 5390 5067
f 5065 5391 5392
f 5065 5392 5393
f 5064 5394 5391
f 5064 5391 5065
f 5376 5375 5394
f 5376 5394 5064
f 5206 5361 5177
f 5206 5177 5176
f 5177 5362 5386
f 5177 5386 5174
f 5395 5175 5174
f 5395 5174 5396
f 5397 5202 5175
f 5397 5175 5395
f 5398 5228 5202
f 5398 5202 5397
f 5399 5245 5228
f 5399 5228 5398
f 5400 5254 5245
f 5400 5245 5399
f 5401 5259 5254
f 5401 5254 5400
f 5402 5267 5259
f 5402 5259 5401
f 5403 5277 5267
f 5403 5267 5402
f 5404 5294 5277
f 5404 5277 5403
f 5174 5386 5385
f 5174 5385 5396
f 5195 5395 5396
f 5195 5396 5053
f 5201 5397 5395
f 5201 5395 5195
f 5227 5398 5397
f 5227 5397 5201
f 5238 5399 5398
f 5238 5398 5227
f 5256 5400 5399
f 5256 5399 5238
f 5258 5401 5400
f 5258 5400 5256
f 5271 5402 5401
f 5271 5401 5258
f 5285 5403 5402
f 5285 5402 5271
f 5296 5404 5403
f 5296 5403 5285
f 5396 5385 5047
f 5396 5047 5053
f 5190 5206 5207
f 5190 5207 5204
f 5244 5241 5230
f 5244 5230 5232
f 5253 5251 5241
f 5253 5241 5244
f 5264 5261 5251
f 5264 5251 5253
f 5269 5272 5261
f 5269 5261 5264
f 5286 5279 5272
f 5286 5272 5269
f 5293 5291 5279
f 5293 5279 5286
f 5122 5361 5206
f 5122 5206 5190
f 5287 5405 5406
f 5287 5406 5288
f 5404 5407 5408
f 5404 5408 5294
f 5296 5409 5407
f 5296 5407 5404
f 5410 5409 5296
f 5410 5296 5295
f 5292 5294 5408
f 5292 5408 5293
f 5289 5411 5412
f 5289 5412 5290
f 5307 5412 5413
f 5307 5413 5312
f 5289 5291 5414
f 5289 5414 5411
f 5408 5414 5291
f 5408 5291 5293
f 5412 5307 5306
f 5412 5306 5290
f 5312 5413 5405
f 5312 5405 5287
f 5407 5415 5414
f 5407 5414 5408
f 5409 5416 5415
f 5409 5415 5407
f 5417 5416 5409
f 5417 5409 5410
f 5415 5418 5411
f 5415 5411 5414
f 5416 5419 5418
f 5416 5418 5415
f 5416 5417 5420
f 5416 5420 5419
f 5413 5418 5419
f 5413 5419 5405
f 5418 5413 5412
f 5418 5412 5411
f 5419 5420 5406
f 5419 5406 5405
f 4914 5387 5169
f 4914 5169 4697
f 5388 5170 5169
f 5388 5169 5387
f 5389 5172 5171
f 5389 5171 5390
f 5391 5165 5421
f 5391 5421 5392
f 5394 5166 5165
f 5394 5165 5391
f 5375 5167 5166
f 5375 5166 5394
f 5168 5167 5375
f 5168 5375 5378
f 5168 5378 5380
f 5168 5380 5352
f 5352 5380 5382
f 5352 5382 5355
f 5355 5382 5371
f 5355 5371 5373
f 5367 5369 5373
f 5367 5373 5371
f 5358 5369 5367
f 5358 5367 5356
f 5347 5358 5356
f 5347 5356 5340
f 5338 5347 5340
f 5338 5340 5339
f 5164 5338 5339
f 5164 5339 5042
f 5164 5042 2372
f 5164 2372 3222
f 5422 5423 5234
f 5422 5234 5233
f 5219 5424 5425
f 5219 5425 5236
f 5426 5424 5219
f 5426 5219 5218
f 5224 5223 5427
f 5224 5427 5428
f 5424 5429 5430
f 5424 5430 5425
f 5431 5429 5424
f 5431 5424 5426
f 5427 5432 5433
f 5427 5433 5428
f 5234 5423 5434
f 5234 5434 5235
f 5423 5435 5436
f 5423 5436 5434
f 5435 5437 5438
f 5435 5438 5436
f 5437 5439 5440
f 5437 5440 5438
f 5441 5435 5423
f 5441 5423 5422
f 5442 5437 5435
f 5442 5435 5441
f 5429 5443 5444
f 5429 5444 5430
f 5445 5443 5429
f 5445 5429 5431
f 5432 5446 5447
f 5432 5447 5433
f 5442 5448 5439
f 5442 5439 5437
f 5443 5449 5450
f 5443 5450 5444
f 5451 5449 5443
f 5451 5443 5445
f 5446 5452 5453
f 5446 5453 5447
f 5439 5454 5455
f 5439 5455 5440
f 5448 5456 5454
f 5448 5454 5439
f 5449 5457 5458
f 5449 5458 5450
f 5459 5457 5449
f 5459 5449 5451
f 5452 5460 5461
f 5452 5461 5453
f 5454 5462 5463
f 5454 5463 5455
f 5460 5464 5465
f 5460 5465 5461
f 5466 5467 5457
f 5466 5457 5459
f 5457 5467 5468
f 5457 5468 5458
f 5469 5462 5454
f 5469 5454 5456
f 5469 5470 5463
f 5469 5463 5462
f 5467 5471 5472
f 5467 5472 5468
f 5461 5465 5466
f 5461 5466 5459
f 5453 5461 5459
f 5453 5459 5451
f 5447 5453 5451
f 5447 5451 5445
f 5433 5447 5445
f 5433 5445 5431
f 5428 5433 5431
f 5428 5431 5426
f 5224 5428 5426
f 5224 5426 5218
f 5210 5224 5218
f 5210 5218 5211
f 5179 5210 5211
f 5179 5211 5180
f 5090 5179 5180
f 5090 5180 5092
f 5090 5092 5086
f 5090 5086 5084
f 5084 5086 5089
f 5084 5089 5085
f 5085 5089 5095
f 5085 5095 5099
f 5136 5134 5135
f 5136 5135 5137
f 5135 4659 4658
f 5135 4658 5137
f 5466 5473 5471
f 5466 5471 5467
f 5464 5473 5466
f 5464 5466 5465
f 5469 5468 5472
f 5469 5472 5470
f 5456 5458 5468
f 5456 5468 5469
f 5448 5450 5458
f 5448 5458 5456
f 5442 5444 5450
f 5442 5450 5448
f 5441 5430 5444
f 5441 5444 5442
f 5422 5425 5430
f 5422 5430 5441
f 5233 5236 5425
f 5233 5425 5422
f 5213 5216 5236
f 5213 5236 5233
f 5188 5193 5216
f 5188 5216 5213
f 5111 5117 5193
f 5111 5193 5188
f 5114 5096 5117
f 5114 5117 5111
f 5115 5097 5096
f 5115 5096 5114
f 5116 5098 5097
f 5116 5097 5115
f 5118 5119 5133
f 5118 5133 5131
f 4636 4640 5119
f 4636 5119 5118
f 5207 5232 5230
f 5207 5230 5204
f 5474 5152 5155
f 5474 5155 5335
f 5142 5152 5474
f 5142 5474 5475
f 5475 5476 5143
f 5475 5143 5142
f 5477 5162 5163
f 5477 5163 5478
f 5150 5151 5479
f 5150 5479 5480
f 5480 5009 4698
f 5480 4698 5150
f 5317 5474 5335
f 5317 5335 5318
f 5474 5317 5320
f 5474 5320 5475
f 5476 5475 5320
f 5476 5320 5319
f 5478 5323 5324
f 5478 5324 5477
f 5479 5322 5321
f 5479 5321 5480
f 5321 4848 5009
f 5321 5009 5480
f 2464 4444 5481
f 2464 5481 5083
f 5482 5091 5083
f 5482 5083 5481
f 5483 5178 5091
f 5483 5091 5482
f 5484 5209 5178
f 5484 5178 5483
f 5485 5223 5209
f 5485 5209 5484
f 5486 5427 5223
f 5486 5223 5485
f 5487 5432 5427
f 5487 5427 5486
f 5488 5446 5432
f 5488 5432 5487
f 5489 5452 5446
f 5489 5446 5488
f 5452 5489 5490
f 5452 5490 5460
f 5491 5464 5460
f 5491 5460 5490
f 5464 5491 5492
f 5464 5492 5473
f 5473 5492 5493
f 5473 5493 5471
f 5471 5493 5494
f 5471 5494 5472
f 5470 5472 5494
f 5470 5494 5495
f 5463 5470 5495
f 5463 5495 5496
f 5455 5463 5496
f 5455 5496 5497
f 5440 5455 5497
f 5440 5497 5498
f 5438 5440 5498
f 5438 5498 5499
f 5436 5438 5499
f 5436 5499 5500
f 5434 5436 5500
f 5434 5500 5501
f 5235 5434 5501
f 5235 5501 5502
f 5215 5235 5502
f 5215 5502 5503
f 5191 5215 5503
f 5191 5503 5504
f 5050 5125 5191
f 5050 5191 5504
f 5125 5050 5052
f 5125 5052 5124
f 5124 5052 5505
f 5124 5505 5079
f 5073 5079 5505
f 5073 5505 5506
f 5069 5073 5506
f 5069 5506 5507
f 5066 5069 5507
f 5066 5507 5393
f 5392 5389 5066
f 5392 5066 5393
f 5421 5172 5389
f 5421 5389 5392
f 5160 5172 5421
f 5160 5421 5508
f 5161 5160 5508
f 5161 5508 5509
f 5163 5161 5509
f 5163 5509 5510
f 5163 5510 5511
f 5163 5511 5478
f 5512 5323 5478
f 5512 5478 5511
f 4445 4153 5323
f 4445 5323 5512
f 5082 5481 4444
f 5082 4444 2459
f 5173 5482 5481
f 5173 5481 5082
f 5192 5483 5482
f 5192 5482 5173
f 5217 5484 5483
f 5217 5483 5192
f 5225 5485 5484
f 5225 5484 5217
f 5240 5486 5485
f 5240 5485 5225
f 5247 5487 5486
f 5247 5486 5240
f 5266 5488 5487
f 5266 5487 5247
f 5276 5489 5488
f 5276 5488 5266
f 5283 5490 5489
f 5283 5489 5276
f 5288 5491 5490
f 5288 5490 5283
f 5406 5492 5491
f 5406 5491 5288
f 5493 5492 5406
f 5493 5406 5420
f 5494 5493 5420
f 5494 5420 5417
f 5495 5494 5417
f 5495 5417 5410
f 5496 5495 5410
f 5496 5410 5295
f 5497 5496 5295
f 5497 5295 5284
f 5498 5497 5284
f 5498 5284 5270
f 5499 5498 5270
f 5499 5270 5257
f 5500 5499 5257
f 5500 5257 5255
f 5501 5500 5255
f 5501 5255 5237
f 5502 5501 5237
f 5502 5237 5226
f 5503 5502 5226
f 5503 5226 5200
f 5504 5503 5200
f 5504 5200 5194
f 5050 5504 5194
f 5050 5194 5051
f 5049 5505 5052
f 5049 5052 5046
f 5506 5505 5049
f 5506 5049 5054
f 5057 5507 5506
f 5057 5506 5054
f 5393 5507 5057
f 5393 5057 5065
f 5508 5421 5165
f 5508 5165 5145
f 5509 5508 5145
f 5509 5145 5140
f 5143 5510 5509
f 5143 5509 5140
f 5476 5511 5510
f 5476 5510 5143
f 5512 5511 5476
f 5512 5476 5319
f 4149 4445 5512
f 4149 5512 5319
f 5324 4152 4157
f 5324 4157 5322
f 5477 5324 5322
f 5477 5322 5479
f 5151 5162 5477
f 5151 5477 5479
f 5151 5149 5158
f 5151 5158 5162
f 5149 5148 5159
f 5149 5159 5158
f 5148 5170 5171
f 5148 5171 5159
f 5390 5171 5170
f 5390 5170 5388
f 5067 5390 5388
f 5067 5388 5127
f 5068 5067 5127
f 5068 5127 5126
f 5126 5128 5072
f 5126 5072 5068
f 5128 5130 5076
f 5128 5076 5072
f 5130 5129 5077
f 5130 5077 5076
f 5116 5077 5129
f 5116 5129 5131
f 5131 5133 5098
f 5131 5098 5116
f 5132 5094 5098
f 5132 5098 5133
f 5095 5094 5132
f 5095 5132 5134
f 5099 5095 5134
f 5099 5134 5136
f 2515 2461 5099
f 2515 5099 5136
f 255 4657 4616
f 255 4616 203
f 4611 4616 4657
f 4611 4657 4654
f 4612 4611 4654
f 4612 4654 4652
f 4652 4653 4615
f 4652 4615 4612
f 4651 4633 4615
f 4651 4615 4653
f 4592 4633 4651
f 4592 4651 4650
f 4649 4593 4592
f 4649 4592 4650
f 4648 4586 4593
f 4648 4593 4649
f 4647 4578 4586
f 4647 4586 4648
f 4646 4579 4578
f 4646 4578 4647
f 4917 4579 4646
f 4917 4646 4916
f 4693 4917 4916
f 4693 4916 4691
f 4670 4680 4693
f 4670 4693 4691
f 4669 4681 4680
f 4669 4680 4670
f 4673 4684 4681
f 4673 4681 4669
f 4673 5008 5005
f 4673 5005 4684
f 4851 5005 5008
f 4851 5008 4849
f 1931 4851 4849
f 1931 4849 1937
f 5513 5514 5515
f 5513 5515 5516
f 5517 5514 5513
f 5517 5513 5518
f 5519 5520 5521
f 5519 5521 5522
f 5521 5520 5523
f 5521 5523 5524
f 5514 5517 5523
f 5514 5523 5520
f 5515 5514 5520
f 5515 5520 5519
f 5525 5517 5518
f 5525 5518 5526
f 5527 5513 5516
f 5527 5516 5528
f 5513 5527 5529
f 5513 5529 5518
f 5527 5530 5531
f 5527 5531 5529
f 5530 5527 5528
f 5530 5528 5532
f 5516 5515 5533
f 5516 5533 5534
f 5524 5523 5535
f 5524 5535 5536
f 5517 5525 5535
f 5517 5535 5523
f 5537 5519 5522
f 5537 5522 5538
f 5533 5515 5519
f 5533 5519 5537
f 5539 5525 5526
f 5539 5526 5540
f 5518 5529 5541
f 5518 5541 5526
f 5529 5531 5542
f 5529 5542 5541
f 5543 5544 5545
f 5543 5545 5546
f 5544 5543 5547
f 5544 5547 5548
f 5528 5516 5534
f 5528 5534 5549
f 5532 5528 5549
f 5532 5549 5550
f 5534 5533 5551
f 5534 5551 5552
f 5521 5553 5554
f 5521 5554 5522
f 5555 5553 5521
f 5555 5521 5524
f 5536 5535 5556
f 5536 5556 5557
f 5525 5539 5556
f 5525 5556 5535
f 5558 5537 5538
f 5558 5538 5559
f 5551 5533 5537
f 5551 5537 5558
f 5560 5539 5540
f 5560 5540 5561
f 5526 5541 5562
f 5526 5562 5540
f 5541 5542 5563
f 5541 5563 5562
f 5548 5547 5564
f 5548 5564 5565
f 5543 5566 5567
f 5543 5567 5547
f 5566 5543 5546
f 5566 5546 5568
f 5546 5545 5569
f 5546 5569 5570
f 5549 5534 5552
f 5549 5552 5571
f 5550 5549 5571
f 5550 5571 5572
f 5552 5551 5573
f 5552 5573 5574
f 5575 5576 5577
f 5575 5577 5578
f 5576 5575 5579
f 5576 5579 5580
f 5575 5553 5555
f 5575 5555 5579
f 5553 5575 5578
f 5553 5578 5554
f 5581 5555 5524
f 5581 5524 5536
f 5522 5554 5582
f 5522 5582 5538
f 5556 5583 5584
f 5556 5584 5557
f 5539 5560 5583
f 5539 5583 5556
f 5585 5558 5559
f 5585 5559 5586
f 5573 5551 5558
f 5573 5558 5585
f 5587 5560 5561
f 5587 5561 5588
f 5589 5587 5588
f 5589 5588 5590
f 5562 5591 5561
f 5562 5561 5540
f 5562 5563 5592
f 5562 5592 5591
f 5565 5564 5593
f 5565 5593 5594
f 5547 5567 5595
f 5547 5595 5564
f 5567 5566 5596
f 5567 5596 5597
f 5566 5568 5598
f 5566 5598 5596
f 5568 5546 5570
f 5568 5570 5599
f 5570 5569 5600
f 5570 5600 5601
f 5571 5552 5574
f 5571 5574 5602
f 5572 5571 5602
f 5572 5602 5603
f 5580 5579 5604
f 5580 5604 5605
f 5579 5555 5581
f 5579 5581 5604
f 5578 5577 5606
f 5578 5606 5607
f 5554 5578 5607
f 5554 5607 5582
f 5608 5581 5536
f 5608 5536 5557
f 5538 5582 5609
f 5538 5609 5559
f 5583 5610 5611
f 5583 5611 5584
f 5587 5589 5612
f 5587 5612 5610
f 5560 5587 5610
f 5560 5610 5583
f 5613 5589 5590
f 5613 5590 5614
f 5615 5588 5561
f 5615 5561 5591
f 5615 5616 5590
f 5615 5590 5588
f 5615 5617 5618
f 5615 5618 5616
f 5615 5591 5592
f 5615 5592 5617
f 5619 5594 5593
f 5619 5593 5620
f 5564 5595 5621
f 5564 5621 5593
f 5595 5567 5597
f 5595 5597 5622
f 5623 5624 5597
f 5623 5597 5596
f 5625 5623 5596
f 5625 5596 5598
f 5568 5599 5626
f 5568 5626 5598
f 5599 5570 5601
f 5599 5601 5627
f 265 268 5574
f 265 5574 5573
f 5628 5629 5630
f 5628 5630 5631
f 5629 5628 5632
f 5629 5632 5633
f 5605 5604 5634
f 5605 5634 5635
f 5604 5581 5608
f 5604 5608 5634
f 5607 5606 5636
f 5607 5636 5637
f 5582 5607 5637
f 5582 5637 5609
f 5638 5608 5557
f 5638 5557 5584
f 5559 5609 5639
f 5559 5639 5586
f 5612 5640 5641
f 5612 5641 5642
f 5589 5613 5640
f 5589 5640 5612
f 271 270 5585
f 271 5585 5586
f 270 265 5573
f 270 5573 5585
f 5643 5614 5590
f 5643 5590 5616
f 5643 5616 5618
f 5643 5618 5644
f 5645 5619 5620
f 5645 5620 5646
f 5647 5645 5646
f 5647 5646 5648
f 5620 5593 5621
f 5620 5621 5649
f 5621 5595 5622
f 5621 5622 5650
f 5624 5651 5622
f 5624 5622 5597
f 5652 5623 5625
f 5652 5625 5653
f 5623 5652 5654
f 5623 5654 5624
f 5655 5656 5657
f 5655 5657 5658
f 5656 5659 5660
f 5656 5660 5657
f 5661 5625 5598
f 5661 5598 5626
f 5599 5627 5662
f 5599 5662 5626
f 268 274 5602
f 268 5602 5574
f 274 276 5603
f 274 5603 5602
f 5663 5664 5665
f 5663 5665 5666
f 5664 5667 5668
f 5664 5668 5665
f 5633 5632 5669
f 5633 5669 5670
f 5631 5630 5671
f 5631 5671 5672
f 5634 5673 5674
f 5634 5674 5635
f 5634 5608 5638
f 5634 5638 5673
f 5637 5636 5675
f 5637 5675 5676
f 5609 5637 5676
f 5609 5676 5639
f 5677 5638 5584
f 5677 5584 5611
f 5678 5647 5648
f 5678 5648 5679
f 5648 5646 5680
f 5648 5680 5681
f 5646 5620 5649
f 5646 5649 5680
f 5649 5621 5650
f 5649 5650 5682
f 5651 5683 5650
f 5651 5650 5622
f 5624 5654 5684
f 5624 5684 5651
f 5685 5655 5658
f 5685 5658 5686
f 5653 5625 5661
f 5653 5661 5687
f 5659 5688 5689
f 5659 5689 5660
f 5690 5661 5626
f 5690 5626 5662
f 5691 5668 5667
f 5691 5667 5692
f 5693 5663 5666
f 5693 5666 5694
f 5670 5669 5695
f 5670 5695 5696
f 5672 5671 5697
f 5672 5697 5698
f 5674 5673 5699
f 5674 5699 5700
f 5699 5673 5638
f 5699 5638 5677
f 5701 5702 5642
f 5701 5642 5641
f 5639 281 271
f 5639 271 5586
f 5679 5648 5681
f 5679 5681 5703
f 5681 5680 5704
f 5681 5704 5705
f 5680 5649 5682
f 5680 5682 5704
f 5683 5706 5682
f 5683 5682 5650
f 5651 5684 5707
f 5651 5707 5683
f 5708 5685 5686
f 5708 5686 5709
f 5687 5661 5690
f 5687 5690 5710
f 5688 5711 5712
f 5688 5712 5689
f 5713 5714 5715
f 5713 5715 5716
f 5715 5714 5717
f 5715 5717 5718
f 5719 5691 5692
f 5719 5692 5720
f 5721 5693 5694
f 5721 5694 5722
f 5723 5696 5695
f 5723 5695 5724
f 5698 5697 5725
f 5698 5725 5726
f 5727 5728 5729
f 5727 5729 5730
f 5730 5729 5702
f 5730 5702 5701
f 286 285 5676
f 286 5676 5675
f 285 281 5639
f 285 5639 5676
f 5703 5681 5705
f 5703 5705 5731
f 5732 5733 5705
f 5732 5705 5704
f 5706 5732 5704
f 5706 5704 5682
f 5707 5734 5706
f 5707 5706 5683
f 5735 5708 5709
f 5735 5709 5736
f 5737 5738 5657
f 5737 5657 5660
f 5738 5739 5658
f 5738 5658 5657
f 5739 5738 5740
f 5739 5740 5741
f 5740 5738 5737
f 5740 5737 5742
f 5716 5715 5743
f 5716 5743 5744
f 5745 5743 5715
f 5745 5715 5718
f 5718 5717 5746
f 5718 5746 5747
f 5748 5713 5716
f 5748 5716 5749
f 5720 5750 5751
f 5720 5751 5719
f 5752 5721 5722
f 5752 5722 5753
f 5754 5723 5724
f 5754 5724 5755
f 5733 5756 5731
f 5733 5731 5705
f 5734 5757 5732
f 5734 5732 5706
f 5757 5758 5733
f 5757 5733 5732
f 5759 5760 5761
f 5759 5761 5762
f 5760 5735 5736
f 5760 5736 5761
f 5739 5763 5686
f 5739 5686 5658
f 5763 5739 5741
f 5763 5741 5764
f 5741 5740 5765
f 5741 5765 5766
f 5765 5740 5742
f 5765 5742 5767
f 5768 5737 5660
f 5768 5660 5689
f 5742 5737 5768
f 5742 5768 5769
f 5745 5718 5747
f 5745 5747 5770
f 5749 5716 5744
f 5749 5744 5771
f 5747 5746 5772
f 5747 5772 5773
f 5774 5748 5749
f 5774 5749 5775
f 5776 5751 5750
f 5776 5750 5777
f 5778 5779 5780
f 5778 5780 5781
f 288 287 5726
f 288 5726 5725
f 5758 5782 5756
f 5758 5756 5733
f 5783 5759 5762
f 5783 5762 5784
f 5763 5785 5709
f 5763 5709 5686
f 5785 5763 5764
f 5785 5764 5786
f 5764 5741 5766
f 5764 5766 5787
f 5766 5765 5788
f 5766 5788 5789
f 5788 5765 5767
f 5788 5767 5790
f 5767 5742 5769
f 5767 5769 5791
f 5792 5768 5689
f 5792 5689 5712
f 5769 5768 5792
f 5769 5792 5793
f 5794 5770 5747
f 5794 5747 5773
f 5775 5749 5771
f 5775 5771 5795
f 5772 5796 5797
f 5772 5797 5773
f 5798 5774 5775
f 5798 5775 5799
f 5800 5801 5779
f 5800 5779 5778
f 5753 305 304
f 5753 304 5752
f 5785 5802 5736
f 5785 5736 5709
f 5802 5785 5786
f 5802 5786 5803
f 5786 5764 5787
f 5786 5787 5804
f 5787 5766 5789
f 5787 5789 5805
f 5789 5788 5806
f 5789 5806 5807
f 5806 5788 5790
f 5806 5790 5808
f 5790 5767 5791
f 5790 5791 5809
f 5791 5769 5793
f 5791 5793 5810
f 5811 5792 5712
f 5811 5712 5812
f 5793 5792 5811
f 5793 5811 5813
f 5773 5797 5814
f 5773 5814 5794
f 5799 5775 5795
f 5799 5795 5815
f 5796 5816 5817
f 5796 5817 5797
f 5802 5818 5761
f 5802 5761 5736
f 5818 5819 5762
f 5818 5762 5761
f 5819 5818 5820
f 5819 5820 5821
f 5818 5802 5803
f 5818 5803 5820
f 5803 5786 5804
f 5803 5804 5822
f 5804 5787 5805
f 5804 5805 5823
f 5805 5789 5807
f 5805 5807 5824
f 5807 5806 5825
f 5807 5825 5826
f 5806 5808 5827
f 5806 5827 5825
f 5808 5790 5809
f 5808 5809 5828
f 5809 5791 5810
f 5809 5810 5829
f 5810 5793 5813
f 5810 5813 5830
f 5831 5832 5833
f 5831 5833 5834
f 5819 5835 5784
f 5819 5784 5762
f 5835 5819 5821
f 5835 5821 5836
f 5821 5820 5837
f 5821 5837 5838
f 5820 5803 5822
f 5820 5822 5837
f 5822 5804 5823
f 5822 5823 5839
f 5823 5805 5824
f 5823 5824 5840
f 5824 5807 5826
f 5824 5826 5841
f 5808 5828 5842
f 5808 5842 5827
f 5828 5809 5829
f 5828 5829 5843
f 5829 5810 5830
f 5829 5830 5844
f 861 5799 5815
f 861 5815 864
f 5836 5821 5838
f 5836 5838 5845
f 5838 5837 5846
f 5838 5846 5847
f 5837 5822 5839
f 5837 5839 5846
f 5839 5823 5840
f 5839 5840 5848
f 5840 5824 5841
f 5840 5841 5849
f 5850 5826 5825
f 5850 5825 5851
f 5828 5843 5852
f 5828 5852 5842
f 5843 5829 5844
f 5843 5844 5853
f 5845 5838 5847
f 5845 5847 5854
f 5847 5846 5855
f 5847 5855 5856
f 5846 5839 5848
f 5846 5848 5855
f 5848 5840 5849
f 5848 5849 5857
f 5858 5841 5826
f 5858 5826 5850
f 5859 5860 5861
f 5859 5861 5862
f 5863 5864 5865
f 5863 5865 5866
f 5851 5825 5827
f 5851 5827 5867
f 5843 5853 5868
f 5843 5868 5852
f 5854 5847 5856
f 5854 5856 5869
f 5856 5855 5870
f 5856 5870 5871
f 5855 5848 5857
f 5855 5857 5870
f 5872 5849 5841
f 5872 5841 5858
f 5862 5861 5873
f 5862 5873 5874
f 5864 5875 5876
f 5864 5876 5865
f 5877 5864 5863
f 5877 5863 5878
f 5879 5880 5860
f 5879 5860 5859
f 5881 5863 5866
f 5881 5866 5882
f 5867 5827 5842
f 5867 5842 5883
f 5869 5856 5871
f 5869 5871 5884
f 5870 5857 5885
f 5870 5885 5886
f 5857 5849 5872
f 5857 5872 5885
f 5874 5873 5887
f 5874 5887 5888
f 5875 5889 5890
f 5875 5890 5876
f 5891 5875 5864
f 5891 5864 5877
f 5877 5878 5892
f 5877 5892 5893
f 5878 5863 5881
f 5878 5881 5894
f 5895 5896 5880
f 5895 5880 5879
f 5897 5881 5882
f 5897 5882 5898
f 5883 5842 5852
f 5883 5852 5899
f 5884 5871 5900
f 5884 5900 5901
f 5871 5870 5886
f 5871 5886 5900
f 5887 5902 5903
f 5887 5903 5888
f 5902 5904 5905
f 5902 5905 5903
f 5906 5907 5908
f 5906 5908 5909
f 5889 5906 5909
f 5889 5909 5890
f 5910 5889 5875
f 5910 5875 5891
f 5891 5877 5893
f 5891 5893 5911
f 5894 5881 5897
f 5894 5897 5912
f 5913 5914 5896
f 5913 5896 5895
f 5915 5897 5898
f 5915 5898 5916
f 5899 5852 5868
f 5899 5868 5917
f 5904 5918 5919
f 5904 5919 5905
f 5918 5920 5921
f 5918 5921 5919
f 5922 5923 5924
f 5922 5924 5925
f 5907 5922 5925
f 5907 5925 5908
f 5907 5906 5926
f 5907 5926 5927
f 5906 5889 5910
f 5906 5910 5926
f 5910 5891 5911
f 5910 5911 5928
f 5894 5912 5929
f 5894 5929 5930
f 5912 5897 5915
f 5912 5915 5931
f 5932 5933 5914
f 5932 5914 5913
f 5934 5915 5916
f 5934 5916 5935
f 5923 5922 5936
f 5923 5936 5937
f 5922 5907 5927
f 5922 5927 5936
f 5928 5938 5926
f 5928 5926 5910
f 5912 5931 5939
f 5912 5939 5929
f 5931 5915 5934
f 5931 5934 5940
f 5931 5940 5941
f 5931 5941 5939
f 5832 5831 5942
f 5832 5942 5943
f 5798 5799 861
f 5798 861 860
f 5777 5750 5723
f 5777 5723 5754
f 5750 5720 5696
f 5750 5696 5723
f 5670 5696 5720
f 5670 5720 5692
f 5633 5670 5692
f 5633 5692 5667
f 5629 5633 5667
f 5629 5667 5664
f 5629 5664 5663
f 5629 5663 5630
f 5630 5663 5693
f 5630 5693 5671
f 5671 5693 5721
f 5671 5721 5697
f 5697 5721 5752
f 5697 5752 5725
f 304 288 5725
f 304 5725 5752
f 5781 5780 5944
f 5781 5944 5945
f 5755 5724 5674
f 5755 5674 5700
f 5724 5695 5635
f 5724 5635 5674
f 5605 5635 5695
f 5605 5695 5669
f 5580 5605 5669
f 5580 5669 5632
f 5576 5580 5632
f 5576 5632 5628
f 5576 5628 5631
f 5576 5631 5577
f 5577 5631 5672
f 5577 5672 5606
f 5606 5672 5698
f 5606 5698 5636
f 5636 5698 5726
f 5636 5726 5675
f 287 286 5675
f 287 5675 5726
f 319 318 5811
f 319 5811 5812
f 318 322 5813
f 318 5813 5811
f 322 328 5830
f 322 5830 5813
f 328 336 5844
f 328 5844 5830
f 336 349 5853
f 336 5853 5844
f 986 991 5940
f 986 5940 5934
f 991 990 5941
f 991 5941 5940
f 5797 5817 5946
f 5797 5946 5814
f 5644 5618 5647
f 5644 5647 5678
f 5618 5617 5645
f 5618 5645 5647
f 5617 5592 5619
f 5617 5619 5645
f 5592 5563 5594
f 5592 5594 5619
f 5565 5594 5563
f 5565 5563 5542
f 5548 5565 5542
f 5548 5542 5531
f 5544 5548 5531
f 5544 5531 5530
f 5544 5530 5532
f 5544 5532 5545
f 5545 5532 5550
f 5545 5550 5569
f 5569 5550 5572
f 5569 5572 5600
f 5600 5572 5603
f 5600 5603 5947
f 5947 5603 276
f 5947 276 279
f 5944 5728 5727
f 5944 5727 5945
f 5610 5612 5642
f 5610 5642 5611
f 5677 5611 5642
f 5677 5642 5702
f 5702 5729 5699
f 5702 5699 5677
f 5729 5728 5700
f 5729 5700 5699
f 5728 5944 5755
f 5728 5755 5700
f 5944 5780 5754
f 5944 5754 5755
f 5780 5779 5777
f 5780 5777 5754
f 5801 5776 5777
f 5801 5777 5779
f 5816 5833 5832
f 5816 5832 5817
f 5817 5832 5943
f 5817 5943 5946
f 5948 5949 5937
f 5948 5937 5936
f 5950 5948 5936
f 5950 5936 5927
f 5938 5950 5927
f 5938 5927 5926
f 5951 5613 5614
f 5951 5614 5952
f 5640 5953 5954
f 5640 5954 5641
f 5640 5613 5951
f 5640 5951 5953
f 5955 5956 5951
f 5955 5951 5952
f 5643 5957 5952
f 5643 5952 5614
f 5643 5644 5958
f 5643 5958 5957
f 5953 5959 5960
f 5953 5960 5954
f 5951 5956 5959
f 5951 5959 5953
f 5961 5955 5952
f 5961 5952 5957
f 5961 5957 5958
f 5961 5958 5962
f 5963 5678 5679
f 5963 5679 5964
f 5965 5701 5641
f 5965 5641 5954
f 5966 5967 5963
f 5966 5963 5964
f 5964 5679 5703
f 5964 5703 5968
f 5730 5969 5970
f 5730 5970 5727
f 5730 5701 5965
f 5730 5965 5969
f 5960 5971 5965
f 5960 5965 5954
f 5972 5966 5964
f 5972 5964 5968
f 5968 5703 5731
f 5968 5731 5973
f 5974 5970 5969
f 5974 5969 5975
f 5975 5969 5965
f 5975 5965 5971
f 5972 5968 5973
f 5972 5973 5976
f 5756 5977 5973
f 5756 5973 5731
f 5978 5778 5781
f 5978 5781 5979
f 5977 5980 5976
f 5977 5976 5973
f 5782 5981 5977
f 5782 5977 5756
f 5982 5783 5784
f 5982 5784 5983
f 5984 5800 5778
f 5984 5778 5978
f 5985 5978 5979
f 5985 5979 5986
f 5981 5987 5980
f 5981 5980 5977
f 5988 5989 5982
f 5988 5982 5983
f 5985 5990 5984
f 5985 5984 5978
f 5991 5831 5834
f 5991 5834 5992
f 5784 5835 5993
f 5784 5993 5983
f 5993 5835 5836
f 5993 5836 5994
f 5995 5991 5992
f 5995 5992 5996
f 5993 5997 5988
f 5993 5988 5983
f 5998 5997 5993
f 5998 5993 5994
f 5994 5836 5845
f 5994 5845 5999
f 6000 5998 5994
f 6000 5994 5999
f 5999 5845 5854
f 5999 5854 6001
f 6002 6000 5999
f 6002 5999 6001
f 6001 5854 5869
f 6001 5869 6003
f 6004 6002 6001
f 6004 6001 6003
f 6003 5869 5884
f 6003 5884 6005
f 6006 6004 6003
f 6006 6003 6005
f 6006 6005 6007
f 6006 6007 6008
f 6005 5884 5901
f 6005 5901 6007
f 5920 6009 6010
f 5920 6010 5921
f 6009 6011 6012
f 6009 6012 6010
f 5923 6013 6014
f 5923 6014 5924
f 6013 5923 5937
f 6013 5937 6015
f 5991 5995 6016
f 5991 6016 6017
f 5831 5991 6017
f 5831 6017 5942
f 5986 5979 6018
f 5986 6018 6019
f 5979 5781 5945
f 5979 5945 6018
f 6015 6020 6021
f 6015 6021 6013
f 6013 6021 6022
f 6013 6022 6014
f 6023 6024 6020
f 6023 6020 6015
f 5963 5967 5962
f 5963 5962 5958
f 5958 5644 5678
f 5958 5678 5963
f 6018 5970 5974
f 6018 5974 6019
f 5727 5970 6018
f 5727 6018 5945
f 5949 6023 6015
f 5949 6015 5937
f 5601 5600 5947
f 5601 5947 6025
f 278 291 6026
f 278 6026 6025
f 5601 6025 6026
f 5601 6026 5627
f 5812 5712 5711
f 5812 5711 6027
f 296 6028 6029
f 296 6029 294
f 5627 6026 6029
f 5627 6029 5662
f 5710 5690 6028
f 5710 6028 6030
f 6028 5690 5662
f 6028 5662 6029
f 291 294 6029
f 291 6029 6026
f 296 1439 6030
f 296 6030 6028
f 1435 319 5812
f 1435 5812 6027
f 5892 5878 5894
f 5892 5894 5930
f 986 5934 5935
f 986 5935 987
f 5933 5932 1992
f 5933 1992 993
f 5917 5868 365
f 5917 365 1991
f 349 365 5868
f 349 5868 5853
f 5947 279 278
f 5947 278 6025
f 6010 6012 6008
f 6010 6008 6007
f 5921 6010 6007
f 5921 6007 5901
f 5919 5921 5901
f 5919 5901 5900
f 5905 5919 5900
f 5905 5900 5886
f 5903 5905 5886
f 5903 5886 5885
f 5888 5903 5885
f 5888 5885 5872
f 5874 5888 5872
f 5874 5872 5858
f 5862 5874 5858
f 5862 5858 5850
f 5859 5862 5850
f 5859 5850 5851
f 5879 5859 5851
f 5879 5851 5867
f 5895 5879 5867
f 5895 5867 5883
f 5913 5895 5883
f 5913 5883 5899
f 5932 5913 5899
f 5932 5899 5917
f 5932 5917 1991
f 5932 1991 1992
f 5935 5933 993
f 5935 993 987
f 5914 5933 5935
f 5914 5935 5916
f 5896 5914 5916
f 5896 5916 5898
f 5880 5896 5898
f 5880 5898 5882
f 5860 5880 5882
f 5860 5882 5866
f 5861 5860 5866
f 5861 5866 5865
f 5873 5861 5865
f 5873 5865 5876
f 5887 5873 5876
f 5887 5876 5890
f 5902 5887 5890
f 5902 5890 5909
f 5904 5902 5909
f 5904 5909 5908
f 5918 5904 5908
f 5918 5908 5925
f 5920 5918 5925
f 5920 5925 5924
f 6009 5920 5924
f 6009 5924 6014
f 6011 6009 6014
f 6011 6014 6022
f 1439 1435 6027
f 1439 6027 6030
f 5710 6030 6027
f 5710 6027 5711
f 5687 5710 5711
f 5687 5711 5688
f 5653 5687 5688
f 5653 5688 5659
f 5652 5653 5659
f 5652 5659 5656
f 5652 5656 5655
f 5652 5655 5654
f 5654 5655 5685
f 5654 5685 5684
f 5684 5685 5708
f 5684 5708 5707
f 5708 5735 5734
f 5708 5734 5707
f 5760 5757 5734
f 5760 5734 5735
f 5760 5759 5758
f 5760 5758 5757
f 5783 5782 5758
f 5783 5758 5759
f 5783 5982 5981
f 5783 5981 5782
f 5989 5987 5981
f 5989 5981 5982
f 5996 5992 6031
f 5996 6031 6032
f 5992 5834 6033
f 5992 6033 6031
f 5834 5833 6034
f 5834 6034 6033
f 6035 6034 5833
f 6035 5833 5816
f 5816 5796 6036
f 5816 6036 6035
f 5796 5772 6037
f 5796 6037 6036
f 6038 6037 5772
f 6038 5772 5746
f 6039 6038 5746
f 6039 5746 5717
f 6040 6039 5717
f 6040 5717 5714
f 6041 6040 5714
f 6041 5714 5713
f 6042 6041 5713
f 6042 5713 5748
f 6043 6042 5748
f 6043 5748 5774
f 6044 6043 5774
f 6044 5774 5798
f 860 2239 6044
f 860 6044 5798
f 6031 5984 5990
f 6031 5990 6032
f 6033 5800 5984
f 6033 5984 6031
f 5801 5800 6033
f 5801 6033 6034
f 6035 5776 5801
f 6035 5801 6034
f 6036 5751 5776
f 6036 5776 6035
f 6037 5719 5751
f 6037 5751 6036
f 6038 5691 5719
f 6038 5719 6037
f 6039 5668 5691
f 6039 5691 6038
f 6040 5665 5668
f 6040 5668 6039
f 5666 5665 6040
f 5666 6040 6041
f 5694 5666 6041
f 5694 6041 6042
f 5722 5694 6042
f 5722 6042 6043
f 5753 5722 6043
f 5753 6043 6044
f 305 5753 6044
f 305 6044 2239
f 6045 6046 6047
f 6045 6047 6048
f 6049 6050 6045
f 6049 6045 6048
f 6051 6052 6053
f 6051 6053 6054
f 6053 6055 6056
f 6053 6056 6054
f 6048 6054 6056
f 6048 6056 6049
f 6047 6051 6054
f 6047 6054 6048
f 6057 6058 6050
f 6057 6050 6049
f 6059 6060 6046
f 6059 6046 6045
f 6045 6050 6061
f 6045 6061 6059
f 6059 6061 6062
f 6059 6062 6063
f 6063 6064 6060
f 6063 6060 6059
f 6046 6065 6066
f 6046 6066 6047
f 6055 6067 6068
f 6055 6068 6056
f 6049 6056 6068
f 6049 6068 6057
f 6069 6070 6052
f 6069 6052 6051
f 6066 6069 6051
f 6066 6051 6047
f 6071 6072 6058
f 6071 6058 6057
f 6050 6058 6073
f 6050 6073 6061
f 6061 6073 6074
f 6061 6074 6062
f 6075 6076 6077
f 6075 6077 6078
f 6078 6079 6080
f 6078 6080 6075
f 6060 6081 6065
f 6060 6065 6046
f 6064 6082 6081
f 6064 6081 6060
f 6065 6083 6084
f 6065 6084 6066
f 6053 6052 6085
f 6053 6085 6086
f 6087 6055 6053
f 6087 6053 6086
f 6067 6088 6089
f 6067 6089 6068
f 6057 6068 6089
f 6057 6089 6071
f 6090 6091 6070
f 6090 6070 6069
f 6084 6090 6069
f 6084 6069 6066
f 6092 6093 6072
f 6092 6072 6071
f 6058 6072 6094
f 6058 6094 6073
f 6073 6094 6095
f 6073 6095 6074
f 6079 6096 6097
f 6079 6097 6080
f 6075 6080 6098
f 6075 6098 6099
f 6099 6100 6076
f 6099 6076 6075
f 6076 6101 6102
f 6076 6102 6077
f 6081 6103 6083
f 6081 6083 6065
f 6082 6104 6103
f 6082 6103 6081
f 6083 6105 6106
f 6083 6106 6084
f 6107 6108 6109
f 6107 6109 6110
f 6110 6111 6112
f 6110 6112 6107
f 6107 6112 6087
f 6107 6087 6086
f 6086 6085 6108
f 6086 6108 6107
f 6113 6067 6055
f 6113 6055 6087
f 6052 6070 6114
f 6052 6114 6085
f 6089 6088 6115
f 6089 6115 6116
f 6071 6089 6116
f 6071 6116 6092
f 6117 6118 6091
f 6117 6091 6090
f 6106 6117 6090
f 6106 6090 6084
f 6119 6120 6093
f 6119 6093 6092
f 6121 6122 6120
f 6121 6120 6119
f 6094 6072 6093
f 6094 6093 6123
f 6094 6123 6124
f 6094 6124 6095
f 6096 6125 6126
f 6096 6126 6097
f 6080 6097 6127
f 6080 6127 6098
f 6098 6128 6129
f 6098 6129 6099
f 6099 6129 6130
f 6099 6130 6100
f 6100 6131 6101
f 6100 6101 6076
f 6101 6132 6133
f 6101 6133 6102
f 6103 6134 6105
f 6103 6105 6083
f 6104 6135 6134
f 6104 6134 6103
f 6111 6136 6137
f 6111 6137 6112
f 6112 6137 6113
f 6112 6113 6087
f 6108 6138 6139
f 6108 6139 6109
f 6085 6114 6138
f 6085 6138 6108
f 6140 6088 6067
f 6140 6067 6113
f 6070 6091 6141
f 6070 6141 6114
f 6116 6115 6142
f 6116 6142 6143
f 6119 6143 6144
f 6119 6144 6121
f 6092 6116 6143
f 6092 6143 6119
f 6145 6146 6122
f 6145 6122 6121
f 6147 6123 6093
f 6147 6093 6120
f 6147 6120 6122
f 6147 6122 6148
f 6147 6148 6149
f 6147 6149 6150
f 6147 6150 6124
f 6147 6124 6123
f 6151 6152 6126
f 6151 6126 6125
f 6097 6126 6153
f 6097 6153 6127
f 6127 6154 6128
f 6127 6128 6098
f 6155 6129 6128
f 6155 6128 6156
f 6157 6130 6129
f 6157 6129 6155
f 6100 6130 6158
f 6100 6158 6131
f 6131 6159 6132
f 6131 6132 6101
f 2520 6106 6105
f 2520 6105 2521
f 6160 6161 6162
f 6160 6162 6163
f 6163 6164 6165
f 6163 6165 6160
f 6136 6166 6167
f 6136 6167 6137
f 6137 6167 6140
f 6137 6140 6113
f 6138 6168 6169
f 6138 6169 6139
f 6114 6141 6168
f 6114 6168 6138
f 6170 6115 6088
f 6170 6088 6140
f 6091 6118 6171
f 6091 6171 6141
f 6144 6172 6173
f 6144 6173 6174
f 6121 6144 6174
f 6121 6174 6145
f 2526 6118 6117
f 2526 6117 2527
f 2527 6117 6106
f 2527 6106 2520
f 6175 6148 6122
f 6175 6122 6146
f 6175 6176 6149
f 6175 6149 6148
f 6177 6178 6152
f 6177 6152 6151
f 6179 6180 6178
f 6179 6178 6177
f 6152 6181 6153
f 6152 6153 6126
f 6153 6182 6154
f 6153 6154 6127
f 6156 6128 6154
f 6156 6154 6183
f 6184 6185 6157
f 6184 6157 6155
f 6155 6156 6186
f 6155 6186 6184
f 6187 6188 6189
f 6187 6189 6190
f 6190 6189 6191
f 6190 6191 6192
f 6193 6158 6130
f 6193 6130 6157
f 6131 6158 6194
f 6131 6194 6159
f 2521 6105 6134
f 2521 6134 2529
f 2529 6134 6135
f 2529 6135 2530
f 6195 6196 6197
f 6195 6197 6198
f 6198 6197 6199
f 6198 6199 6200
f 6164 6201 6202
f 6164 6202 6165
f 6161 6203 6204
f 6161 6204 6162
f 6167 6166 6205
f 6167 6205 6206
f 6167 6206 6170
f 6167 6170 6140
f 6168 6207 6208
f 6168 6208 6169
f 6141 6171 6207
f 6141 6207 6168
f 6209 6142 6115
f 6209 6115 6170
f 6210 6211 6180
f 6210 6180 6179
f 6180 6212 6213
f 6180 6213 6178
f 6178 6213 6181
f 6178 6181 6152
f 6181 6214 6182
f 6181 6182 6153
f 6183 6154 6182
f 6183 6182 6215
f 6156 6183 6216
f 6156 6216 6186
f 6217 6218 6188
f 6217 6188 6187
f 6185 6219 6193
f 6185 6193 6157
f 6192 6191 6220
f 6192 6220 6221
f 6222 6194 6158
f 6222 6158 6193
f 6223 6224 6200
f 6223 6200 6199
f 6225 6226 6196
f 6225 6196 6195
f 6201 6227 6228
f 6201 6228 6202
f 6203 6229 6230
f 6203 6230 6204
f 6205 6231 6232
f 6205 6232 6206
f 6232 6209 6170
f 6232 6170 6206
f 6233 6173 6172
f 6233 6172 6234
f 6171 6118 2526
f 6171 2526 2536
f 6211 6235 6212
f 6211 6212 6180
f 6212 6236 6237
f 6212 6237 6213
f 6213 6237 6214
f 6213 6214 6181
f 6215 6182 6214
f 6215 6214 6238
f 6183 6215 6239
f 6183 6239 6216
f 6240 6241 6218
f 6240 6218 6217
f 6219 6242 6222
f 6219 6222 6193
f 6221 6220 6243
f 6221 6243 6244
f 6245 6246 6247
f 6245 6247 6248
f 6247 6249 6250
f 6247 6250 6248
f 6251 6252 6224
f 6251 6224 6223
f 6253 6254 6226
f 6253 6226 6225
f 6255 6256 6228
f 6255 6228 6227
f 6229 6257 6258
f 6229 6258 6230
f 6259 6260 6261
f 6259 6261 6262
f 6260 6233 6234
f 6260 6234 6261
f 2539 6208 6207
f 2539 6207 2540
f 2540 6207 6171
f 2540 6171 2536
f 6235 6263 6236
f 6235 6236 6212
f 6264 6237 6236
f 6264 6236 6265
f 6238 6214 6237
f 6238 6237 6264
f 6239 6215 6238
f 6239 6238 6266
f 6267 6268 6241
f 6267 6241 6240
f 6269 6191 6189
f 6269 6189 6270
f 6270 6189 6188
f 6270 6188 6271
f 6271 6272 6273
f 6271 6273 6270
f 6273 6274 6269
f 6273 6269 6270
f 6246 5744 5743
f 6246 5743 6247
f 5745 6249 6247
f 5745 6247 5743
f 6249 6275 6276
f 6249 6276 6250
f 6277 6278 6246
f 6277 6246 6245
f 6252 6251 6279
f 6252 6279 6280
f 6281 6282 6254
f 6281 6254 6253
f 6283 6284 6256
f 6283 6256 6255
f 6265 6236 6263
f 6265 6263 6285
f 6266 6238 6264
f 6266 6264 6286
f 6286 6264 6265
f 6286 6265 6287
f 6288 6289 6290
f 6288 6290 6291
f 6291 6290 6268
f 6291 6268 6267
f 6271 6188 6218
f 6271 6218 6292
f 6292 6293 6272
f 6292 6272 6271
f 6272 6294 6295
f 6272 6295 6273
f 6295 6296 6274
f 6295 6274 6273
f 6297 6220 6191
f 6297 6191 6269
f 6274 6298 6297
f 6274 6297 6269
f 5745 5770 6275
f 5745 6275 6249
f 6278 5771 5744
f 6278 5744 6246
f 6275 6299 6300
f 6275 6300 6276
f 6301 6302 6278
f 6301 6278 6277
f 6303 6304 6280
f 6303 6280 6279
f 6305 6306 6307
f 6305 6307 6308
f 2545 6258 6257
f 2545 6257 2542
f 6287 6265 6285
f 6287 6285 6309
f 6310 6311 6289
f 6310 6289 6288
f 6292 6218 6241
f 6292 6241 6312
f 6312 6313 6293
f 6312 6293 6292
f 6293 6314 6294
f 6293 6294 6272
f 6294 6315 6316
f 6294 6316 6295
f 6316 6317 6296
f 6316 6296 6295
f 6296 6318 6298
f 6296 6298 6274
f 6319 6243 6220
f 6319 6220 6297
f 6298 6320 6319
f 6298 6319 6297
f 5794 6299 6275
f 5794 6275 5770
f 6302 5795 5771
f 6302 5771 6278
f 6300 6299 6321
f 6300 6321 6322
f 6323 6324 6302
f 6323 6302 6301
f 6325 6305 6308
f 6325 6308 6326
f 6282 6281 2561
f 6282 2561 2560
f 6312 6241 6268
f 6312 6268 6327
f 6327 6328 6313
f 6327 6313 6312
f 6313 6329 6314
f 6313 6314 6293
f 6314 6330 6315
f 6314 6315 6294
f 6315 6331 6332
f 6315 6332 6316
f 6332 6333 6317
f 6332 6317 6316
f 6317 6334 6318
f 6317 6318 6296
f 6318 6335 6320
f 6318 6320 6298
f 6336 6337 6243
f 6336 6243 6319
f 6320 6338 6336
f 6320 6336 6319
f 6299 5794 5814
f 6299 5814 6321
f 6324 5815 5795
f 6324 5795 6302
f 6322 6321 6339
f 6322 6339 6340
f 6327 6268 6290
f 6327 6290 6341
f 6341 6290 6289
f 6341 6289 6342
f 6342 6343 6344
f 6342 6344 6341
f 6341 6344 6328
f 6341 6328 6327
f 6328 6345 6329
f 6328 6329 6313
f 6329 6346 6330
f 6329 6330 6314
f 6330 6347 6331
f 6330 6331 6315
f 6331 6348 6349
f 6331 6349 6332
f 6332 6349 6350
f 6332 6350 6333
f 6333 6351 6334
f 6333 6334 6317
f 6334 6352 6335
f 6334 6335 6318
f 6335 6353 6338
f 6335 6338 6320
f 6354 6355 6356
f 6354 6356 6357
f 6342 6289 6311
f 6342 6311 6358
f 6358 6359 6343
f 6358 6343 6342
f 6343 6360 6361
f 6343 6361 6344
f 6344 6361 6345
f 6344 6345 6328
f 6345 6362 6346
f 6345 6346 6329
f 6346 6363 6347
f 6346 6347 6330
f 6347 6364 6348
f 6347 6348 6331
f 6333 6350 6365
f 6333 6365 6351
f 6351 6366 6352
f 6351 6352 6334
f 6352 6367 6353
f 6352 6353 6335
f 3113 864 5815
f 3113 5815 6324
f 6359 6368 6360
f 6359 6360 6343
f 6360 6369 6370
f 6360 6370 6361
f 6361 6370 6362
f 6361 6362 6345
f 6362 6371 6363
f 6362 6363 6346
f 6363 6372 6364
f 6363 6364 6347
f 6373 6374 6349
f 6373 6349 6348
f 6351 6365 6375
f 6351 6375 6366
f 6366 6376 6367
f 6366 6367 6352
f 6368 6377 6369
f 6368 6369 6360
f 6369 6378 6379
f 6369 6379 6370
f 6370 6379 6371
f 6370 6371 6362
f 6371 6380 6372
f 6371 6372 6363
f 6381 6373 6348
f 6381 6348 6364
f 6382 6383 6384
f 6382 6384 6385
f 6386 6387 6388
f 6386 6388 6389
f 6374 6390 6350
f 6374 6350 6349
f 6366 6375 6391
f 6366 6391 6376
f 6377 6392 6378
f 6377 6378 6369
f 6378 6393 6394
f 6378 6394 6379
f 6379 6394 6380
f 6379 6380 6371
f 6395 6381 6364
f 6395 6364 6372
f 6383 6396 6397
f 6383 6397 6384
f 6389 6388 6398
f 6389 6398 6399
f 6400 6401 6386
f 6400 6386 6389
f 6402 6382 6385
f 6402 6385 6403
f 6404 6405 6387
f 6404 6387 6386
f 6390 6406 6365
f 6390 6365 6350
f 6392 6407 6393
f 6392 6393 6378
f 6394 6408 6409
f 6394 6409 6380
f 6380 6409 6395
f 6380 6395 6372
f 6396 6410 6411
f 6396 6411 6397
f 6399 6398 6412
f 6399 6412 6413
f 6414 6400 6389
f 6414 6389 6399
f 6400 5893 5892
f 6400 5892 6401
f 6401 6415 6404
f 6401 6404 6386
f 6416 6402 6403
f 6416 6403 6417
f 6418 6419 6405
f 6418 6405 6404
f 6406 6420 6375
f 6406 6375 6365
f 6407 6421 6422
f 6407 6422 6393
f 6393 6422 6408
f 6393 6408 6394
f 6411 6410 6423
f 6411 6423 6424
f 6424 6423 6425
f 6424 6425 6426
f 6427 6428 6429
f 6427 6429 6430
f 6413 6412 6428
f 6413 6428 6427
f 6431 6414 6399
f 6431 6399 6413
f 6414 5911 5893
f 6414 5893 6400
f 6415 6432 6418
f 6415 6418 6404
f 6433 6416 6417
f 6433 6417 6434
f 6435 6436 6419
f 6435 6419 6418
f 6420 6437 6391
f 6420 6391 6375
f 6426 6425 6438
f 6426 6438 6439
f 6439 6438 6440
f 6439 6440 6441
f 6442 6443 6444
f 6442 6444 6445
f 6430 6429 6443
f 6430 6443 6442
f 6430 6446 6447
f 6430 6447 6427
f 6427 6447 6431
f 6427 6431 6413
f 6431 5928 5911
f 6431 5911 6414
f 6415 5930 5929
f 6415 5929 6432
f 6432 6448 6435
f 6432 6435 6418
f 6449 6433 6434
f 6449 6434 6450
f 6451 6452 6436
f 6451 6436 6435
f 6445 6453 6454
f 6445 6454 6442
f 6442 6454 6446
f 6442 6446 6430
f 5928 6431 6447
f 5928 6447 5938
f 6432 5929 5939
f 6432 5939 6448
f 6448 6455 6451
f 6448 6451 6435
f 6448 5939 5941
f 6448 5941 6455
f 6357 5943 5942
f 6357 5942 6354
f 6323 3112 3113
f 6323 3113 6324
f 6304 6283 6255
f 6304 6255 6280
f 6280 6255 6227
f 6280 6227 6252
f 6201 6224 6252
f 6201 6252 6227
f 6164 6200 6224
f 6164 6224 6201
f 6163 6198 6200
f 6163 6200 6164
f 6163 6162 6195
f 6163 6195 6198
f 6162 6204 6225
f 6162 6225 6195
f 6204 6230 6253
f 6204 6253 6225
f 6230 6258 6281
f 6230 6281 6253
f 2561 6281 6258
f 2561 6258 2545
f 6306 6456 6457
f 6306 6457 6307
f 6284 6231 6205
f 6284 6205 6256
f 6256 6205 6166
f 6256 6166 6228
f 6136 6202 6228
f 6136 6228 6166
f 6111 6165 6202
f 6111 6202 6136
f 6110 6160 6165
f 6110 6165 6111
f 6110 6109 6161
f 6110 6161 6160
f 6109 6139 6203
f 6109 6203 6161
f 6139 6169 6229
f 6139 6229 6203
f 6169 6208 6257
f 6169 6257 6229
f 2542 6257 6208
f 2542 6208 2539
f 2574 6337 6336
f 2574 6336 2575
f 2575 6336 6338
f 2575 6338 2576
f 2576 6338 6353
f 2576 6353 2582
f 2582 6353 6367
f 2582 6367 2590
f 2590 6367 6376
f 2590 6376 2603
f 3234 6451 6455
f 3234 6455 3236
f 3236 6455 5941
f 3236 5941 990
f 6321 5814 5946
f 6321 5946 6339
f 6176 6210 6179
f 6176 6179 6149
f 6149 6179 6177
f 6149 6177 6150
f 6150 6177 6151
f 6150 6151 6124
f 6124 6151 6125
f 6124 6125 6095
f 6096 6074 6095
f 6096 6095 6125
f 6079 6062 6074
f 6079 6074 6096
f 6078 6063 6062
f 6078 6062 6079
f 6078 6077 6064
f 6078 6064 6063
f 6077 6102 6082
f 6077 6082 6064
f 6102 6133 6104
f 6102 6104 6082
f 6133 6458 6135
f 6133 6135 6104
f 6458 2534 2530
f 6458 2530 6135
f 6457 6456 6259
f 6457 6259 6262
f 6143 6142 6172
f 6143 6172 6144
f 6209 6234 6172
f 6209 6172 6142
f 6234 6209 6232
f 6234 6232 6261
f 6261 6232 6231
f 6261 6231 6262
f 6262 6231 6284
f 6262 6284 6457
f 6457 6284 6283
f 6457 6283 6307
f 6307 6283 6304
f 6307 6304 6308
f 6326 6308 6304
f 6326 6304 6303
f 6340 6339 6357
f 6340 6357 6356
f 6339 5946 5943
f 6339 5943 6357
f 5948 6454 6453
f 5948 6453 5949
f 5950 6446 6454
f 5950 6454 5948
f 5938 6447 6446
f 5938 6446 5950
f 6459 6460 6146
f 6459 6146 6145
f 6174 6173 6461
f 6174 6461 6462
f 6174 6462 6459
f 6174 6459 6145
f 6463 6460 6459
f 6463 6459 6464
f 6175 6146 6460
f 6175 6460 6465
f 6175 6465 6466
f 6175 6466 6176
f 6462 6461 6467
f 6462 6467 6468
f 6459 6462 6468
f 6459 6468 6464
f 6469 6465 6460
f 6469 6460 6463
f 6469 6470 6466
f 6469 6466 6465
f 6471 6472 6211
f 6471 6211 6210
f 6473 6461 6173
f 6473 6173 6233
f 6474 6472 6471
f 6474 6471 6475
f 6472 6476 6235
f 6472 6235 6211
f 6260 6259 6477
f 6260 6477 6478
f 6260 6478 6473
f 6260 6473 6233
f 6467 6461 6473
f 6467 6473 6479
f 6480 6476 6472
f 6480 6472 6474
f 6476 6481 6263
f 6476 6263 6235
f 6482 6483 6478
f 6482 6478 6477
f 6483 6479 6473
f 6483 6473 6478
f 6480 6484 6481
f 6480 6481 6476
f 6285 6263 6481
f 6285 6481 6485
f 6486 6487 6306
f 6486 6306 6305
f 6485 6481 6484
f 6485 6484 6488
f 6309 6285 6485
f 6309 6485 6489
f 6490 6491 6311
f 6490 6311 6310
f 6492 6486 6305
f 6492 6305 6325
f 6493 6494 6487
f 6493 6487 6486
f 6489 6485 6488
f 6489 6488 6495
f 6496 6491 6490
f 6496 6490 6497
f 6493 6486 6492
f 6493 6492 6498
f 6499 6500 6355
f 6499 6355 6354
f 6311 6491 6501
f 6311 6501 6358
f 6501 6502 6359
f 6501 6359 6358
f 6503 6504 6500
f 6503 6500 6499
f 6501 6491 6496
f 6501 6496 6505
f 6506 6502 6501
f 6506 6501 6505
f 6502 6507 6368
f 6502 6368 6359
f 6508 6507 6502
f 6508 6502 6506
f 6507 6509 6377
f 6507 6377 6368
f 6510 6509 6507
f 6510 6507 6508
f 6509 6511 6392
f 6509 6392 6377
f 6512 6511 6509
f 6512 6509 6510
f 6511 6513 6407
f 6511 6407 6392
f 6514 6513 6511
f 6514 6511 6512
f 6514 6515 6516
f 6514 6516 6513
f 6513 6516 6421
f 6513 6421 6407
f 6441 6440 6517
f 6441 6517 6518
f 6518 6517 6519
f 6518 6519 6520
f 6445 6444 6521
f 6445 6521 6522
f 6522 6523 6453
f 6522 6453 6445
f 6499 6017 6016
f 6499 6016 6503
f 6354 5942 6017
f 6354 6017 6499
f 6494 6524 6525
f 6494 6525 6487
f 6487 6525 6456
f 6487 6456 6306
f 6523 6522 6526
f 6523 6526 6527
f 6522 6521 6528
f 6522 6528 6526
f 6023 6523 6527
f 6023 6527 6024
f 6471 6466 6470
f 6471 6470 6475
f 6466 6471 6210
f 6466 6210 6176
f 6525 6524 6482
f 6525 6482 6477
f 6259 6456 6525
f 6259 6525 6477
f 5949 6453 6523
f 5949 6523 6023
f 6132 6529 6458
f 6132 6458 6133
f 2535 6529 6530
f 2535 6530 2546
f 6132 6159 6530
f 6132 6530 6529
f 6337 6531 6244
f 6337 6244 6243
f 2551 2547 6532
f 2551 6532 6533
f 6159 6194 6532
f 6159 6532 6530
f 6242 6534 6533
f 6242 6533 6222
f 6533 6532 6194
f 6533 6194 6222
f 2546 6530 6532
f 2546 6532 2547
f 2551 6533 6534
f 2551 6534 3681
f 3677 6531 6337
f 3677 6337 2574
f 5892 5930 6415
f 5892 6415 6401
f 3234 3233 6452
f 3234 6452 6451
f 6450 3237 4209
f 6450 4209 6449
f 6437 4208 2619
f 6437 2619 6391
f 2603 6376 6391
f 2603 6391 2619
f 6458 6529 2535
f 6458 2535 2534
f 6517 6516 6515
f 6517 6515 6519
f 6440 6421 6516
f 6440 6516 6517
f 6438 6422 6421
f 6438 6421 6440
f 6425 6408 6422
f 6425 6422 6438
f 6423 6409 6408
f 6423 6408 6425
f 6410 6395 6409
f 6410 6409 6423
f 6396 6381 6395
f 6396 6395 6410
f 6383 6373 6381
f 6383 6381 6396
f 6382 6374 6373
f 6382 6373 6383
f 6402 6390 6374
f 6402 6374 6382
f 6416 6406 6390
f 6416 6390 6402
f 6433 6420 6406
f 6433 6406 6416
f 6449 6437 6420
f 6449 6420 6433
f 6449 4209 4208
f 6449 4208 6437
f 6452 3233 3237
f 6452 3237 6450
f 6434 6436 6452
f 6434 6452 6450
f 6417 6419 6436
f 6417 6436 6434
f 6403 6405 6419
f 6403 6419 6417
f 6385 6387 6405
f 6385 6405 6403
f 6384 6388 6387
f 6384 6387 6385
f 6397 6398 6388
f 6397 6388 6384
f 6411 6412 6398
f 6411 6398 6397
f 6424 6428 6412
f 6424 6412 6411
f 6426 6429 6428
f 6426 6428 6424
f 6439 6443 6429
f 6439 6429 6426
f 6441 6444 6443
f 6441 6443 6439
f 6518 6521 6444
f 6518 6444 6441
f 6520 6528 6521
f 6520 6521 6518
f 3681 6534 6531
f 3681 6531 3677
f 6242 6244 6531
f 6242 6531 6534
f 6219 6221 6244
f 6219 6244 6242
f 6185 6192 6221
f 6185 6221 6219
f 6184 6190 6192
f 6184 6192 6185
f 6184 6186 6187
f 6184 6187 6190
f 6186 6216 6217
f 6186 6217 6187
f 6216 6239 6240
f 6216 6240 6217
f 6240 6239 6266
f 6240 6266 6267
f 6291 6267 6266
f 6291 6266 6286
f 6291 6286 6287
f 6291 6287 6288
f 6310 6288 6287
f 6310 6287 6309
f 6310 6309 6489
f 6310 6489 6490
f 6497 6490 6489
f 6497 6489 6495
f 6504 6535 6536
f 6504 6536 6500
f 6500 6536 6537
f 6500 6537 6355
f 6355 6537 6538
f 6355 6538 6356
f 6539 6340 6356
f 6539 6356 6538
f 6340 6539 6540
f 6340 6540 6322
f 6322 6540 6541
f 6322 6541 6300
f 6542 6276 6300
f 6542 6300 6541
f 6543 6250 6276
f 6543 6276 6542
f 6544 6248 6250
f 6544 6250 6543
f 6545 6245 6248
f 6545 6248 6544
f 6546 6277 6245
f 6546 6245 6545
f 6547 6301 6277
f 6547 6277 6546
f 6548 6323 6301
f 6548 6301 6547
f 3112 6323 6548
f 3112 6548 4440
f 6536 6535 6498
f 6536 6498 6492
f 6537 6536 6492
f 6537 6492 6325
f 6326 6538 6537
f 6326 6537 6325
f 6539 6538 6326
f 6539 6326 6303
f 6540 6539 6303
f 6540 6303 6279
f 6541 6540 6279
f 6541 6279 6251
f 6542 6541 6251
f 6542 6251 6223
f 6543 6542 6223
f 6543 6223 6199
f 6544 6543 6199
f 6544 6199 6197
f 6196 6545 6544
f 6196 6544 6197
f 6226 6546 6545
f 6226 6545 6196
f 6254 6547 6546
f 6254 6546 6226
f 6282 6548 6547
f 6282 6547 6254
f 2560 4440 6548
f 2560 6548 6282
f 6549 6550 3888
f 6549 3888 3464
f 6551 6552 3436
f 6551 3436 3638
f 3388 6553 6554
f 3388 6554 3389
f 3392 6555 6556
f 3392 6556 3393
f 3407 6557 6558
f 3407 6558 3408
f 6559 6560 3402
f 6559 3402 3405
f 6561 6562 3418
f 6561 3418 3421
f 6562 6563 4170
f 6562 4170 3418
f 6552 6564 3401
f 6552 3401 3436
f 3401 6564 6553
f 3401 6553 3388
f 3464 3460 6565
f 3464 6565 6549
f 6566 6565 3460
f 6566 3460 3463
f 4364 4362 6567
f 4364 6567 6568
f 3551 3468 6569
f 3551 6569 6570
f 3482 3481 6571
f 3482 6571 6572
f 3467 6573 6569
f 3467 6569 3468
f 3613 3635 6574
f 3613 6574 6575
f 4211 6576 6577
f 4211 6577 4212
f 6556 6559 3405
f 6556 3405 3393
f 6560 6578 3541
f 6560 3541 3402
f 3408 6558 6579
f 3408 6579 3547
f 3541 6578 6557
f 3541 6557 3407
f 4215 6580 6581
f 4215 6581 4216
f 3596 6582 6583
f 3596 6583 3597
f 3467 3482 6572
f 3467 6572 6573
f 6575 6584 3610
f 6575 3610 3613
f 6585 6580 4215
f 6585 4215 4214
f 6586 6582 3596
f 6586 3596 3634
f 3597 6583 6574
f 3597 6574 3635
f 6587 3536 4216
f 6587 4216 6581
f 6587 6571 3481
f 6587 3481 3536
f 6563 6588 4172
f 6563 4172 4170
f 6588 6576 4211
f 6588 4211 4172
f 6577 6589 4213
f 6577 4213 4212
f 6554 6555 3392
f 6554 3392 3389
f 3421 3547 6579
f 3421 6579 6561
f 6590 6551 3638
f 6590 3638 4235
f 4362 3551 6570
f 4362 6570 6567
f 6584 6566 3463
f 6584 3463 3610
f 6568 6586 3634
f 6568 3634 4364
f 6589 6585 4214
f 6589 4214 4213
f 3888 6550 6590
f 3888 6590 4235
f 6591 1222 1669
f 6591 1669 6592
f 6593 1396 1193
f 6593 1193 6594
f 1148 1147 6595
f 1148 6595 6596
f 1152 1151 6597
f 1152 6597 6598
f 1167 1166 6599
f 1167 6599 6600
f 6601 1161 1160
f 6601 1160 6602
f 6603 1177 1176
f 6603 1176 6604
f 6604 1176 1953
f 6604 1953 6605
f 6594 1193 1159
f 6594 1159 6606
f 1159 1148 6596
f 1159 6596 6606
f 1222 6591 6607
f 1222 6607 1218
f 6608 1219 1218
f 6608 1218 6607
f 2155 6609 6610
f 2155 6610 2153
f 1309 6611 6612
f 1309 6612 1226
f 1238 6613 6614
f 1238 6614 1239
f 1227 1226 6612
f 1227 6612 6615
f 1369 6616 6617
f 1369 6617 1394
f 1994 1995 6618
f 1994 6618 6619
f 6597 1151 1161
f 6597 1161 6601
f 6602 1160 1299
f 6602 1299 6620
f 1166 1306 6621
f 1166 6621 6599
f 1299 1167 6600
f 1299 6600 6620
f 1997 1999 6622
f 1997 6622 6623
f 1356 1355 6624
f 1356 6624 6625
f 1227 6615 6613
f 1227 6613 1238
f 6616 1369 1368
f 6616 1368 6626
f 6627 1998 1997
f 6627 1997 6623
f 6628 1391 1356
f 6628 1356 6625
f 1355 1394 6617
f 1355 6617 6624
f 6629 6622 1999
f 6629 1999 1293
f 6629 1293 1239
f 6629 1239 6614
f 6605 1953 1955
f 6605 1955 6630
f 6630 1955 1994
f 6630 1994 6619
f 6618 1995 1996
f 6618 1996 6631
f 6595 1147 1152
f 6595 1152 6598
f 1177 6603 6621
f 1177 6621 1306
f 6632 2022 1396
f 6632 1396 6593
f 2153 6610 6611
f 2153 6611 1309
f 6626 1368 1219
f 6626 1219 6608
f 6609 2155 1391
f 6609 1391 6628
f 6631 1996 1998
f 6631 1998 6627
f 1669 2022 6632
f 1669 6632 6592
f 6633 6004 6006
f 6633 6006 6634
f 6004 6633 6635
f 6004 6635 6002
f 6636 5998 6000
f 6636 6000 6637
f 6637 6000 6002
f 6637 6002 6635
f 6020 6638 6639
f 6020 6639 6021
f 6024 6640 6638
f 6024 6638 6020
f 6634 6006 6008
f 6634 6008 6641
f 6642 6012 6011
f 6642 6011 6643
f 5998 6636 6644
f 5998 6644 5997
f 5962 5967 6645
f 5962 6645 6646
f 6645 5967 5966
f 6645 5966 6647
f 5985 6648 6649
f 5985 6649 5990
f 6650 6648 5985
f 6650 5985 5986
f 5986 6019 6651
f 5986 6651 6650
f 6652 5975 5971
f 6652 5971 6653
f 6654 5974 5975
f 6654 5975 6652
f 6655 5956 5955
f 6655 5955 6656
f 5995 6657 6658
f 5995 6658 6016
f 6657 5995 5996
f 6657 5996 6659
f 5955 5961 6660
f 5955 6660 6656
f 5961 5962 6646
f 5961 6646 6660
f 5959 6661 6662
f 5959 6662 5960
f 5956 6655 6661
f 5956 6661 5959
f 5960 6662 6653
f 5960 6653 5971
f 5966 5972 6663
f 5966 6663 6647
f 6663 5972 5976
f 6663 5976 6664
f 5997 6644 6665
f 5997 6665 5988
f 5980 6666 6664
f 5980 6664 5976
f 5980 5987 6667
f 5980 6667 6666
f 5988 6665 6668
f 5988 6668 5989
f 6021 6639 6669
f 6021 6669 6022
f 6651 6019 5974
f 6651 5974 6654
f 6641 6008 6012
f 6641 6012 6642
f 6643 6011 6022
f 6643 6022 6669
f 6667 5987 5989
f 6667 5989 6668
f 6659 5996 6032
f 6659 6032 6670
f 5990 6649 6670
f 5990 6670 6032
f 6671 6672 6514
f 6671 6514 6512
f 6512 6510 6673
f 6512 6673 6671
f 6674 6675 6508
f 6674 6508 6506
f 6675 6673 6510
f 6675 6510 6508
f 6527 6526 6676
f 6527 6676 6677
f 6024 6527 6677
f 6024 6677 6640
f 6672 6678 6515
f 6672 6515 6514
f 6679 6680 6520
f 6679 6520 6519
f 6506 6505 6681
f 6506 6681 6674
f 6470 6682 6683
f 6470 6683 6475
f 6683 6684 6474
f 6683 6474 6475
f 6493 6498 6685
f 6493 6685 6686
f 6687 6494 6493
f 6687 6493 6686
f 6494 6687 6688
f 6494 6688 6524
f 6689 6690 6479
f 6689 6479 6483
f 6691 6689 6483
f 6691 6483 6482
f 6692 6693 6463
f 6692 6463 6464
f 6503 6016 6658
f 6503 6658 6694
f 6694 6695 6504
f 6694 6504 6503
f 6463 6693 6696
f 6463 6696 6469
f 6469 6696 6682
f 6469 6682 6470
f 6468 6467 6697
f 6468 6697 6698
f 6464 6468 6698
f 6464 6698 6692
f 6467 6479 6690
f 6467 6690 6697
f 6474 6684 6699
f 6474 6699 6480
f 6699 6700 6484
f 6699 6484 6480
f 6505 6496 6701
f 6505 6701 6681
f 6488 6484 6700
f 6488 6700 6702
f 6488 6702 6703
f 6488 6703 6495
f 6496 6497 6704
f 6496 6704 6701
f 6526 6528 6705
f 6526 6705 6676
f 6688 6691 6482
f 6688 6482 6524
f 6678 6679 6519
f 6678 6519 6515
f 6680 6705 6528
f 6680 6528 6520
f 6703 6704 6497
f 6703 6497 6495
f 6695 6706 6535
f 6695 6535 6504
f 6498 6535 6706
f 6498 6706 6685
f 6707 6708 6709
f 6707 6709 6710
f 6710 6709 6711
f 6710 6711 6712
f 6713 6714 6707
f 6713 6707 6710
f 6714 6715 6716
f 6714 6716 6707
f 6712 6717 6713
f 6712 6713 6710
f 6718 6719 6714
f 6718 6714 6713
f 6719 6720 6715
f 6719 6715 6714
f 6717 6721 6718
f 6717 6718 6713
f 6718 6722 6723
f 6718 6723 6719
f 6722 6724 6725
f 6722 6725 6723
f 6720 6726 6727
f 6720 6727 6715
f 6719 6723 6728
f 6719 6728 6720
f 6723 6725 6729
f 6723 6729 6728
f 6730 6731 6724
f 6730 6724 6722
f 6730 6722 6718
f 6730 6718 6721
f 6720 6728 6732
f 6720 6732 6726
f 6728 6729 6733
f 6728 6733 6732
f 6734 6735 6736
f 6734 6736 6737
f 6738 6739 6740
f 6738 6740 6741
f 6742 6736 6735
f 6742 6735 6743
f 6737 6736 6744
f 6737 6744 6745
f 6746 6747 6748
f 6746 6748 6745
f 6749 6750 6751
f 6749 6751 6752
f 6753 6754 6755
f 6753 6755 6756
f 6757 6758 6759
f 6757 6759 6760
f 6761 6762 6763
f 6761 6763 6764
f 6765 6766 6739
f 6765 6739 6738
f 6767 6768 6766
f 6767 6766 6765
f 6743 6769 6770
f 6743 6770 6742
f 6742 6771 6744
f 6742 6744 6736
f 6744 6772 6746
f 6744 6746 6745
f 6773 6774 6775
f 6773 6775 6776
f 6776 6775 6747
f 6776 6747 6746
f 6777 6778 6750
f 6777 6750 6749
f 6779 6780 6781
f 6779 6781 6782
f 6783 6784 6785
f 6783 6785 6786
f 6758 6787 6788
f 6758 6788 6759
f 6764 6763 6789
f 6764 6789 6790
f 6791 6792 6790
f 6791 6790 6789
f 6770 6793 6771
f 6770 6771 6742
f 6794 6795 6796
f 6794 6796 6797
f 6771 6798 6772
f 6771 6772 6744
f 6799 6800 6773
f 6799 6773 6776
f 6746 6772 6799
f 6746 6799 6776
f 6777 6774 6773
f 6777 6773 6778
f 6750 6801 6802
f 6750 6802 6751
f 6803 6785 6784
f 6803 6784 6804
f 6805 6806 6807
f 6805 6807 6808
f 6809 6810 6806
f 6809 6806 6805
f 6811 6812 6813
f 6811 6813 6814
f 6815 6811 6814
f 6815 6814 6810
f 6797 6796 6816
f 6797 6816 6817
f 6793 6818 6798
f 6793 6798 6771
f 6819 6820 6821
f 6819 6821 6822
f 6823 6824 6800
f 6823 6800 6799
f 6798 6823 6799
f 6798 6799 6772
f 6750 6778 6825
f 6750 6825 6801
f 6773 6800 6825
f 6773 6825 6778
f 6780 6826 6827
f 6780 6827 6781
f 6828 6829 6802
f 6828 6802 6801
f 6830 6831 6832
f 6830 6832 6833
f 6808 6807 6834
f 6808 6834 6835
f 6836 6837 6838
f 6836 6838 6839
f 6836 6839 6807
f 6836 6807 6806
f 6836 6806 6810
f 6836 6810 6814
f 6814 6813 6837
f 6814 6837 6836
f 6792 6791 6840
f 6792 6840 6841
f 6816 6842 6843
f 6816 6843 6817
f 6822 6821 6844
f 6822 6844 6845
f 6846 6847 6824
f 6846 6824 6823
f 6818 6846 6823
f 6818 6823 6798
f 6848 6849 6850
f 6848 6850 6851
f 6801 6825 6852
f 6801 6852 6828
f 6824 6852 6825
f 6824 6825 6800
f 6853 6854 6827
f 6853 6827 6826
f 6855 6856 6829
f 6855 6829 6828
f 6784 6857 6858
f 6784 6858 6804
f 6859 6860 6857
f 6859 6857 6861
f 6862 6863 6831
f 6862 6831 6830
f 6839 6838 6864
f 6839 6864 6865
f 6807 6839 6865
f 6807 6865 6834
f 6813 6812 6866
f 6813 6866 6867
f 6845 6844 6868
f 6845 6868 6869
f 6870 6871 6872
f 6870 6872 6873
f 6843 6842 6870
f 6843 6870 6873
f 6851 6850 6874
f 6851 6874 6875
f 6876 6850 6849
f 6876 6849 6877
f 6828 6852 6878
f 6828 6878 6855
f 6847 6878 6852
f 6847 6852 6824
f 6879 6880 6854
f 6879 6854 6853
f 6881 6882 6883
f 6881 6883 6884
f 6882 6881 6885
f 6882 6885 6886
f 6804 6858 6887
f 6804 6887 6888
f 6860 6889 6858
f 6860 6858 6857
f 6890 6891 6860
f 6890 6860 6859
f 6892 6893 6894
f 6892 6894 6895
f 6895 6894 6863
f 6895 6863 6862
f 6896 6897 6898
f 6896 6898 6899
f 6898 6897 6838
f 6898 6838 6837
f 6898 6837 6813
f 6898 6813 6867
f 6900 6901 6902
f 6900 6902 6903
f 6904 6871 6870
f 6904 6870 6905
f 6874 6906 6907
f 6874 6907 6875
f 6874 6850 6876
f 6874 6876 6908
f 6909 6910 6911
f 6909 6911 6912
f 6883 6913 6914
f 6883 6914 6884
f 6872 6871 6914
f 6872 6914 6913
f 6885 6915 6916
f 6885 6916 6886
f 6916 6915 6917
f 6916 6917 6918
f 6884 6919 6920
f 6884 6920 6881
f 6921 6922 6923
f 6921 6923 6924
f 6925 6926 6927
f 6925 6927 6928
f 6889 6929 6887
f 6889 6887 6858
f 6860 6891 6930
f 6860 6930 6889
f 6931 6932 6933
f 6931 6933 6934
f 6934 6933 6891
f 6934 6891 6890
f 6935 6936 6897
f 6935 6897 6896
f 6838 6897 6936
f 6838 6936 6864
f 6937 6938 6939
f 6937 6939 6940
f 6941 6942 6901
f 6941 6901 6900
f 6939 6938 6943
f 6939 6943 6944
f 6945 6946 6947
f 6945 6947 6948
f 6907 6906 6945
f 6907 6945 6948
f 6949 6906 6874
f 6949 6874 6908
f 6950 6951 6910
f 6950 6910 6909
f 6914 6952 6919
f 6914 6919 6884
f 6871 6904 6952
f 6871 6952 6914
f 6953 6954 6955
f 6953 6955 6956
f 6955 6957 6958
f 6955 6958 6956
f 6885 6959 6960
f 6885 6960 6915
f 6961 6962 6963
f 6961 6963 6964
f 6963 6962 6965
f 6963 6965 6966
f 6922 6967 6968
f 6922 6968 6923
f 6926 6925 6969
f 6926 6969 6970
f 6889 6930 6971
f 6889 6971 6929
f 6933 6932 6972
f 6933 6972 6973
f 6891 6933 6973
f 6891 6973 6930
f 6974 6975 6976
f 6974 6976 6977
f 6976 6975 6893
f 6976 6893 6892
f 6978 6935 6896
f 6978 6896 6979
f 6944 6943 6980
f 6944 6980 6981
f 6982 6983 6984
f 6982 6984 6985
f 6986 6946 6945
f 6986 6945 6987
f 6987 6945 6906
f 6987 6906 6949
f 6988 6989 6951
f 6988 6951 6950
f 6947 6946 6990
f 6947 6990 6991
f 6991 6990 6961
f 6991 6961 6964
f 6917 6992 6993
f 6917 6993 6994
f 6994 6993 6995
f 6994 6995 6954
f 6996 6997 6998
f 6996 6998 6999
f 7000 7001 7002
f 7000 7002 7003
f 6965 7004 7005
f 6965 7005 6966
f 7005 7004 7006
f 7005 7006 7007
f 7008 6962 6961
f 7008 6961 7009
f 6967 7010 7011
f 6967 7011 6968
f 7012 7013 6970
f 7012 6970 6969
f 6973 6972 7014
f 6973 7014 7015
f 6930 6973 7015
f 6930 7015 6971
f 7016 7017 7018
f 7016 7018 7019
f 7018 7017 6932
f 7018 6932 6931
f 7020 7021 6974
f 7020 6974 6977
f 7022 7023 7024
f 7022 7024 7025
f 7026 7027 7028
f 7026 7028 7029
f 7030 6983 6982
f 7030 6982 7031
f 7032 7033 7034
f 7032 7034 7035
f 7035 7034 6989
f 7035 6989 6988
f 6961 6990 7036
f 6961 7036 7009
f 7036 6990 6946
f 7036 6946 6986
f 7001 7000 7007
f 7001 7007 7006
f 7001 7037 7038
f 7001 7038 7002
f 7039 7040 7041
f 7039 7041 7042
f 7043 7044 7045
f 7043 7045 7046
f 7010 7043 7046
f 7010 7046 7011
f 7047 7048 7049
f 7047 7049 7050
f 7050 7049 7013
f 7050 7013 7012
f 7051 7052 7017
f 7051 7017 7016
f 6932 7017 7052
f 6932 7052 6972
f 7053 7016 7019
f 7053 7019 7054
f 7055 7056 7057
f 7055 7057 7058
f 7059 7060 7061
f 7059 7061 7062
f 7063 7064 7065
f 7063 7065 7066
f 7067 7068 7033
f 7067 7033 7032
f 7006 7069 7037
f 7006 7037 7001
f 7070 7071 7072
f 7070 7072 7073
f 7074 7075 7076
f 7074 7076 7077
f 7078 7079 7052
f 7078 7052 7051
f 6972 7052 7079
f 6972 7079 7014
f 7080 7051 7016
f 7080 7016 7053
f 7081 7082 7056
f 7081 7056 7055
f 7083 7062 7061
f 7083 7061 7084
f 7085 7059 7062
f 7085 7062 7086
f 7087 7088 7071
f 7087 7071 7070
f 7089 7090 7091
f 7089 7091 7092
f 7089 7093 7094
f 7089 7094 7090
f 7044 7094 7093
f 7044 7093 7045
f 7095 7096 7097
f 7095 7097 7098
f 7096 7095 7048
f 7096 7048 7047
f 7099 7078 7051
f 7099 7051 7080
f 7100 7101 7082
f 7100 7082 7081
f 7102 7103 7104
f 7102 7104 7105
f 7062 7083 7103
f 7062 7103 7086
f 7106 7085 7086
f 7106 7086 7107
f 7108 7109 7110
f 7108 7110 7111
f 7112 7113 7114
f 7112 7114 7115
f 7098 7097 7116
f 7098 7116 7117
f 7118 7119 7120
f 7118 7120 7121
f 7086 7103 7102
f 7086 7102 7107
f 7122 7123 7124
f 7122 7124 7125
f 7126 7127 7109
f 7126 7109 7108
f 7128 7129 7125
f 7128 7125 7124
f 7130 7131 6938
f 7130 6938 6937
f 7132 7133 7134
f 7132 7134 7135
f 7136 7137 7138
f 7136 7138 6903
f 7138 7139 6900
f 7138 6900 6903
f 7139 7140 6941
f 7139 6941 6900
f 7131 7141 6943
f 7131 6943 6938
f 7141 7142 6980
f 7141 6980 6943
f 7133 7132 7143
f 7133 7143 7144
f 6994 6954 6953
f 6994 6953 7145
f 7146 7147 6998
f 7146 6998 6997
f 6954 6995 6957
f 6954 6957 6955
f 7026 7022 7025
f 7026 7025 7027
f 7059 7055 7058
f 7059 7058 7060
f 6979 7148 7149
f 6979 7149 6978
f 7024 7023 7021
f 7024 7021 7020
f 7056 7053 7054
f 7056 7054 7057
f 7082 7080 7053
f 7082 7053 7056
f 6752 6751 6780
f 6752 6780 6779
f 6751 6802 6826
f 6751 6826 6780
f 6829 6853 6826
f 6829 6826 6802
f 6853 6829 6856
f 6853 6856 6879
f 6959 6885 6881
f 6959 6881 6920
f 7077 7076 7042
f 7077 7042 7041
f 7112 7092 7091
f 7112 7091 7113
f 7101 7099 7080
f 7101 7080 7082
f 7117 7116 7119
f 7117 7119 7118
f 6782 6781 7150
f 6782 7150 7151
f 6781 6827 7152
f 6781 7152 7150
f 7152 6827 6854
f 7152 6854 7153
f 6880 7154 7153
f 6880 7153 6854
f 6992 6917 6915
f 6992 6915 6960
f 7069 7006 7004
f 7069 7004 7155
f 7088 7087 7075
f 7088 7075 7074
f 7055 7059 7085
f 7055 7085 7081
f 7106 7100 7081
f 7106 7081 7085
f 7126 7115 7114
f 7126 7114 7127
f 7121 7120 7123
f 7121 7123 7122
f 7039 7068 7067
f 7039 7067 7040
f 6716 7156 6708
f 6716 6708 6707
f 7157 6815 6810
f 7157 6810 6809
f 6769 6794 6797
f 6769 6797 6770
f 6770 6797 6817
f 6770 6817 6793
f 6817 6843 6818
f 6817 6818 6793
f 6818 6843 6873
f 6818 6873 6846
f 6872 6847 6846
f 6872 6846 6873
f 6847 6872 6913
f 6847 6913 6878
f 6855 6878 6913
f 6855 6913 6883
f 6883 6882 6856
f 6883 6856 6855
f 6879 6856 6882
f 6879 6882 6886
f 6916 6880 6879
f 6916 6879 6886
f 7154 6880 6916
f 7154 6916 6918
f 7158 7159 7160
f 7158 7160 7161
f 7160 6788 6787
f 7160 6787 7161
f 6899 7162 6979
f 6899 6979 6896
f 7162 7163 7148
f 7162 7148 6979
f 7163 7162 7164
f 7163 7164 7165
f 7166 7167 7029
f 7166 7029 7028
f 6899 6898 6867
f 6899 6867 7168
f 7162 6899 7168
f 7162 7168 7164
f 7164 7169 7170
f 7164 7170 7165
f 7168 6867 6866
f 7168 6866 7171
f 7169 7164 7168
f 7169 7168 7171
f 7172 7173 7174
f 7172 7174 7175
f 7176 6994 7145
f 7176 7145 7177
f 7151 7150 7178
f 7151 7178 7179
f 7180 7181 7179
f 7180 7179 7178
f 7178 7182 7183
f 7178 7183 7180
f 7183 7182 7184
f 7183 7184 7185
f 7186 7176 7177
f 7186 7177 7187
f 7188 7189 7190
f 7188 7190 7191
f 7192 7193 7191
f 7192 7191 7190
f 7193 7192 7194
f 7193 7194 7195
f 7196 7197 7198
f 7196 7198 7199
f 7200 7201 7197
f 7200 7197 7196
f 7202 7203 7201
f 7202 7201 7200
f 7203 7202 7204
f 7203 7204 7205
f 7205 7204 7206
f 7205 7206 7207
f 7208 7209 7210
f 7208 7210 7211
f 7211 7210 7212
f 7211 7212 7213
f 7214 7215 7216
f 7214 7216 7217
f 7215 7214 7218
f 7215 7218 7219
f 7220 7221 7222
f 7220 7222 7223
f 7129 7128 7224
f 7129 7224 7225
f 7150 7152 7182
f 7150 7182 7178
f 7199 7198 7195
f 7199 7195 7194
f 7184 7186 7187
f 7184 7187 7185
f 7153 7184 7182
f 7153 7182 7152
f 6918 6917 6994
f 6918 6994 7176
f 7154 6918 7176
f 7154 7176 7186
f 7186 7184 7153
f 7186 7153 7154
f 7151 7179 7226
f 7151 7226 7227
f 7181 7228 7226
f 7181 7226 7179
f 7229 7230 7231
f 7229 7231 7232
f 7232 7233 7234
f 7232 7234 7229
f 7233 7235 7236
f 7233 7236 7234
f 7235 7237 7238
f 7235 7238 7236
f 7235 7239 7240
f 7235 7240 7237
f 7241 7240 7239
f 7241 7239 7242
f 7242 7239 7243
f 7242 7243 7244
f 7245 7244 7243
f 7245 7243 7246
f 7246 7247 7248
f 7246 7248 7245
f 7246 7232 7231
f 7246 7231 7247
f 7246 7243 7233
f 7246 7233 7232
f 7233 7243 7239
f 7233 7239 7235
f 7249 6763 6762
f 7249 6762 7250
f 7251 6789 6763
f 7251 6763 7249
f 7252 6791 6789
f 7252 6789 7251
f 7253 6840 6791
f 7253 6791 7252
f 7254 7255 7135
f 7254 7135 7134
f 7255 7254 7256
f 7255 7256 7257
f 7257 7256 7258
f 7257 7258 7259
f 7237 7240 7241
f 7237 7241 7238
f 7248 7247 7231
f 7248 7231 7230
f 7226 7260 7261
f 7226 7261 7227
f 7228 7262 7260
f 7228 7260 7226
f 7263 7264 7265
f 7263 7265 7266
f 7267 7268 7230
f 7267 7230 7229
f 7229 7234 7269
f 7229 7269 7267
f 7236 7270 7269
f 7236 7269 7234
f 7238 7271 7270
f 7238 7270 7236
f 7241 7272 7271
f 7241 7271 7238
f 7272 7241 7242
f 7272 7242 7273
f 7273 7242 7244
f 7273 7244 7274
f 7275 7274 7244
f 7275 7244 7245
f 7245 7248 7276
f 7245 7276 7275
f 7268 7276 7248
f 7268 7248 7230
f 7277 7271 7272
f 7277 7272 7175
f 7271 7277 7159
f 7271 7159 7270
f 7172 7175 7272
f 7172 7272 7278
f 7278 7272 7273
f 7278 7273 7279
f 7279 7273 7274
f 7279 7274 7280
f 7281 7280 7274
f 7281 7274 7275
f 7281 7275 7276
f 7281 7276 7282
f 7270 7159 7158
f 7270 7158 7269
f 6764 6758 6757
f 6764 6757 6761
f 6790 6787 6758
f 6790 6758 6764
f 6790 6792 7161
f 6790 7161 6787
f 6841 7158 7161
f 6841 7161 6792
f 7269 7158 6841
f 7269 6841 7267
f 6841 6840 7268
f 6841 7268 7267
f 7266 7265 7189
f 7266 7189 7188
f 7283 7284 7259
f 7283 7259 7258
f 7284 7283 7285
f 7284 7285 7286
f 7287 7288 7286
f 7287 7286 7285
f 7289 7290 7291
f 7289 7291 7292
f 6741 6740 7288
f 6741 7288 7287
f 7293 7294 7295
f 7293 7295 7296
f 7160 7159 7277
f 7160 7277 7297
f 7175 7174 7297
f 7175 7297 7277
f 7297 7298 6788
f 7297 6788 7160
f 7297 7138 7137
f 7297 7137 7298
f 7174 7139 7138
f 7174 7138 7297
f 7173 7140 7139
f 7173 7139 7174
f 7268 7299 7282
f 7268 7282 7276
f 7299 7268 6840
f 7299 6840 7253
f 6832 6754 6753
f 6832 6753 6833
f 6857 6784 6783
f 6857 6783 6861
f 6712 7300 7301
f 6712 7301 6717
f 6712 6711 7302
f 6712 7302 7300
f 7300 7302 7303
f 7300 7303 7304
f 7304 7303 7305
f 7304 7305 7306
f 7306 7305 7307
f 7306 7307 7308
f 7304 7309 7301
f 7304 7301 7300
f 7304 7306 7310
f 7304 7310 7309
f 7308 7311 7310
f 7308 7310 7306
f 7309 7310 7312
f 7309 7312 7313
f 7311 7314 7312
f 7311 7312 7310
f 7313 7312 7315
f 7313 7315 7316
f 7314 7317 7315
f 7314 7315 7312
f 7317 7318 6748
f 7317 6748 7315
f 7308 7307 7319
f 7308 7319 7320
f 7308 7320 7321
f 7308 7321 7311
f 7311 7321 7322
f 7311 7322 7314
f 7314 7322 7323
f 7314 7323 7317
f 7317 7323 7324
f 7317 7324 7318
f 7320 7319 7325
f 7320 7325 7321
f 7321 7325 7326
f 7321 7326 7322
f 7322 7326 7327
f 7322 7327 7323
f 7328 6729 6725
f 7328 6725 7329
f 7330 6733 6729
f 7330 6729 7328
f 7331 7332 7294
f 7331 7294 7293
f 7333 7334 7332
f 7333 7332 7331
f 7333 7335 7336
f 7333 7336 7334
f 7333 6732 6733
f 7333 6733 7335
f 6732 7333 7331
f 6732 7331 6726
f 6726 7331 7293
f 6726 7293 6727
f 7337 7289 7292
f 7337 7292 7338
f 7294 7339 7340
f 7294 7340 7295
f 7332 7341 7339
f 7332 7339 7294
f 7334 7342 7341
f 7334 7341 7332
f 7336 7343 7342
f 7336 7342 7334
f 7261 7335 6733
f 7261 6733 7330
f 7264 7263 6768
f 7264 6768 6767
f 7335 7261 7260
f 7335 7260 7336
f 7336 7260 7262
f 7336 7262 7343
f 6725 6724 7344
f 6725 7344 7329
f 6724 6731 7345
f 6724 7345 7344
f 6717 7301 7346
f 6717 7346 6721
f 7347 7348 6731
f 7347 6731 6730
f 6721 7346 7347
f 6721 7347 6730
f 6731 7348 7349
f 6731 7349 7345
f 7301 7309 7313
f 7301 7313 7346
f 7350 7351 7348
f 7350 7348 7347
f 7346 7313 7350
f 7346 7350 7347
f 7348 7351 7352
f 7348 7352 7349
f 7353 7354 6774
f 7353 6774 6777
f 7313 7316 7355
f 7313 7355 7350
f 7355 7354 7351
f 7355 7351 7350
f 7355 6775 6774
f 7355 6774 7354
f 7351 7354 7353
f 7351 7353 7352
f 7352 7353 6777
f 7352 6777 6749
f 6749 6752 7349
f 6749 7349 7352
f 7349 6752 6779
f 7349 6779 7345
f 7345 6779 6782
f 7345 6782 7344
f 7344 6782 7151
f 7344 7151 7329
f 7329 7151 7227
f 7329 7227 7328
f 7328 7227 7261
f 7328 7261 7330
f 7316 6747 6775
f 7316 6775 7355
f 7316 7315 6748
f 7316 6748 6747
f 6745 6748 7318
f 6745 7318 6737
f 6737 7318 7324
f 6737 7324 6734
f 7338 7292 7356
f 7338 7356 7357
f 7356 7295 7340
f 7356 7340 7357
f 7292 7291 7358
f 7292 7358 7356
f 7358 7296 7295
f 7358 7295 7356
f 7359 7360 7296
f 7359 7296 7358
f 7359 7358 7291
f 7359 7291 7361
f 7290 7362 7361
f 7290 7361 7291
f 7360 7363 7293
f 7360 7293 7296
f 7363 7364 6727
f 7363 6727 7293
f 6715 6727 7364
f 6715 7364 6716
f 7364 7365 7156
f 7364 7156 6716
f 7363 7366 7365
f 7363 7365 7364
f 7360 7367 7366
f 7360 7366 7363
f 7359 7368 7367
f 7359 7367 7360
f 7361 7369 7368
f 7361 7368 7359
f 7362 7370 7369
f 7362 7369 7361
f 7371 6965 6962
f 7371 6962 7008
f 7155 7004 6965
f 7155 6965 7371
f 6820 6848 6851
f 6820 6851 6821
f 6821 6851 6875
f 6821 6875 6844
f 6907 6868 6844
f 6907 6844 6875
f 6868 6907 6948
f 6868 6948 7372
f 6947 7373 7372
f 6947 7372 6948
f 7373 6947 6991
f 7373 6991 7374
f 7375 7374 6991
f 7375 6991 6964
f 6963 7376 7375
f 6963 7375 6964
f 7376 6963 6966
f 7376 6966 7377
f 7005 7378 7377
f 7005 7377 6966
f 7378 7005 7007
f 7378 7007 7379
f 7000 6999 7379
f 7000 7379 7007
f 6996 6999 7000
f 6996 7000 7003
f 7213 7212 7217
f 7213 7217 7216
f 6984 6944 6981
f 6984 6981 6985
f 6901 7141 7131
f 6901 7131 6902
f 6942 7142 7141
f 6942 7141 6901
f 7209 7208 7207
f 7209 7207 7206
f 6957 7147 7146
f 6957 7146 6958
f 6995 6998 7147
f 6995 7147 6957
f 6993 6999 6998
f 6993 6998 6995
f 6992 7379 6999
f 6992 6999 6993
f 7378 7379 6992
f 7378 6992 6960
f 6959 7377 7378
f 6959 7378 6960
f 7376 7377 6959
f 7376 6959 6920
f 6919 7375 7376
f 6919 7376 6920
f 6952 7374 7375
f 6952 7375 6919
f 6904 7373 7374
f 6904 7374 6952
f 7372 7373 6904
f 7372 6904 6905
f 7063 7066 7030
f 7063 7030 7031
f 7221 7220 7219
f 7221 7219 7218
f 7037 7070 7073
f 7037 7073 7038
f 7069 7087 7070
f 7069 7070 7037
f 7075 7087 7069
f 7075 7069 7155
f 7075 7155 7371
f 7075 7371 7076
f 7076 7371 7008
f 7076 7008 7042
f 7039 7042 7008
f 7039 7008 7009
f 7036 7068 7039
f 7036 7039 7009
f 7033 7068 7036
f 7033 7036 6986
f 7034 7033 6986
f 7034 6986 6987
f 6989 7034 6987
f 6989 6987 6949
f 6951 6989 6949
f 6951 6949 6908
f 6876 6910 6951
f 6876 6951 6908
f 6911 6910 6876
f 6911 6876 6877
f 7064 7105 7104
f 7064 7104 7065
f 7225 7224 7223
f 7225 7223 7222
f 7071 7108 7111
f 7071 7111 7072
f 7088 7126 7108
f 7088 7108 7071
f 7115 7126 7088
f 7115 7088 7074
f 7115 7074 7077
f 7115 7077 7112
f 7112 7077 7041
f 7112 7041 7092
f 7040 7089 7092
f 7040 7092 7041
f 7067 7093 7089
f 7067 7089 7040
f 7045 7093 7067
f 7045 7067 7032
f 7045 7032 7035
f 7045 7035 7046
f 7011 7046 7035
f 7011 7035 6988
f 7011 6988 6950
f 7011 6950 6968
f 6968 6950 6909
f 6968 6909 6923
f 6923 6909 6912
f 6923 6912 6924
f 6795 6819 6822
f 6795 6822 6796
f 6796 6822 6845
f 6796 6845 6816
f 6816 6845 6869
f 6816 6869 6842
f 6870 6842 6869
f 6870 6869 6905
f 6905 6869 6868
f 6905 6868 7372
f 6902 7380 7136
f 6902 7136 6903
f 7381 7382 7144
f 7381 7144 7143
f 7130 7380 6902
f 7130 6902 7131
f 7383 7384 7382
f 7383 7382 7381
f 7384 7383 7385
f 7384 7385 7386
f 7387 7388 7386
f 7387 7386 7385
f 6984 7389 6939
f 6984 6939 6944
f 7103 7083 7390
f 7103 7390 7104
f 7104 7390 7391
f 7104 7391 7065
f 7065 7391 7392
f 7065 7392 7066
f 7030 7393 7394
f 7030 7394 6983
f 7030 7066 7392
f 7030 7392 7393
f 6984 6983 7394
f 6984 7394 7389
f 7388 7387 7395
f 7388 7395 7396
f 6940 6939 7389
f 6940 7389 7397
f 7165 7170 7166
f 7165 7166 7028
f 7027 7163 7165
f 7027 7165 7028
f 7025 7148 7163
f 7025 7163 7027
f 7024 7149 7148
f 7024 7148 7025
f 6978 7149 7024
f 6978 7024 7020
f 6978 7020 6977
f 6978 6977 6935
f 6976 6936 6935
f 6976 6935 6977
f 6864 6936 6976
f 6864 6976 6892
f 6865 6864 6892
f 6865 6892 6895
f 6834 6865 6895
f 6834 6895 6862
f 6835 6834 6862
f 6835 6862 6830
f 6835 6830 6833
f 6835 6833 7398
f 6753 7399 7398
f 6753 7398 6833
f 7399 6753 6756
f 7399 6756 7400
f 7394 7401 7397
f 7394 7397 7389
f 7402 7403 7396
f 7402 7396 7395
f 7061 7029 7167
f 7061 7167 7084
f 7060 7026 7029
f 7060 7029 7061
f 7058 7022 7026
f 7058 7026 7060
f 7057 7023 7022
f 7057 7022 7058
f 7054 7021 7023
f 7054 7023 7057
f 7019 6974 7021
f 7019 7021 7054
f 7018 6975 6974
f 7018 6974 7019
f 6893 6975 7018
f 6893 7018 6931
f 6894 6893 6931
f 6894 6931 6934
f 6863 6894 6934
f 6863 6934 6890
f 6831 6863 6890
f 6831 6890 6859
f 6831 6859 6861
f 6831 6861 6832
f 6783 6754 6832
f 6783 6832 6861
f 6786 6755 6754
f 6786 6754 6783
f 7403 7402 7404
f 7403 7404 7405
f 7401 7394 7393
f 7401 7393 7406
f 7405 7404 7407
f 7405 7407 7408
f 7406 7393 7392
f 7406 7392 7409
f 6926 6922 6921
f 6926 6921 6927
f 6922 6926 6970
f 6922 6970 6967
f 7013 7010 6967
f 7013 6967 6970
f 7049 7043 7010
f 7049 7010 7013
f 7048 7044 7043
f 7048 7043 7049
f 7095 7094 7044
f 7095 7044 7048
f 7090 7094 7095
f 7090 7095 7098
f 7090 7098 7117
f 7090 7117 7091
f 7113 7091 7117
f 7113 7117 7118
f 7113 7118 7121
f 7113 7121 7114
f 7127 7114 7121
f 7127 7121 7122
f 7127 7122 7125
f 7127 7125 7109
f 7129 7110 7109
f 7129 7109 7125
f 7110 7129 7225
f 7110 7225 7111
f 7111 7225 7222
f 7111 7222 7072
f 7221 7073 7072
f 7221 7072 7222
f 7073 7221 7218
f 7073 7218 7038
f 7214 7002 7038
f 7214 7038 7218
f 7003 7002 7214
f 7003 7214 7217
f 7212 6996 7003
f 7212 7003 7217
f 7210 6997 6996
f 7210 6996 7212
f 7209 7146 6997
f 7209 6997 7210
f 7146 7209 7206
f 7146 7206 6958
f 7204 6956 6958
f 7204 6958 7206
f 7202 6953 6956
f 7202 6956 7204
f 7145 6953 7202
f 7145 7202 7200
f 7145 7200 7196
f 7145 7196 7177
f 7177 7196 7199
f 7177 7199 7187
f 7185 7187 7199
f 7185 7199 7194
f 7192 7183 7185
f 7192 7185 7194
f 7180 7183 7192
f 7180 7192 7190
f 7189 7181 7180
f 7189 7180 7190
f 7265 7228 7181
f 7265 7181 7189
f 7264 7262 7228
f 7264 7228 7265
f 7343 7262 7264
f 7343 7264 6767
f 7342 7343 6767
f 7342 6767 6765
f 7341 7342 6765
f 7341 6765 6738
f 7341 6738 6741
f 7341 6741 7339
f 7339 6741 7287
f 7339 7287 7340
f 7357 7340 7287
f 7357 7287 7285
f 7283 7338 7357
f 7283 7357 7285
f 7337 7338 7283
f 7337 7283 7258
f 7256 7410 7337
f 7256 7337 7258
f 7254 7411 7410
f 7254 7410 7256
f 7411 7254 7134
f 7411 7134 7157
f 7133 6815 7157
f 7133 7157 7134
f 6811 6815 7133
f 6811 7133 7144
f 7382 6812 6811
f 7382 6811 7144
f 7384 6866 6812
f 7384 6812 7382
f 6866 7384 7386
f 6866 7386 7171
f 7388 7169 7171
f 7388 7171 7386
f 7169 7388 7396
f 7169 7396 7170
f 7403 7166 7170
f 7403 7170 7396
f 7166 7403 7405
f 7166 7405 7167
f 7167 7405 7408
f 7167 7408 7084
f 7408 7390 7083
f 7408 7083 7084
f 7404 7406 7409
f 7404 7409 7407
f 7402 7401 7406
f 7402 7406 7404
f 7401 7402 7395
f 7401 7395 7397
f 7387 6940 7397
f 7387 7397 7395
f 6940 7387 7385
f 6940 7385 6937
f 7383 7130 6937
f 7383 6937 7385
f 7130 7383 7381
f 7130 7381 7380
f 7380 7381 7143
f 7380 7143 7136
f 7132 7137 7136
f 7132 7136 7143
f 7298 7137 7132
f 7298 7132 7135
f 7255 6788 7298
f 7255 7298 7135
f 6788 7255 7257
f 6788 7257 6759
f 6760 6759 7257
f 6760 7257 7259
f 7284 6757 6760
f 7284 6760 7259
f 6761 6757 7284
f 6761 7284 7286
f 7288 6762 6761
f 7288 6761 7286
f 6740 7250 6762
f 6740 6762 7288
f 6739 7249 7250
f 6739 7250 6740
f 6766 7251 7249
f 6766 7249 6739
f 6768 7252 7251
f 6768 7251 6766
f 7263 7253 7252
f 7263 7252 6768
f 7299 7253 7263
f 7299 7263 7266
f 7282 7299 7266
f 7282 7266 7188
f 7281 7282 7188
f 7281 7188 7191
f 7193 7280 7281
f 7193 7281 7191
f 7280 7193 7195
f 7280 7195 7279
f 7198 7278 7279
f 7198 7279 7195
f 7197 7172 7278
f 7197 7278 7198
f 7201 7173 7172
f 7201 7172 7197
f 7203 7140 7173
f 7203 7173 7201
f 7140 7203 7205
f 7140 7205 6941
f 6942 6941 7205
f 6942 7205 7207
f 7208 7142 6942
f 7208 6942 7207
f 7142 7208 7211
f 7142 7211 6980
f 6981 6980 7211
f 6981 7211 7213
f 6981 7213 7216
f 6981 7216 6985
f 7215 6982 6985
f 7215 6985 7216
f 7031 6982 7215
f 7031 7215 7219
f 7220 7063 7031
f 7220 7031 7219
f 7064 7063 7220
f 7064 7220 7223
f 7224 7105 7064
f 7224 7064 7223
f 7128 7102 7105
f 7128 7105 7224
f 7107 7102 7128
f 7107 7128 7124
f 7123 7106 7107
f 7123 7107 7124
f 7120 7100 7106
f 7120 7106 7123
f 7119 7101 7100
f 7119 7100 7120
f 7116 7099 7101
f 7116 7101 7119
f 7097 7078 7099
f 7097 7099 7116
f 7096 7079 7078
f 7096 7078 7097
f 7014 7079 7096
f 7014 7096 7047
f 7015 7014 7047
f 7015 7047 7050
f 6971 7015 7050
f 6971 7050 7012
f 6929 6971 7012
f 6929 7012 6969
f 6925 6887 6929
f 6925 6929 6969
f 6888 6887 6925
f 6888 6925 6928
f 7407 7391 7390
f 7407 7390 7408
f 7409 7392 7391
f 7409 7391 7407
f 7289 7337 7410
f 7289 7410 7412
f 7412 7410 7411
f 7412 7411 7413
f 7413 7411 7157
f 7413 7157 6809
f 7290 7289 7412
f 7290 7412 7414
f 7414 7412 7413
f 7414 7413 7415
f 7415 7413 6809
f 7415 6809 6805
f 7415 6805 7416
f 7415 7416 7417
f 7416 6805 6808
f 7416 6808 7418
f 7418 6808 6835
f 7418 6835 7398
f 7398 7399 7419
f 7398 7419 7418
f 7418 7419 7420
f 7418 7420 7416
f 7416 7420 7421
f 7416 7421 7417
f 7417 7421 7422
f 7417 7422 7423
f 7417 7423 7414
f 7417 7414 7415
f 7414 7423 7362
f 7414 7362 7290
f 7423 7422 7370
f 7423 7370 7362
f 7369 7370 4060
f 7369 4060 4058
f 7368 7369 4058
f 7368 4058 4056
f 7367 7368 4056
f 7367 4056 4054
f 7366 7367 4054
f 7366 4054 4052
f 7365 7366 4052
f 7365 4052 4044
f 7156 7365 4044
f 7156 4044 3170
f 6708 7156 3170
f 6708 3170 3094
f 6709 6708 3094
f 6709 3094 3086
f 6711 6709 3086
f 6711 3086 3084
f 7302 6711 3084
f 7302 3084 7424
f 7303 7302 7424
f 7303 7424 7425
f 7305 7303 7425
f 7305 7425 7426
f 7307 7305 7426
f 7307 7426 7427
f 7319 7307 7427
f 7319 7427 7428
f 7325 7319 7428
f 7325 7428 7429
f 7326 7325 7429
f 7326 7429 7430
f 7327 7326 7430
f 7327 7430 7431
f 7419 7399 7400
f 7419 7400 7432
f 7420 7419 7432
f 7420 7432 7433
f 7421 7420 7433
f 7421 7433 4064
f 7422 7421 4064
f 7422 4064 4062
f 7370 7422 4062
f 7370 4062 4060
f 7434 7435 833
f 7434 833 841
f 7435 7436 830
f 7435 830 833
f 7437 7438 7439
f 7437 7439 7440
f 7440 7439 7441
f 7440 7441 7442
f 7443 7438 7437
f 7443 7437 7444
f 7445 7437 7440
f 7445 7440 7446
f 7446 7440 7442
f 7446 7442 7447
f 7444 7437 7445
f 7444 7445 7448
f 7445 7446 7449
f 7445 7449 7450
f 7450 7449 7451
f 7450 7451 7452
f 7447 7442 7453
f 7447 7453 7454
f 7446 7447 7455
f 7446 7455 7449
f 7449 7455 7456
f 7449 7456 7451
f 7457 7450 7452
f 7457 7452 7458
f 7457 7448 7445
f 7457 7445 7450
f 7447 7454 7459
f 7447 7459 7455
f 7455 7459 7460
f 7455 7460 7456
f 7461 7462 7463
f 7461 7463 7464
f 7465 7466 7467
f 7465 7467 7468
f 7469 7470 7464
f 7469 7464 7463
f 7462 7471 7472
f 7462 7472 7463
f 7473 7471 7474
f 7473 7474 7475
f 7476 7477 7478
f 7476 7478 7479
f 7480 7481 7482
f 7480 7482 7483
f 7484 7485 7486
f 7484 7486 7487
f 7488 7465 7468
f 7488 7468 7489
f 7490 7488 7489
f 7490 7489 7491
f 7470 7469 7492
f 7470 7492 7493
f 7469 7463 7472
f 7469 7472 7494
f 7472 7471 7473
f 7472 7473 7495
f 7496 7497 7498
f 7496 7498 7499
f 7497 7473 7475
f 7497 7475 7498
f 7500 7476 7479
f 7500 7479 7501
f 7502 7503 7504
f 7502 7504 7505
f 7483 7482 7506
f 7483 7506 7507
f 7485 7508 7509
f 7485 7509 7486
f 7510 7509 7508
f 7510 7508 7511
f 7492 7469 7494
f 7492 7494 7512
f 7513 7514 7515
f 7513 7515 7516
f 7494 7472 7495
f 7494 7495 7517
f 7518 7497 7496
f 7518 7496 7519
f 7473 7497 7518
f 7473 7518 7495
f 7500 7501 7496
f 7500 7496 7499
f 7479 7478 7520
f 7479 7520 7521
f 7522 7523 7524
f 7522 7524 7525
f 7526 7522 7525
f 7526 7525 7527
f 7528 7529 7530
f 7528 7530 7531
f 7532 7527 7529
f 7532 7529 7528
f 7514 7533 7534
f 7514 7534 7515
f 7512 7494 7517
f 7512 7517 7535
f 7536 7537 7538
f 7536 7538 7539
f 7540 7518 7519
f 7540 7519 7541
f 7517 7495 7518
f 7517 7518 7540
f 7479 7521 7542
f 7479 7542 7501
f 7496 7501 7542
f 7496 7542 7519
f 7505 7504 7543
f 7505 7543 7544
f 7545 7521 7520
f 7545 7520 7546
f 7547 7548 7549
f 7547 7549 7550
f 7523 7551 7552
f 7523 7552 7524
f 7553 7554 7555
f 7553 7555 7556
f 7553 7525 7524
f 7553 7524 7554
f 7553 7529 7527
f 7553 7527 7525
f 7529 7553 7556
f 7529 7556 7530
f 7511 7557 7558
f 7511 7558 7510
f 7534 7533 7559
f 7534 7559 7560
f 7537 7561 7562
f 7537 7562 7538
f 7563 7540 7541
f 7563 7541 7564
f 7535 7517 7540
f 7535 7540 7563
f 7565 7566 7567
f 7565 7567 7568
f 7521 7545 7569
f 7521 7569 7542
f 7541 7519 7542
f 7541 7542 7569
f 7570 7544 7543
f 7570 7543 7571
f 7572 7545 7546
f 7572 7546 7573
f 7574 7575 7576
f 7574 7576 7577
f 7578 7579 7577
f 7578 7577 7580
f 7581 7547 7550
f 7581 7550 7582
f 7554 7583 7584
f 7554 7584 7555
f 7524 7552 7583
f 7524 7583 7554
f 7530 7585 7586
f 7530 7586 7531
f 7561 7587 7588
f 7561 7588 7562
f 7589 7590 7591
f 7589 7591 7592
f 7559 7590 7589
f 7559 7589 7560
f 7566 7593 7594
f 7566 7594 7567
f 7595 7596 7568
f 7595 7568 7567
f 7545 7572 7597
f 7545 7597 7569
f 7564 7541 7569
f 7564 7569 7597
f 7598 7570 7571
f 7598 7571 7599
f 7600 7601 7602
f 7600 7602 7603
f 7603 7604 7605
f 7603 7605 7600
f 7575 7606 7607
f 7575 7607 7576
f 7580 7577 7576
f 7580 7576 7608
f 7609 7578 7580
f 7609 7580 7610
f 7611 7612 7613
f 7611 7613 7614
f 7612 7581 7582
f 7612 7582 7613
f 7615 7616 7617
f 7615 7617 7618
f 7617 7556 7555
f 7617 7555 7618
f 7617 7585 7530
f 7617 7530 7556
f 7619 7620 7621
f 7619 7621 7622
f 7623 7624 7589
f 7623 7589 7592
f 7594 7593 7625
f 7594 7625 7626
f 7594 7627 7595
f 7594 7595 7567
f 7628 7629 7630
f 7628 7630 7631
f 7602 7601 7632
f 7602 7632 7633
f 7591 7633 7632
f 7591 7632 7592
f 7605 7604 7634
f 7605 7634 7635
f 7634 7636 7637
f 7634 7637 7635
f 7601 7600 7638
f 7601 7638 7639
f 7640 7641 7642
f 7640 7642 7643
f 7644 7645 7646
f 7644 7646 7647
f 7608 7576 7607
f 7608 7607 7648
f 7580 7608 7649
f 7580 7649 7610
f 7650 7651 7652
f 7650 7652 7653
f 7651 7609 7610
f 7651 7610 7652
f 7654 7615 7618
f 7654 7618 7655
f 7555 7584 7655
f 7555 7655 7618
f 7656 7657 7658
f 7656 7658 7659
f 7660 7619 7622
f 7660 7622 7661
f 7658 7662 7663
f 7658 7663 7659
f 7664 7665 7666
f 7664 7666 7667
f 7625 7665 7664
f 7625 7664 7626
f 7668 7627 7594
f 7668 7594 7626
f 7669 7628 7631
f 7669 7631 7670
f 7632 7601 7639
f 7632 7639 7671
f 7592 7632 7671
f 7592 7671 7623
f 7672 7673 7674
f 7672 7674 7675
f 7674 7673 7676
f 7674 7676 7677
f 7605 7635 7678
f 7605 7678 7679
f 7680 7681 7682
f 7680 7682 7683
f 7682 7684 7685
f 7682 7685 7683
f 7643 7642 7686
f 7643 7686 7687
f 7647 7688 7689
f 7647 7689 7644
f 7608 7648 7690
f 7608 7690 7649
f 7652 7691 7692
f 7652 7692 7653
f 7610 7649 7691
f 7610 7691 7652
f 7693 7694 7695
f 7693 7695 7696
f 7695 7611 7614
f 7695 7614 7696
f 7697 7698 7615
f 7697 7615 7654
f 7662 7699 7700
f 7662 7700 7663
f 7701 7702 7703
f 7701 7703 7704
f 7705 7706 7664
f 7705 7664 7667
f 7706 7668 7626
f 7706 7626 7664
f 7707 7669 7670
f 7707 7670 7708
f 7666 7709 7710
f 7666 7710 7667
f 7709 7681 7680
f 7709 7680 7710
f 7637 7711 7712
f 7637 7712 7713
f 7711 7675 7714
f 7711 7714 7712
f 7715 7716 7717
f 7715 7717 7718
f 7719 7720 7721
f 7719 7721 7722
f 7685 7684 7723
f 7685 7723 7724
f 7723 7725 7726
f 7723 7726 7724
f 7727 7728 7680
f 7727 7680 7683
f 7687 7686 7729
f 7687 7729 7730
f 7731 7689 7688
f 7731 7688 7732
f 7691 7733 7734
f 7691 7734 7692
f 7649 7690 7733
f 7649 7733 7691
f 7735 7736 7737
f 7735 7737 7738
f 7737 7650 7653
f 7737 7653 7738
f 7739 7694 7693
f 7739 7693 7740
f 7741 7742 7743
f 7741 7743 7744
f 7745 7746 7747
f 7745 7747 7748
f 7749 7750 7701
f 7749 7701 7704
f 7751 7752 7753
f 7751 7753 7754
f 7752 7707 7708
f 7752 7708 7753
f 7680 7728 7755
f 7680 7755 7710
f 7755 7705 7667
f 7755 7667 7710
f 7722 7726 7725
f 7722 7725 7719
f 7722 7721 7756
f 7722 7756 7757
f 7758 7759 7760
f 7758 7760 7761
f 7762 7763 7764
f 7762 7764 7765
f 7730 7729 7763
f 7730 7763 7762
f 7766 7767 7768
f 7766 7768 7769
f 7767 7731 7732
f 7767 7732 7768
f 7770 7735 7738
f 7770 7738 7771
f 7653 7692 7771
f 7653 7771 7738
f 7772 7773 7736
f 7772 7736 7735
f 7774 7775 7776
f 7774 7776 7777
f 7778 7779 7780
f 7778 7780 7781
f 7782 7783 7784
f 7782 7784 7785
f 7786 7751 7754
f 7786 7754 7787
f 7726 7722 7757
f 7726 7757 7788
f 7789 7790 7791
f 7789 7791 7792
f 7793 7794 7795
f 7793 7795 7796
f 7797 7770 7771
f 7797 7771 7798
f 7692 7734 7798
f 7692 7798 7771
f 7799 7772 7735
f 7799 7735 7770
f 7800 7774 7777
f 7800 7777 7801
f 7802 7803 7780
f 7802 7780 7779
f 7804 7805 7779
f 7804 7779 7778
f 7806 7789 7792
f 7806 7792 7807
f 7808 7809 7810
f 7808 7810 7811
f 7808 7811 7812
f 7808 7812 7813
f 7765 7764 7813
f 7765 7813 7812
f 7814 7815 7816
f 7814 7816 7817
f 7817 7766 7769
f 7817 7769 7814
f 7818 7799 7770
f 7818 7770 7797
f 7819 7800 7801
f 7819 7801 7820
f 7821 7822 7823
f 7821 7823 7824
f 7779 7805 7824
f 7779 7824 7802
f 7825 7826 7805
f 7825 7805 7804
f 7827 7828 7829
f 7827 7829 7830
f 7831 7832 7833
f 7831 7833 7834
f 7815 7835 7836
f 7815 7836 7816
f 7837 7838 7839
f 7837 7839 7840
f 7805 7826 7821
f 7805 7821 7824
f 7841 7842 7843
f 7841 7843 7844
f 7845 7827 7830
f 7845 7830 7846
f 7847 7843 7842
f 7847 7842 7848
f 7849 7656 7659
f 7849 7659 7850
f 7851 7852 7853
f 7851 7853 7854
f 7855 7620 7856
f 7855 7856 7857
f 7856 7620 7619
f 7856 7619 7858
f 7858 7619 7660
f 7858 7660 7859
f 7850 7659 7663
f 7850 7663 7860
f 7860 7663 7700
f 7860 7700 7861
f 7854 7862 7863
f 7854 7863 7851
f 7711 7864 7672
f 7711 7672 7675
f 7865 7718 7717
f 7865 7717 7866
f 7675 7674 7677
f 7675 7677 7714
f 7745 7748 7742
f 7745 7742 7741
f 7778 7781 7775
f 7778 7775 7774
f 7698 7697 7867
f 7698 7867 7868
f 7743 7739 7740
f 7743 7740 7744
f 7777 7776 7773
f 7777 7773 7772
f 7801 7777 7772
f 7801 7772 7799
f 7477 7502 7505
f 7477 7505 7478
f 7478 7505 7544
f 7478 7544 7520
f 7546 7520 7544
f 7546 7544 7570
f 7570 7598 7573
f 7570 7573 7546
f 7679 7638 7600
f 7679 7600 7605
f 7794 7760 7759
f 7794 7759 7795
f 7831 7834 7810
f 7831 7810 7809
f 7820 7801 7799
f 7820 7799 7818
f 7835 7837 7840
f 7835 7840 7836
f 7503 7869 7870
f 7503 7870 7504
f 7504 7870 7871
f 7504 7871 7543
f 7871 7872 7571
f 7871 7571 7543
f 7599 7571 7872
f 7599 7872 7873
f 7713 7678 7635
f 7713 7635 7637
f 7788 7874 7724
f 7788 7724 7726
f 7807 7793 7796
f 7807 7796 7806
f 7774 7800 7804
f 7774 7804 7778
f 7825 7804 7800
f 7825 7800 7819
f 7845 7846 7833
f 7845 7833 7832
f 7838 7841 7844
f 7838 7844 7839
f 7758 7761 7786
f 7758 7786 7787
f 7875 7434 841
f 7875 841 925
f 7876 7526 7527
f 7876 7527 7532
f 7493 7492 7514
f 7493 7514 7513
f 7492 7512 7533
f 7492 7533 7514
f 7533 7512 7535
f 7533 7535 7559
f 7535 7563 7590
f 7535 7590 7559
f 7591 7590 7563
f 7591 7563 7564
f 7564 7597 7633
f 7564 7633 7591
f 7572 7602 7633
f 7572 7633 7597
f 7602 7572 7573
f 7602 7573 7603
f 7598 7604 7603
f 7598 7603 7573
f 7634 7604 7598
f 7634 7598 7599
f 7873 7636 7634
f 7873 7634 7599
f 7877 7878 7879
f 7877 7879 7880
f 7879 7878 7507
f 7879 7507 7506
f 7616 7615 7698
f 7616 7698 7881
f 7881 7698 7868
f 7881 7868 7882
f 7882 7883 7884
f 7882 7884 7881
f 7885 7747 7746
f 7885 7746 7886
f 7616 7887 7585
f 7616 7585 7617
f 7881 7884 7887
f 7881 7887 7616
f 7884 7883 7888
f 7884 7888 7889
f 7887 7890 7586
f 7887 7586 7585
f 7889 7890 7887
f 7889 7887 7884
f 7891 7892 7893
f 7891 7893 7894
f 7895 7896 7864
f 7895 7864 7711
f 7869 7897 7898
f 7869 7898 7870
f 7899 7898 7897
f 7899 7897 7900
f 7898 7899 7901
f 7898 7901 7902
f 7901 7903 7904
f 7901 7904 7902
f 7905 7906 7896
f 7905 7896 7895
f 7907 7908 7909
f 7907 7909 7910
f 7911 7909 7908
f 7911 7908 7912
f 7912 7913 7914
f 7912 7914 7911
f 7915 7916 7917
f 7915 7917 7918
f 7919 7915 7918
f 7919 7918 7920
f 7921 7919 7920
f 7921 7920 7922
f 7922 7923 7924
f 7922 7924 7921
f 7923 7925 7926
f 7923 7926 7924
f 7927 7928 7929
f 7927 7929 7930
f 7928 7931 7932
f 7928 7932 7929
f 7933 7934 7935
f 7933 7935 7936
f 7936 7937 7938
f 7936 7938 7933
f 7939 7940 7941
f 7939 7941 7942
f 7848 7943 7944
f 7848 7944 7847
f 7870 7898 7902
f 7870 7902 7871
f 7916 7914 7913
f 7916 7913 7917
f 7904 7903 7906
f 7904 7906 7905
f 7872 7871 7902
f 7872 7902 7904
f 7636 7895 7711
f 7636 7711 7637
f 7873 7905 7895
f 7873 7895 7636
f 7905 7873 7872
f 7905 7872 7904
f 7869 7945 7946
f 7869 7946 7897
f 7900 7897 7946
f 7900 7946 7947
f 7948 7949 7950
f 7948 7950 7951
f 7949 7948 7952
f 7949 7952 7953
f 7953 7952 7954
f 7953 7954 7955
f 7955 7954 7956
f 7955 7956 7957
f 7955 7957 7958
f 7955 7958 7959
f 7960 7961 7959
f 7960 7959 7958
f 7961 7962 7963
f 7961 7963 7959
f 7964 7965 7963
f 7964 7963 7962
f 7965 7964 7966
f 7965 7966 7967
f 7965 7967 7950
f 7965 7950 7949
f 7965 7949 7953
f 7965 7953 7963
f 7953 7955 7959
f 7953 7959 7963
f 7968 7969 7487
f 7968 7487 7486
f 7970 7968 7486
f 7970 7486 7509
f 7971 7970 7509
f 7971 7509 7510
f 7972 7971 7510
f 7972 7510 7558
f 7973 7853 7852
f 7973 7852 7974
f 7974 7975 7976
f 7974 7976 7973
f 7975 7977 7978
f 7975 7978 7976
f 7957 7956 7960
f 7957 7960 7958
f 7966 7951 7950
f 7966 7950 7967
f 7946 7945 7979
f 7946 7979 7980
f 7947 7946 7980
f 7947 7980 7981
f 7982 7983 7984
f 7982 7984 7985
f 7986 7948 7951
f 7986 7951 7987
f 7948 7986 7988
f 7948 7988 7952
f 7954 7952 7988
f 7954 7988 7989
f 7956 7954 7989
f 7956 7989 7990
f 7960 7956 7990
f 7960 7990 7991
f 7991 7992 7961
f 7991 7961 7960
f 7992 7993 7962
f 7992 7962 7961
f 7994 7964 7962
f 7994 7962 7993
f 7964 7994 7995
f 7964 7995 7966
f 7987 7951 7966
f 7987 7966 7995
f 7996 7892 7991
f 7996 7991 7990
f 7990 7989 7880
f 7990 7880 7996
f 7891 7997 7991
f 7891 7991 7892
f 7997 7998 7992
f 7997 7992 7991
f 7998 7999 7993
f 7998 7993 7992
f 8000 7994 7993
f 8000 7993 7999
f 8000 8001 7995
f 8000 7995 7994
f 7989 7988 7877
f 7989 7877 7880
f 7485 7484 7480
f 7485 7480 7483
f 7508 7485 7483
f 7508 7483 7507
f 7508 7507 7878
f 7508 7878 7511
f 7557 7511 7878
f 7557 7878 7877
f 7988 7986 7557
f 7988 7557 7877
f 7557 7986 7987
f 7557 7987 7558
f 7983 7907 7910
f 7983 7910 7984
f 8002 7978 7977
f 8002 7977 8003
f 8003 8004 8005
f 8003 8005 8002
f 8006 8005 8004
f 8006 8004 8007
f 8008 8009 8010
f 8008 8010 8011
f 7466 8006 8007
f 7466 8007 7467
f 8012 8013 8014
f 8012 8014 8015
f 7879 8016 7996
f 7879 7996 7880
f 7892 7996 8016
f 7892 8016 7893
f 8016 7879 7506
f 8016 7506 8017
f 8016 8017 7857
f 8016 7857 7856
f 7893 8016 7856
f 7893 7856 7858
f 7894 7893 7858
f 7894 7858 7859
f 7987 7995 8001
f 7987 8001 8018
f 8018 7972 7558
f 8018 7558 7987
f 7549 7548 8019
f 7549 8019 8020
f 7577 7579 8021
f 7577 8021 7574
f 7443 7444 8022
f 7443 8022 8023
f 7436 8024 8025
f 7436 8025 830
f 8024 8026 8027
f 8024 8027 8025
f 8026 8028 8029
f 8026 8029 8027
f 8028 8030 8031
f 8028 8031 8029
f 8032 8023 8022
f 8032 8022 8033
f 8032 8033 8034
f 8032 8034 8035
f 8036 8035 8034
f 8036 8034 8037
f 8033 8038 8039
f 8033 8039 8034
f 8037 8034 8039
f 8037 8039 8040
f 8038 8041 8042
f 8038 8042 8039
f 8040 8039 8042
f 8040 8042 8043
f 8043 8042 7474
f 8043 7474 8044
f 8030 8045 8046
f 8030 8046 8031
f 8036 8037 8047
f 8036 8047 8048
f 8037 8040 8049
f 8037 8049 8047
f 8040 8043 8050
f 8040 8050 8049
f 8043 8044 8051
f 8043 8051 8050
f 8045 8052 8053
f 8045 8053 8046
f 8052 8054 8055
f 8052 8055 8053
f 8054 8056 8057
f 8054 8057 8055
f 8058 8059 7451
f 8058 7451 7456
f 8060 8058 7456
f 8060 7456 7460
f 8061 8012 8015
f 8061 8015 8062
f 8063 8061 8062
f 8063 8062 8064
f 8063 8064 8065
f 8063 8065 8066
f 8063 8066 7460
f 8063 7460 7459
f 7459 7454 8061
f 7459 8061 8063
f 7454 7453 8012
f 7454 8012 8061
f 8067 8068 8009
f 8067 8009 8008
f 8015 8014 8069
f 8015 8069 8070
f 8062 8015 8070
f 8062 8070 8071
f 8064 8062 8071
f 8064 8071 8072
f 8065 8064 8072
f 8065 8072 8073
f 7979 8060 7460
f 7979 7460 8066
f 7985 7490 7491
f 7985 7491 7982
f 8066 8065 7980
f 8066 7980 7979
f 8065 8073 7981
f 8065 7981 7980
f 7451 8059 8074
f 7451 8074 7452
f 7452 8074 8075
f 7452 8075 7458
f 7444 7448 8076
f 7444 8076 8022
f 8077 7457 7458
f 8077 7458 8078
f 7448 7457 8077
f 7448 8077 8076
f 7458 8075 8079
f 7458 8079 8078
f 8022 8076 8038
f 8022 8038 8033
f 8080 8077 8078
f 8080 8078 8081
f 8076 8077 8080
f 8076 8080 8038
f 8078 8079 8082
f 8078 8082 8081
f 8083 7500 7499
f 8083 7499 8084
f 8038 8080 8085
f 8038 8085 8041
f 8085 8080 8081
f 8085 8081 8084
f 8085 8084 7499
f 8085 7499 7498
f 8081 8082 8083
f 8081 8083 8084
f 8082 7476 7500
f 8082 7500 8083
f 7476 8082 8079
f 7476 8079 7477
f 8079 8075 7502
f 8079 7502 7477
f 8075 8074 7503
f 8075 7503 7502
f 8074 8059 7869
f 8074 7869 7503
f 8059 8058 7945
f 8059 7945 7869
f 8058 8060 7979
f 8058 7979 7945
f 8041 8085 7498
f 8041 7498 7475
f 8041 7475 7474
f 8041 7474 8042
f 7471 7462 8044
f 7471 8044 7474
f 7462 7461 8051
f 7462 8051 8044
f 8068 8086 8087
f 8068 8087 8009
f 8087 8086 8069
f 8087 8069 8014
f 8009 8087 8088
f 8009 8088 8010
f 8088 8087 8014
f 8088 8014 8013
f 8089 8088 8013
f 8089 8013 8090
f 8089 8091 8010
f 8089 8010 8088
f 8011 8010 8091
f 8011 8091 8092
f 8090 8013 8012
f 8090 8012 8093
f 8093 8012 7453
f 8093 7453 8094
f 7442 7441 8094
f 7442 8094 7453
f 8095 7875 925
f 8095 925 1825
f 8096 8095 1825
f 8096 1825 1833
f 8097 8096 1833
f 8097 1833 1835
f 8098 8097 1835
f 8098 1835 1837
f 8099 8098 1837
f 8099 1837 1839
f 8100 8099 1839
f 8100 1839 1841
f 8101 7727 7683
f 8101 7683 7685
f 7874 8101 7685
f 7874 7685 7724
f 7539 7538 7566
f 7539 7566 7565
f 7538 7562 7593
f 7538 7593 7566
f 7625 7593 7562
f 7625 7562 7588
f 7588 8102 7665
f 7588 7665 7625
f 7666 7665 8102
f 7666 8102 8103
f 8103 8104 7709
f 8103 7709 7666
f 8105 7681 7709
f 8105 7709 8104
f 7682 7681 8105
f 7682 8105 8106
f 8106 8107 7684
f 8106 7684 7682
f 7723 7684 8107
f 7723 8107 8108
f 8108 8109 7725
f 8108 7725 7723
f 7719 7725 8109
f 7719 8109 7716
f 7715 7720 7719
f 7715 7719 7716
f 7931 7935 7934
f 7931 7934 7932
f 7703 7702 7699
f 7703 7699 7662
f 7622 7621 7850
f 7622 7850 7860
f 7661 7622 7860
f 7661 7860 7861
f 7930 7926 7925
f 7930 7925 7927
f 7677 7676 7865
f 7677 7865 7866
f 7714 7677 7866
f 7714 7866 7717
f 7712 7714 7717
f 7712 7717 7716
f 7713 7712 7716
f 7713 7716 8109
f 8108 7678 7713
f 8108 7713 8109
f 7679 7678 8108
f 7679 8108 8107
f 8106 7638 7679
f 8106 7679 8107
f 7639 7638 8106
f 7639 8106 8105
f 7671 7639 8105
f 7671 8105 8104
f 7623 7671 8104
f 7623 8104 8103
f 8102 7624 7623
f 8102 7623 8103
f 7782 7750 7749
f 7782 7749 7783
f 7942 7938 7937
f 7942 7937 7939
f 7757 7756 7790
f 7757 7790 7789
f 7788 7757 7789
f 7788 7789 7806
f 7796 7874 7788
f 7796 7788 7806
f 7796 7795 8101
f 7796 8101 7874
f 7795 7759 7727
f 7795 7727 8101
f 7758 7728 7727
f 7758 7727 7759
f 7755 7728 7758
f 7755 7758 7787
f 7754 7705 7755
f 7754 7755 7787
f 7753 7706 7705
f 7753 7705 7754
f 7708 7668 7706
f 7708 7706 7753
f 7670 7627 7668
f 7670 7668 7708
f 7595 7627 7670
f 7595 7670 7631
f 7630 7596 7595
f 7630 7595 7631
f 7785 7784 7823
f 7785 7823 7822
f 7943 7941 7940
f 7943 7940 7944
f 7792 7791 7828
f 7792 7828 7827
f 7807 7792 7827
f 7807 7827 7845
f 7832 7793 7807
f 7832 7807 7845
f 7832 7831 7794
f 7832 7794 7793
f 7831 7809 7760
f 7831 7760 7794
f 7761 7760 7809
f 7761 7809 7808
f 7786 7761 7808
f 7786 7808 7813
f 7764 7751 7786
f 7764 7786 7813
f 7764 7763 7752
f 7764 7752 7751
f 7729 7707 7752
f 7729 7752 7763
f 7729 7686 7669
f 7729 7669 7707
f 7686 7642 7628
f 7686 7628 7669
f 7642 7641 7629
f 7642 7629 7628
f 7516 7515 7537
f 7516 7537 7536
f 7515 7534 7561
f 7515 7561 7537
f 7534 7560 7587
f 7534 7587 7561
f 7589 7624 7587
f 7589 7587 7560
f 7624 8102 7588
f 7624 7588 7587
f 7621 7620 7855
f 7621 7855 8110
f 8111 7863 7862
f 8111 7862 8112
f 7849 7850 7621
f 7849 7621 8110
f 8113 8111 8112
f 8113 8112 8114
f 8114 8115 8116
f 8114 8116 8113
f 8117 8116 8115
f 8117 8115 8118
f 7703 7662 7658
f 7703 7658 8119
f 7824 7823 8120
f 7824 8120 7802
f 7823 7784 8121
f 7823 8121 8120
f 7784 7783 8122
f 7784 8122 8121
f 7749 7704 8123
f 7749 8123 8124
f 7749 8124 8122
f 7749 8122 7783
f 7703 8119 8123
f 7703 8123 7704
f 8118 8125 8126
f 8118 8126 8117
f 7657 8127 8119
f 7657 8119 7658
f 7883 7747 7885
f 7883 7885 7888
f 7748 7747 7883
f 7748 7883 7882
f 7742 7748 7882
f 7742 7882 7868
f 7743 7742 7868
f 7743 7868 7867
f 7697 7739 7743
f 7697 7743 7867
f 7697 7654 7694
f 7697 7694 7739
f 7695 7694 7654
f 7695 7654 7655
f 7584 7611 7695
f 7584 7695 7655
f 7583 7612 7611
f 7583 7611 7584
f 7552 7581 7612
f 7552 7612 7583
f 7551 7547 7581
f 7551 7581 7552
f 7551 8128 7548
f 7551 7548 7547
f 8019 7548 8128
f 8019 8128 8129
f 8123 8119 8127
f 8123 8127 8130
f 8131 8126 8125
f 8131 8125 8132
f 7780 7803 7886
f 7780 7886 7746
f 7781 7780 7746
f 7781 7746 7745
f 7775 7781 7745
f 7775 7745 7741
f 7776 7775 7741
f 7776 7741 7744
f 7773 7776 7744
f 7773 7744 7740
f 7736 7773 7740
f 7736 7740 7693
f 7737 7736 7693
f 7737 7693 7696
f 7614 7650 7737
f 7614 7737 7696
f 7613 7651 7650
f 7613 7650 7614
f 7582 7609 7651
f 7582 7651 7613
f 7550 7578 7609
f 7550 7609 7582
f 7550 7549 7579
f 7550 7579 7578
f 8021 7579 7549
f 8021 7549 8020
f 8132 8133 8134
f 8132 8134 8131
f 8130 8135 8124
f 8130 8124 8123
f 8133 8136 8137
f 8133 8137 8134
f 8135 8138 8122
f 8135 8122 8124
f 7647 7646 7640
f 7647 7640 7643
f 7643 7687 7688
f 7643 7688 7647
f 7732 7688 7687
f 7732 7687 7730
f 7768 7732 7730
f 7768 7730 7762
f 7769 7768 7762
f 7769 7762 7765
f 7814 7769 7765
f 7814 7765 7812
f 7811 7815 7814
f 7811 7814 7812
f 7811 7810 7835
f 7811 7835 7815
f 7834 7837 7835
f 7834 7835 7810
f 7834 7833 7838
f 7834 7838 7837
f 7846 7841 7838
f 7846 7838 7833
f 7846 7830 7842
f 7846 7842 7841
f 7848 7842 7830
f 7848 7830 7829
f 7829 7828 7943
f 7829 7943 7848
f 7828 7791 7941
f 7828 7941 7943
f 7942 7941 7791
f 7942 7791 7790
f 7790 7756 7938
f 7790 7938 7942
f 7933 7938 7756
f 7933 7756 7721
f 7720 7934 7933
f 7720 7933 7721
f 7932 7934 7720
f 7932 7720 7715
f 7929 7932 7715
f 7929 7715 7718
f 7930 7929 7718
f 7930 7718 7865
f 7865 7676 7926
f 7865 7926 7930
f 7924 7926 7676
f 7924 7676 7673
f 7921 7924 7673
f 7921 7673 7672
f 7864 7919 7921
f 7864 7921 7672
f 7864 7896 7915
f 7864 7915 7919
f 7896 7906 7916
f 7896 7916 7915
f 7903 7914 7916
f 7903 7916 7906
f 7911 7914 7903
f 7911 7903 7901
f 7899 7909 7911
f 7899 7911 7901
f 7910 7909 7899
f 7910 7899 7900
f 7984 7910 7900
f 7984 7900 7947
f 7985 7984 7947
f 7985 7947 7981
f 8073 7490 7985
f 8073 7985 7981
f 8072 7488 7490
f 8072 7490 8073
f 8071 7465 7488
f 8071 7488 8072
f 8071 8070 7466
f 8071 7466 7465
f 8070 8069 8006
f 8070 8006 7466
f 8086 8005 8006
f 8086 8006 8069
f 8002 8005 8086
f 8002 8086 8068
f 8067 7978 8002
f 8067 8002 8068
f 7976 7978 8067
f 7976 8067 8139
f 7973 7976 8139
f 7973 8139 8140
f 8140 7876 7853
f 8140 7853 7973
f 7854 7853 7876
f 7854 7876 7532
f 7528 7862 7854
f 7528 7854 7532
f 8112 7862 7528
f 8112 7528 7531
f 8114 8112 7531
f 8114 7531 7586
f 7586 7890 8115
f 7586 8115 8114
f 8118 8115 7890
f 8118 7890 7889
f 7889 7888 8125
f 7889 8125 8118
f 8132 8125 7888
f 8132 7888 7885
f 7885 7886 8133
f 7885 8133 8132
f 7886 7803 8136
f 7886 8136 8133
f 8136 7803 7802
f 8136 7802 8120
f 8134 8137 8138
f 8134 8138 8135
f 8131 8134 8135
f 8131 8135 8130
f 8130 8127 8126
f 8130 8126 8131
f 8117 8126 8127
f 8117 8127 7657
f 7657 7656 8116
f 7657 8116 8117
f 8113 8116 7656
f 8113 7656 7849
f 7849 8110 8111
f 7849 8111 8113
f 8110 7855 7863
f 8110 7863 8111
f 7851 7863 7855
f 7851 7855 7857
f 8017 7852 7851
f 8017 7851 7857
f 7974 7852 8017
f 7974 8017 7506
f 7506 7482 7975
f 7506 7975 7974
f 7481 7977 7975
f 7481 7975 7482
f 8003 7977 7481
f 8003 7481 7480
f 7484 8004 8003
f 7484 8003 7480
f 8007 8004 7484
f 8007 7484 7487
f 7467 8007 7487
f 7467 7487 7969
f 7468 7467 7969
f 7468 7969 7968
f 7489 7468 7968
f 7489 7968 7970
f 7491 7489 7970
f 7491 7970 7971
f 7982 7491 7971
f 7982 7971 7972
f 8018 7983 7982
f 8018 7982 7972
f 8001 7907 7983
f 8001 7983 8018
f 8000 7908 7907
f 8000 7907 8001
f 7912 7908 8000
f 7912 8000 7999
f 7999 7998 7913
f 7999 7913 7912
f 7917 7913 7998
f 7917 7998 7997
f 7918 7917 7997
f 7918 7997 7891
f 7920 7918 7891
f 7920 7891 7894
f 7922 7920 7894
f 7922 7894 7859
f 7859 7660 7923
f 7859 7923 7922
f 7661 7925 7923
f 7661 7923 7660
f 7927 7925 7661
f 7927 7661 7861
f 7861 7700 7928
f 7861 7928 7927
f 7699 7931 7928
f 7699 7928 7700
f 7699 7702 7935
f 7699 7935 7931
f 7936 7935 7702
f 7936 7702 7701
f 7750 7937 7936
f 7750 7936 7701
f 7939 7937 7750
f 7939 7750 7782
f 7785 7940 7939
f 7785 7939 7782
f 7944 7940 7785
f 7944 7785 7822
f 7847 7944 7822
f 7847 7822 7821
f 7826 7843 7847
f 7826 7847 7821
f 7844 7843 7826
f 7844 7826 7825
f 7839 7844 7825
f 7839 7825 7819
f 7840 7839 7819
f 7840 7819 7820
f 7836 7840 7820
f 7836 7820 7818
f 7816 7836 7818
f 7816 7818 7797
f 7817 7816 7797
f 7817 7797 7798
f 7734 7766 7817
f 7734 7817 7798
f 7733 7767 7766
f 7733 7766 7734
f 7690 7731 7767
f 7690 7767 7733
f 7648 7689 7731
f 7648 7731 7690
f 7644 7689 7648
f 7644 7648 7607
f 7606 7645 7644
f 7606 7644 7607
f 8137 8136 8120
f 8137 8120 8121
f 8138 8137 8121
f 8138 8121 8122
f 8067 8008 8141
f 8067 8141 8139
f 8139 8141 8142
f 8139 8142 8140
f 8140 8142 7526
f 8140 7526 7876
f 8008 8011 8143
f 8008 8143 8141
f 8141 8143 8144
f 8141 8144 8142
f 8142 8144 7522
f 8142 7522 7526
f 7522 8144 8145
f 7522 8145 8146
f 7522 8146 8147
f 7522 8147 7523
f 7523 8147 8128
f 7523 8128 7551
f 8129 8128 8147
f 8129 8147 8148
f 8148 8147 8146
f 8148 8146 8149
f 8149 8146 8145
f 8149 8145 8150
f 8150 8145 8151
f 8150 8151 8152
f 8151 8145 8144
f 8151 8144 8143
f 8151 8143 8011
f 8151 8011 8092
f 8152 8151 8092
f 8152 8092 8100
f 8092 8091 8099
f 8092 8099 8100
f 8091 8089 8098
f 8091 8098 8099
f 8089 8090 8097
f 8089 8097 8098
f 8090 8093 8096
f 8090 8096 8097
f 8093 8094 8095
f 8093 8095 8096
f 8094 7441 7875
f 8094 7875 8095
f 7441 7439 7434
f 7441 7434 7875
f 7439 7438 7435
f 7439 7435 7434
f 7438 7443 7436
f 7438 7436 7435
f 7443 8023 8024
f 7443 8024 7436
f 8023 8032 8026
f 8023 8026 8024
f 8032 8035 8028
f 8032 8028 8026
f 8035 8036 8030
f 8035 8030 8028
f 8036 8048 8045
f 8036 8045 8030
f 8048 8047 8052
f 8048 8052 8045
f 8047 8049 8054
f 8047 8054 8052
f 8049 8050 8056
f 8049 8056 8054
f 8153 8154 7575
f 8153 7575 7574
f 8021 8155 8153
f 8021 8153 7574
f 8156 8155 8021
f 8156 8021 8020
f 8019 8157 8156
f 8019 8156 8020
f 8129 8158 8157
f 8129 8157 8019
f 8129 8148 8159
f 8129 8159 8158
f 8148 8149 8160
f 8148 8160 8159
f 8149 8150 1845
f 8149 1845 8160
f 8150 8152 1843
f 8150 1843 1845
f 8152 8100 1841
f 8152 1841 1843
f 8156 8157 8161
f 8156 8161 8162
f 8163 8164 8165
f 8163 8165 8166
f 8153 8155 8167
f 8153 8167 8164
f 8164 8163 8154
f 8164 8154 8153
f 8162 8161 8168
f 8162 8168 8169
f 8170 8171 8172
f 8170 8172 8173
f 8171 8170 8174
f 8171 8174 8175
f 8176 8177 8178
f 8176 8178 8179
f 8179 8178 8180
f 8179 8180 8181
f 8181 8180 8182
f 8181 8182 8183
f 8183 8182 8184
f 8183 8184 8185
f 8177 8176 8186
f 8177 8186 8187
f 8188 8189 8190
f 8188 8190 8191
f 8192 8193 8194
f 8192 8194 8195
f 8196 8192 8195
f 8196 8195 8197
f 8189 8196 8197
f 8189 8197 8190
f 8198 8199 8194
f 8198 8194 8193
f 8200 8201 8202
f 8200 8202 8203
f 8204 8200 8203
f 8204 8203 8205
f 8206 8207 8208
f 8206 8208 8209
f 8210 8211 8212
f 8210 8212 8213
f 8214 8215 8216
f 8214 8216 8217
f 8217 8218 8219
f 8217 8219 8214
f 8218 8220 8221
f 8218 8221 8219
f 8222 8223 8224
f 8222 8224 8225
f 8223 8222 8226
f 8223 8226 8227
f 8228 8229 8230
f 8228 8230 8231
f 8232 8229 8228
f 8232 8228 8233
f 8234 8232 8233
f 8234 8233 8235
f 8234 8235 8236
f 8234 8236 8237
f 8237 8236 8238
f 8237 8238 8239
f 8240 8204 8205
f 8240 8205 8241
f 8241 8209 8208
f 8241 8208 8240
f 8242 8188 8191
f 8242 8191 8243
f 8244 8242 8243
f 8244 8243 8245
f 8246 8247 8248
f 8246 8248 8249
f 8247 8250 8251
f 8247 8251 8248
f 8251 8250 1847
f 8251 1847 1849
f 8167 8252 8165
f 8167 8165 8164
f 8165 8252 8253
f 8165 8253 8254
f 8169 8168 8255
f 8169 8255 8256
f 8249 8248 8257
f 8249 8257 8258
f 8248 8251 8259
f 8248 8259 8257
f 8259 8251 1849
f 8259 1849 1851
f 8260 8261 8262
f 8260 8262 8263
f 8264 8265 8266
f 8264 8266 8267
f 8268 8269 8270
f 8268 8270 8271
f 8269 8272 8273
f 8269 8273 8270
f 1855 8273 8272
f 1855 8272 1852
f 8274 8275 8276
f 8274 8276 8277
f 8278 8279 8280
f 8278 8280 8281
f 8282 8278 8281
f 8282 8281 8283
f 8284 8282 8283
f 8284 8283 8285
f 8286 8244 8245
f 8286 8245 8287
f 8288 8284 8285
f 8288 8285 8289
f 8290 8286 8287
f 8290 8287 8291
f 8277 8288 8289
f 8277 8289 8274
f 8225 8224 8292
f 8225 8292 8293
f 8173 8172 8294
f 8173 8294 8295
f 8226 8231 8230
f 8226 8230 8227
f 8174 8187 8186
f 8174 8186 8175
f 8259 1851 1852
f 8259 1852 8272
f 8257 8259 8272
f 8257 8272 8269
f 8258 8257 8269
f 8258 8269 8268
f 8256 8255 8265
f 8256 8265 8264
f 8254 8253 8261
f 8254 8261 8260
f 8275 8296 8297
f 8275 8297 8276
f 1902 8286 8290
f 1902 8290 1903
f 1899 8244 8286
f 1899 8286 1902
f 1898 8242 8244
f 1898 8244 1899
f 8188 8242 1898
f 8188 1898 1858
f 8189 8188 1858
f 8189 1858 1861
f 1865 8196 8189
f 1865 8189 1861
f 8192 8196 1865
f 8192 1865 1864
f 8193 8192 1864
f 8193 1864 1867
f 1867 1869 8198
f 1867 8198 8193
f 1873 1872 8203
f 1873 8203 8202
f 1872 1879 8205
f 1872 8205 8203
f 8241 8205 1879
f 8241 1879 1877
f 1876 8209 8241
f 1876 8241 1877
f 1876 1893 8206
f 1876 8206 8209
f 1880 1883 8213
f 1880 8213 8212
f 8216 1884 1887
f 8216 1887 8217
f 8218 8217 1887
f 8218 1887 1889
f 8220 8218 1889
f 8220 1889 1891
f 8298 8294 8172
f 8298 8172 8299
f 8171 8300 8299
f 8171 8299 8172
f 8300 8171 8175
f 8300 8175 8301
f 8186 8302 8301
f 8186 8301 8175
f 8176 8303 8302
f 8176 8302 8186
f 8176 8179 8304
f 8176 8304 8303
f 8304 8179 8181
f 8304 8181 8305
f 8305 8181 8183
f 8305 8183 8306
f 8307 8306 8183
f 8307 8183 8185
f 8219 8221 8308
f 8219 8308 8309
f 8214 8219 8309
f 8214 8309 8310
f 8310 8311 8215
f 8310 8215 8214
f 8312 8313 8211
f 8312 8211 8210
f 8207 8314 8315
f 8207 8315 8208
f 8240 8208 8315
f 8240 8315 8316
f 8316 8317 8204
f 8316 8204 8240
f 8317 8318 8200
f 8317 8200 8204
f 8318 8319 8201
f 8318 8201 8200
f 8199 8320 8321
f 8199 8321 8194
f 8195 8194 8321
f 8195 8321 8322
f 8197 8195 8322
f 8197 8322 8323
f 8190 8197 8323
f 8190 8323 8324
f 8191 8190 8324
f 8191 8324 8325
f 8243 8191 8325
f 8243 8325 8326
f 8245 8243 8326
f 8245 8326 8327
f 8287 8245 8327
f 8287 8327 8328
f 8291 8287 8328
f 8291 8328 8329
f 8330 8331 8332
f 8330 8332 8333
f 8334 8330 8333
f 8334 8333 8335
f 8335 8336 8337
f 8335 8337 8334
f 8338 8339 8340
f 8338 8340 8341
f 8342 8343 8344
f 8342 8344 8345
f 8346 8342 8345
f 8346 8345 8347
f 8347 8348 8349
f 8347 8349 8346
f 8348 8350 8351
f 8348 8351 8349
f 8350 8352 8353
f 8350 8353 8351
f 8354 8355 8356
f 8354 8356 8357
f 8358 8354 8357
f 8358 8357 8359
f 8360 8358 8359
f 8360 8359 8361
f 8362 8360 8361
f 8362 8361 8363
f 8364 8362 8363
f 8364 8363 8365
f 8366 8364 8365
f 8366 8365 8367
f 8368 8366 8367
f 8368 8367 8369
f 8370 8368 8369
f 8370 8369 8371
f 8372 8370 8371
f 8372 8371 8373
f 8290 8374 1895
f 8290 1895 1903
f 8373 8375 8376
f 8373 8376 8372
f 8329 8377 8378
f 8329 8378 8291
f 8291 8378 8374
f 8291 8374 8290
f 1857 8379 8273
f 1857 8273 1855
f 8270 8273 8379
f 8270 8379 8380
f 8271 8270 8380
f 8271 8380 8381
f 8382 8267 8266
f 8382 8266 8383
f 8382 8383 8376
f 8382 8376 8375
f 8381 8380 8378
f 8381 8378 8377
f 8380 8379 8374
f 8380 8374 8378
f 1895 8374 8379
f 1895 8379 1857
f 2150 8173 8295
f 2150 8295 2151
f 2149 8170 8173
f 2149 8173 2150
f 8170 2149 2148
f 8170 2148 8174
f 2147 8187 8174
f 2147 8174 2148
f 2146 8177 8187
f 2146 8187 2147
f 8178 8177 2146
f 8178 2146 2145
f 8180 8178 2145
f 8180 2145 2144
f 8182 8180 2144
f 8182 2144 2143
f 8184 8182 2143
f 8184 2143 2142
f 8341 8337 8336
f 8341 8336 8338
f 8215 8311 8312
f 8215 8312 8210
f 8216 8215 8210
f 8216 8210 8213
f 1883 1884 8216
f 1883 8216 8213
f 8198 1869 1873
f 8198 1873 8202
f 8201 8199 8198
f 8201 8198 8202
f 8319 8320 8199
f 8319 8199 8201
f 8352 8356 8355
f 8352 8355 8353
f 8206 1893 1880
f 8206 1880 8212
f 8211 8207 8206
f 8211 8206 8212
f 8313 8314 8207
f 8313 8207 8211
f 8339 8344 8343
f 8339 8343 8340
f 8295 8294 8221
f 8295 8221 8220
f 2151 8295 8220
f 2151 8220 1891
f 8294 8298 8308
f 8294 8308 8221
f 8331 8293 8292
f 8331 8292 8332
f 8384 8280 8279
f 8384 8279 8385
f 8386 8384 8385
f 8386 8385 8387
f 8388 8389 8390
f 8388 8390 8391
f 8388 8392 8393
f 8388 8393 8389
f 8394 8395 8396
f 8394 8396 8397
f 8394 8398 8399
f 8394 8399 8395
f 8398 8400 8401
f 8398 8401 8399
f 8401 8400 8402
f 8401 8402 8403
f 8402 8404 8405
f 8402 8405 8403
f 8406 8407 8391
f 8406 8391 8390
f 8408 8409 8410
f 8408 8410 8411
f 8412 8408 8411
f 8412 8411 8413
f 8414 8412 8413
f 8414 8413 8415
f 8416 8417 8418
f 8416 8418 8419
f 8420 8421 8422
f 8420 8422 8423
f 8424 8420 8423
f 8424 8423 8425
f 8426 8424 8425
f 8426 8425 8427
f 8428 8426 8427
f 8428 8427 8429
f 8430 8428 8429
f 8430 8429 8431
f 8432 8433 8434
f 8432 8434 8435
f 8387 8432 8435
f 8387 8435 8386
f 8392 8397 8396
f 8392 8396 8393
f 8417 8414 8415
f 8417 8415 8418
f 8433 8430 8431
f 8433 8431 8434
f 8409 8407 8406
f 8409 8406 8410
f 8157 8158 8246
f 8157 8246 8161
f 8168 8161 8246
f 8168 8246 8249
f 8255 8168 8249
f 8255 8249 8258
f 8265 8255 8258
f 8265 8258 8268
f 8266 8265 8268
f 8266 8268 8271
f 8383 8266 8271
f 8383 8271 8381
f 8376 8383 8381
f 8376 8381 8377
f 8372 8376 8377
f 8372 8377 8329
f 8329 8328 8370
f 8329 8370 8372
f 8328 8327 8368
f 8328 8368 8370
f 8327 8326 8366
f 8327 8366 8368
f 8326 8325 8364
f 8326 8364 8366
f 8324 8362 8364
f 8324 8364 8325
f 8324 8323 8360
f 8324 8360 8362
f 8322 8358 8360
f 8322 8360 8323
f 8321 8354 8358
f 8321 8358 8322
f 8320 8355 8354
f 8320 8354 8321
f 8353 8355 8320
f 8353 8320 8319
f 8351 8353 8319
f 8351 8319 8318
f 8349 8351 8318
f 8349 8318 8317
f 8346 8349 8317
f 8346 8317 8316
f 8316 8315 8342
f 8316 8342 8346
f 8314 8343 8342
f 8314 8342 8315
f 8340 8343 8314
f 8340 8314 8313
f 8341 8340 8313
f 8341 8313 8312
f 8311 8337 8341
f 8311 8341 8312
f 8334 8337 8311
f 8334 8311 8310
f 8310 8309 8330
f 8310 8330 8334
f 8309 8308 8331
f 8309 8331 8330
f 8298 8293 8331
f 8298 8331 8308
f 8225 8293 8298
f 8225 8298 8299
f 8222 8225 8299
f 8222 8299 8300
f 8226 8222 8300
f 8226 8300 8301
f 8301 8302 8231
f 8301 8231 8226
f 8303 8228 8231
f 8303 8231 8302
f 8233 8228 8303
f 8233 8303 8304
f 8235 8233 8304
f 8235 8304 8305
f 8236 8235 8305
f 8236 8305 8306
f 8238 8236 8306
f 8238 8306 8307
f 8162 8167 8155
f 8162 8155 8156
f 8162 8169 8252
f 8162 8252 8167
f 8253 8252 8169
f 8253 8169 8256
f 8261 8253 8256
f 8261 8256 8264
f 8262 8261 8264
f 8262 8264 8267
f 8297 8262 8267
f 8297 8267 8382
f 8276 8297 8382
f 8276 8382 8375
f 8277 8276 8375
f 8277 8375 8373
f 8371 8288 8277
f 8371 8277 8373
f 8369 8284 8288
f 8369 8288 8371
f 8369 8367 8282
f 8369 8282 8284
f 8367 8365 8278
f 8367 8278 8282
f 8365 8363 8279
f 8365 8279 8278
f 8385 8279 8363
f 8385 8363 8361
f 8387 8385 8361
f 8387 8361 8359
f 8359 8357 8432
f 8359 8432 8387
f 8357 8356 8433
f 8357 8433 8432
f 8356 8352 8430
f 8356 8430 8433
f 8352 8350 8428
f 8352 8428 8430
f 8350 8348 8426
f 8350 8426 8428
f 8348 8347 8424
f 8348 8424 8426
f 8347 8345 8420
f 8347 8420 8424
f 8345 8344 8421
f 8345 8421 8420
f 8344 8339 8416
f 8344 8416 8421
f 8339 8338 8417
f 8339 8417 8416
f 8338 8336 8414
f 8338 8414 8417
f 8336 8335 8412
f 8336 8412 8414
f 8335 8333 8408
f 8335 8408 8412
f 8333 8332 8409
f 8333 8409 8408
f 8332 8292 8407
f 8332 8407 8409
f 8391 8407 8292
f 8391 8292 8224
f 8388 8391 8224
f 8388 8224 8223
f 8223 8227 8392
f 8223 8392 8388
f 8227 8230 8397
f 8227 8397 8392
f 8229 8394 8397
f 8229 8397 8230
f 8229 8232 8398
f 8229 8398 8394
f 8232 8234 8400
f 8232 8400 8398
f 8402 8400 8234
f 8402 8234 8237
f 8237 8239 8404
f 8237 8404 8402
f 8436 8437 8438
f 8436 8438 8439
f 8440 8441 8442
f 8440 8442 8443
f 8444 8445 8446
f 8444 8446 8447
f 8444 8448 8449
f 8444 8449 8445
f 8450 8451 8452
f 8450 8452 8453
f 8451 8454 8455
f 8451 8455 8452
f 8455 8454 8456
f 8455 8456 8457
f 8456 8185 8184
f 8456 8184 8457
f 8450 8453 8458
f 8450 8458 8459
f 8460 8461 8462
f 8460 8462 8463
f 8464 8465 8466
f 8464 8466 8467
f 8468 8469 8465
f 8468 8465 8464
f 8463 8462 8469
f 8463 8469 8468
f 8470 8467 8466
f 8470 8466 8471
f 8472 8473 8474
f 8472 8474 8475
f 8476 8477 8473
f 8476 8473 8472
f 8478 8479 8480
f 8478 8480 8481
f 8482 8483 8484
f 8482 8484 8485
f 8486 8487 8488
f 8486 8488 8489
f 8487 8486 8490
f 8487 8490 8491
f 8491 8490 8492
f 8491 8492 8493
f 8494 8495 8496
f 8494 8496 8497
f 8494 8498 8499
f 8494 8499 8495
f 8500 8501 8502
f 8500 8502 8503
f 8504 8505 8501
f 8504 8501 8500
f 8506 8507 8505
f 8506 8505 8504
f 8507 8506 8508
f 8507 8508 8509
f 8508 8239 8238
f 8508 8238 8509
f 8510 8511 8477
f 8510 8477 8476
f 8511 8510 8480
f 8511 8480 8479
f 8512 8513 8461
f 8512 8461 8460
f 8514 8515 8513
f 8514 8513 8512
f 8516 8517 8518
f 8516 8518 8519
f 8519 8518 8520
f 8519 8520 8521
f 8520 4068 4066
f 8520 4066 8521
f 8522 8439 8438
f 8522 8438 8523
f 8438 8524 8525
f 8438 8525 8523
f 8441 8526 8527
f 8441 8527 8442
f 8517 8528 8529
f 8517 8529 8518
f 8518 8529 8530
f 8518 8530 8520
f 8530 4070 4068
f 8530 4068 8520
f 8531 8532 8533
f 8531 8533 8534
f 8535 8536 8537
f 8535 8537 8538
f 8539 8540 8541
f 8539 8541 8542
f 8542 8541 8543
f 8542 8543 8544
f 4073 4072 8544
f 4073 8544 8543
f 8545 8546 8547
f 8545 8547 8548
f 8549 8550 8551
f 8549 8551 8552
f 8553 8554 8550
f 8553 8550 8549
f 8555 8556 8554
f 8555 8554 8553
f 8557 8558 8515
f 8557 8515 8514
f 8559 8560 8556
f 8559 8556 8555
f 8561 8562 8558
f 8561 8558 8557
f 8547 8546 8560
f 8547 8560 8559
f 8497 8496 8563
f 8497 8563 8564
f 8447 8446 8565
f 8447 8565 8566
f 8499 8498 8503
f 8499 8503 8502
f 8449 8448 8459
f 8449 8459 8458
f 8530 8544 4072
f 8530 4072 4070
f 8529 8542 8544
f 8529 8544 8530
f 8528 8539 8542
f 8528 8542 8529
f 8526 8535 8538
f 8526 8538 8527
f 8524 8531 8534
f 8524 8534 8525
f 8567 8545 8548
f 8567 8548 8568
f 4122 4121 8561
f 4122 8561 8557
f 4117 4122 8557
f 4117 8557 8514
f 4118 4117 8514
f 4118 8514 8512
f 8460 4078 4118
f 8460 4118 8512
f 8463 4079 4078
f 8463 4078 8460
f 4083 4079 8463
f 4083 8463 8468
f 8464 4084 4083
f 8464 4083 8468
f 8467 4086 4084
f 8467 4084 8464
f 4086 8467 8470
f 4086 8470 4088
f 4091 8474 8473
f 4091 8473 4092
f 4092 8473 8477
f 4092 8477 4098
f 8511 4095 4098
f 8511 4098 8477
f 4096 4095 8511
f 4096 8511 8479
f 4096 8479 8478
f 4096 8478 4112
f 4100 8484 8483
f 4100 8483 4101
f 8488 8487 4105
f 8488 4105 4104
f 8491 4108 4105
f 8491 4105 8487
f 8493 4110 4108
f 8493 4108 8491
f 8569 8447 8566
f 8569 8566 8570
f 8571 8444 8447
f 8571 8447 8569
f 8571 8572 8448
f 8571 8448 8444
f 8459 8448 8572
f 8459 8572 8573
f 8574 8450 8459
f 8574 8459 8573
f 8450 8574 8575
f 8450 8575 8451
f 8575 8576 8454
f 8575 8454 8451
f 8456 8454 8576
f 8456 8576 8577
f 8307 8185 8456
f 8307 8456 8577
f 8490 8578 8579
f 8490 8579 8492
f 8486 8580 8578
f 8486 8578 8490
f 8580 8486 8489
f 8580 8489 8581
f 8582 8482 8485
f 8582 8485 8583
f 8481 8480 8584
f 8481 8584 8585
f 8510 8586 8584
f 8510 8584 8480
f 8586 8510 8476
f 8586 8476 8587
f 8587 8476 8472
f 8587 8472 8588
f 8588 8472 8475
f 8588 8475 8589
f 8471 8466 8590
f 8471 8590 8591
f 8465 8592 8590
f 8465 8590 8466
f 8469 8593 8592
f 8469 8592 8465
f 8462 8594 8593
f 8462 8593 8469
f 8461 8595 8594
f 8461 8594 8462
f 8513 8596 8595
f 8513 8595 8461
f 8515 8597 8596
f 8515 8596 8513
f 8558 8598 8597
f 8558 8597 8515
f 8562 8599 8598
f 8562 8598 8558
f 8600 8601 8602
f 8600 8602 8603
f 8604 8605 8601
f 8604 8601 8600
f 8605 8604 8606
f 8605 8606 8607
f 8608 8609 8610
f 8608 8610 8611
f 8612 8613 8614
f 8612 8614 8615
f 8616 8617 8613
f 8616 8613 8612
f 8617 8616 8618
f 8617 8618 8619
f 8619 8618 8620
f 8619 8620 8621
f 8621 8620 8622
f 8621 8622 8623
f 8624 8625 8626
f 8624 8626 8627
f 8628 8629 8625
f 8628 8625 8624
f 8630 8631 8629
f 8630 8629 8628
f 8632 8633 8631
f 8632 8631 8630
f 8634 8635 8633
f 8634 8633 8632
f 8636 8637 8635
f 8636 8635 8634
f 8638 8639 8637
f 8638 8637 8636
f 8640 8641 8639
f 8640 8639 8638
f 8642 8643 8641
f 8642 8641 8640
f 8561 4121 4114
f 8561 4114 8644
f 8643 8642 8645
f 8643 8645 8646
f 8599 8562 8647
f 8599 8647 8648
f 8562 8561 8644
f 8562 8644 8647
f 4076 4073 8543
f 4076 8543 8649
f 8541 8650 8649
f 8541 8649 8543
f 8540 8651 8650
f 8540 8650 8541
f 8652 8653 8537
f 8652 8537 8536
f 8652 8646 8645
f 8652 8645 8653
f 8651 8648 8647
f 8651 8647 8650
f 8650 8647 8644
f 8650 8644 8649
f 4114 4076 8649
f 4114 8649 8644
f 8446 4359 4360
f 8446 4360 8565
f 8445 4358 4359
f 8445 4359 8446
f 8445 8449 4357
f 8445 4357 4358
f 4356 4357 8449
f 4356 8449 8458
f 8453 4355 4356
f 8453 4356 8458
f 8452 4354 4355
f 8452 4355 8453
f 8455 4353 4354
f 8455 4354 8452
f 4353 8455 8457
f 4353 8457 4352
f 8184 2142 4352
f 8184 4352 8457
f 8609 8608 8607
f 8609 8607 8606
f 8489 8482 8582
f 8489 8582 8581
f 8488 8483 8482
f 8488 8482 8489
f 4101 8483 8488
f 4101 8488 4104
f 8470 8474 4091
f 8470 4091 4088
f 8475 8474 8470
f 8475 8470 8471
f 8589 8475 8471
f 8589 8471 8591
f 8623 8622 8627
f 8623 8627 8626
f 8478 8484 4100
f 8478 4100 4112
f 8485 8484 8478
f 8485 8478 8481
f 8583 8485 8481
f 8583 8481 8585
f 8611 8610 8615
f 8611 8615 8614
f 8565 8493 8492
f 8565 8492 8566
f 4360 4110 8493
f 4360 8493 8565
f 8566 8492 8579
f 8566 8579 8570
f 8603 8602 8564
f 8603 8564 8563
f 8551 8654 8655
f 8551 8655 8552
f 8654 8656 8657
f 8654 8657 8655
f 8658 8659 8660
f 8658 8660 8661
f 8659 8658 8662
f 8659 8662 8663
f 8664 8665 8666
f 8664 8666 8667
f 8666 8665 8668
f 8666 8668 8669
f 8669 8668 8670
f 8669 8670 8671
f 8671 8670 8672
f 8671 8672 8673
f 8673 8672 8405
f 8673 8405 8404
f 8674 8675 8676
f 8674 8676 8677
f 8678 8679 8675
f 8678 8675 8674
f 8680 8681 8679
f 8680 8679 8678
f 8682 8683 8684
f 8682 8684 8685
f 8686 8687 8688
f 8686 8688 8689
f 8690 8691 8687
f 8690 8687 8686
f 8692 8693 8691
f 8692 8691 8690
f 8694 8695 8693
f 8694 8693 8692
f 8696 8697 8695
f 8696 8695 8694
f 8698 8699 8700
f 8698 8700 8701
f 8657 8656 8699
f 8657 8699 8698
f 8661 8660 8702
f 8661 8702 8703
f 8663 8662 8664
f 8663 8664 8667
f 8685 8684 8681
f 8685 8681 8680
f 8701 8700 8697
f 8701 8697 8696
f 8677 8676 8703
f 8677 8703 8702
f 8442 8517 8516
f 8442 8516 8443
f 8527 8528 8517
f 8527 8517 8442
f 8538 8539 8528
f 8538 8528 8527
f 8537 8540 8539
f 8537 8539 8538
f 8653 8651 8540
f 8653 8540 8537
f 8645 8648 8651
f 8645 8651 8653
f 8642 8599 8648
f 8642 8648 8645
f 8599 8642 8640
f 8599 8640 8598
f 8598 8640 8638
f 8598 8638 8597
f 8597 8638 8636
f 8597 8636 8596
f 8596 8636 8634
f 8596 8634 8595
f 8594 8595 8634
f 8594 8634 8632
f 8594 8632 8630
f 8594 8630 8593
f 8592 8593 8630
f 8592 8630 8628
f 8590 8592 8628
f 8590 8628 8624
f 8591 8590 8624
f 8591 8624 8627
f 8622 8589 8591
f 8622 8591 8627
f 8620 8588 8589
f 8620 8589 8622
f 8618 8587 8588
f 8618 8588 8620
f 8616 8586 8587
f 8616 8587 8618
f 8586 8616 8612
f 8586 8612 8584
f 8585 8584 8612
f 8585 8612 8615
f 8610 8583 8585
f 8610 8585 8615
f 8609 8582 8583
f 8609 8583 8610
f 8581 8582 8609
f 8581 8609 8606
f 8604 8580 8581
f 8604 8581 8606
f 8580 8604 8600
f 8580 8600 8578
f 8578 8600 8603
f 8578 8603 8579
f 8570 8579 8603
f 8570 8603 8563
f 8569 8570 8563
f 8569 8563 8496
f 8571 8569 8496
f 8571 8496 8495
f 8499 8572 8571
f 8499 8571 8495
f 8572 8499 8502
f 8572 8502 8573
f 8501 8574 8573
f 8501 8573 8502
f 8505 8575 8574
f 8505 8574 8501
f 8507 8576 8575
f 8507 8575 8505
f 8577 8576 8507
f 8577 8507 8509
f 8238 8307 8577
f 8238 8577 8509
f 8440 8522 8523
f 8440 8523 8441
f 8525 8526 8441
f 8525 8441 8523
f 8534 8535 8526
f 8534 8526 8525
f 8533 8536 8535
f 8533 8535 8534
f 8568 8652 8536
f 8568 8536 8533
f 8548 8646 8652
f 8548 8652 8568
f 8547 8643 8646
f 8547 8646 8548
f 8641 8643 8547
f 8641 8547 8559
f 8639 8641 8559
f 8639 8559 8555
f 8639 8555 8553
f 8639 8553 8637
f 8637 8553 8549
f 8637 8549 8635
f 8635 8549 8552
f 8635 8552 8633
f 8655 8631 8633
f 8655 8633 8552
f 8657 8629 8631
f 8657 8631 8655
f 8629 8657 8698
f 8629 8698 8625
f 8625 8698 8701
f 8625 8701 8626
f 8626 8701 8696
f 8626 8696 8623
f 8623 8696 8694
f 8623 8694 8621
f 8621 8694 8692
f 8621 8692 8619
f 8619 8692 8690
f 8619 8690 8617
f 8617 8690 8686
f 8617 8686 8613
f 8613 8686 8689
f 8613 8689 8614
f 8614 8689 8682
f 8614 8682 8611
f 8611 8682 8685
f 8611 8685 8608
f 8608 8685 8680
f 8608 8680 8607
f 8607 8680 8678
f 8607 8678 8605
f 8605 8678 8674
f 8605 8674 8601
f 8601 8674 8677
f 8601 8677 8602
f 8602 8677 8702
f 8602 8702 8564
f 8497 8564 8702
f 8497 8702 8660
f 8494 8497 8660
f 8494 8660 8659
f 8494 8659 8663
f 8494 8663 8498
f 8498 8663 8667
f 8498 8667 8503
f 8666 8500 8503
f 8666 8503 8667
f 8500 8666 8669
f 8500 8669 8504
f 8504 8669 8671
f 8504 8671 8506
f 8508 8506 8671
f 8508 8671 8673
f 8508 8673 8404
f 8508 8404 8239
f 8419 8422 8421
f 8419 8421 8416
f 8689 8688 8683
f 8689 8683 8682
f 8704 8166 8165
f 8704 8165 8254
f 8437 8705 8524
f 8437 8524 8438
f 8263 8706 8707
f 8263 8707 8260
f 8708 8532 8531
f 8708 8531 8709
f 8260 8707 8704
f 8260 8704 8254
f 8709 8531 8524
f 8709 8524 8705
f 8710 8711 8545
f 8710 8545 8567
f 8711 8712 8546
f 8711 8546 8545
f 8560 8546 8712
f 8560 8712 8713
f 8556 8560 8713
f 8556 8713 8714
f 8554 8556 8714
f 8554 8714 8715
f 8550 8554 8715
f 8550 8715 8716
f 8551 8550 8716
f 8551 8716 8717
f 8717 8718 8654
f 8717 8654 8551
f 8718 8719 8656
f 8718 8656 8654
f 8699 8656 8719
f 8699 8719 8720
f 8700 8699 8720
f 8700 8720 8721
f 8697 8700 8721
f 8697 8721 8722
f 8695 8697 8722
f 8695 8722 8723
f 8693 8695 8723
f 8693 8723 8724
f 8691 8693 8724
f 8691 8724 8725
f 8687 8691 8725
f 8687 8725 8726
f 8688 8687 8726
f 8688 8726 8727
f 8683 8688 8727
f 8683 8727 8728
f 8684 8683 8728
f 8684 8728 8729
f 8681 8684 8729
f 8681 8729 8730
f 8679 8681 8730
f 8679 8730 8731
f 8675 8679 8731
f 8675 8731 8732
f 8676 8675 8732
f 8676 8732 8733
f 8703 8676 8733
f 8703 8733 8734
f 8661 8703 8734
f 8661 8734 8735
f 8658 8661 8735
f 8658 8735 8736
f 8662 8658 8736
f 8662 8736 8737
f 8664 8662 8737
f 8664 8737 8738
f 8739 8665 8664
f 8739 8664 8738
f 8668 8665 8739
f 8668 8739 8740
f 8670 8668 8740
f 8670 8740 8741
f 8672 8670 8741
f 8672 8741 8742
f 8405 8672 8742
f 8405 8742 8743
f 8403 8405 8743
f 8403 8743 8744
f 8401 8403 8744
f 8401 8744 8745
f 8399 8401 8745
f 8399 8745 8746
f 8395 8399 8746
f 8395 8746 8747
f 8396 8395 8747
f 8396 8747 8748
f 8393 8396 8748
f 8393 8748 8749
f 8389 8393 8749
f 8389 8749 8750
f 8390 8389 8750
f 8390 8750 8751
f 8406 8390 8751
f 8406 8751 8752
f 8410 8406 8752
f 8410 8752 8753
f 8411 8410 8753
f 8411 8753 8754
f 8413 8411 8754
f 8413 8754 8755
f 8415 8413 8755
f 8415 8755 8756
f 8418 8415 8756
f 8418 8756 8757
f 8419 8418 8757
f 8419 8757 8758
f 8759 8422 8419
f 8759 8419 8758
f 8423 8422 8759
f 8423 8759 8760
f 8425 8423 8760
f 8425 8760 8761
f 8427 8425 8761
f 8427 8761 8762
f 8429 8427 8762
f 8429 8762 8763
f 8431 8429 8763
f 8431 8763 8764
f 8434 8431 8764
f 8434 8764 8765
f 8435 8434 8765
f 8435 8765 8766
f 8386 8435 8766
f 8386 8766 8767
f 8768 8384 8386
f 8768 8386 8767
f 8769 8280 8384
f 8769 8384 8768
f 8281 8280 8769
f 8281 8769 8770
f 8283 8281 8770
f 8283 8770 8771
f 8285 8283 8771
f 8285 8771 8772
f 8289 8285 8772
f 8289 8772 8773
f 8274 8289 8773
f 8274 8773 8774
f 8775 8275 8274
f 8775 8274 8774
f 8776 8296 8275
f 8776 8275 8775
f 8567 8568 8533
f 8567 8533 8532
f 8297 8296 8263
f 8297 8263 8262
f 8296 8776 8706
f 8296 8706 8263
f 8710 8567 8532
f 8710 8532 8708
f 8439 6785 6803
f 8439 6803 8436
f 6786 6785 8439
f 6786 8439 8522
f 8440 6755 6786
f 8440 6786 8522
f 6756 6755 8440
f 6756 8440 8443
f 7400 6756 8443
f 7400 8443 8516
f 8246 8158 8159
f 8246 8159 8247
f 7400 8516 8519
f 7400 8519 7432
f 8247 8159 8160
f 8247 8160 8250
f 7432 8519 8521
f 7432 8521 7433
f 8250 8160 1845
f 8250 1845 1847
f 7433 8521 4066
f 7433 4066 4064
f 8777 8778 8779
f 8777 8779 8780
f 8781 8782 8783
f 8781 8783 8784
f 8782 8785 8786
f 8782 8786 8783
f 8787 8788 8789
f 8787 8789 8790
f 8791 8790 8789
f 8791 8789 8792
f 8789 8793 8794
f 8789 8794 8792
f 8795 8796 8797
f 8795 8797 8798
f 8799 8798 8797
f 8799 8797 8800
f 8780 8779 8801
f 8780 8801 8802
f 8803 8787 8790
f 8803 8790 8804
f 8804 8790 8791
f 8804 8791 8805
f 8806 8807 8799
f 8806 8799 8808
f 8808 8799 8800
f 8808 8800 8809
f 8810 8781 8784
f 8810 8784 8811
f 8812 8777 8780
f 8812 8780 8813
f 8813 8780 8802
f 8813 8802 8814
f 8785 8815 8816
f 8785 8816 8786
f 8779 8778 8817
f 8779 8817 8818
f 8779 8818 8819
f 8779 8819 8801
f 8820 8821 8822
f 8820 8822 8823
f 8793 8824 8825
f 8793 8825 8826
f 8793 8826 8827
f 8793 8827 8794
f 8828 8812 8813
f 8828 8813 8829
f 8829 8813 8814
f 8829 8814 8830
f 8831 8828 8829
f 8831 8829 8832
f 8832 8829 8830
f 8832 8830 8833
f 8834 8831 8832
f 8834 8832 8835
f 8835 8832 8833
f 8835 8833 8836
f 8837 8838 8839
f 8837 8839 8840
f 8840 8839 8841
f 8840 8841 8842
f 8843 8844 8845
f 8843 8845 8846
f 8846 8845 8847
f 8846 8847 8848
f 8848 8847 8849
f 8848 8849 8850
f 8850 8849 8851
f 8850 8851 8852
f 8853 8854 8845
f 8853 8845 8844
f 8854 8855 8847
f 8854 8847 8845
f 8855 8856 8849
f 8855 8849 8847
f 8856 8857 8851
f 8856 8851 8849
f 8858 8859 8860
f 8858 8860 8861
f 8861 8860 8862
f 8861 8862 8863
f 8863 8862 8864
f 8863 8864 8865
f 8865 8864 8866
f 8865 8866 8867
f 8868 8860 8859
f 8868 8859 8869
f 8870 8862 8860
f 8870 8860 8868
f 8871 8864 8862
f 8871 8862 8870
f 8850 8852 1500
f 8850 1500 1491
f 8848 8850 1491
f 8848 1491 1484
f 8846 8848 1484
f 8846 1484 1479
f 8843 8846 1479
f 8843 1479 1451
f 8810 8872 8873
f 8810 8873 8781
f 8781 8873 8874
f 8781 8874 8782
f 8785 8875 8876
f 8785 8876 8815
f 8782 8874 8875
f 8782 8875 8785
f 8877 8837 8840
f 8877 8840 8878
f 8878 8840 8842
f 8878 8842 8879
f 8873 8872 8858
f 8873 8858 8861
f 8874 8873 8861
f 8874 8861 8863
f 8875 8874 8863
f 8875 8863 8865
f 8876 8875 8865
f 8876 8865 8867
f 831 830 8025
f 831 8025 8880
f 8025 8027 8881
f 8025 8881 8880
f 8882 1443 831
f 8882 831 8880
f 8883 8882 8880
f 8883 8880 8881
f 8884 1444 1443
f 8884 1443 8882
f 8885 8884 8882
f 8885 8882 8883
f 1448 1447 8886
f 1448 8886 8887
f 8886 8888 8889
f 8886 8889 8887
f 1451 1448 8887
f 1451 8887 8843
f 8843 8887 8889
f 8843 8889 8844
f 8881 8027 8029
f 8881 8029 8890
f 8029 8031 8891
f 8029 8891 8890
f 8892 8883 8881
f 8892 8881 8890
f 8893 8892 8890
f 8893 8890 8891
f 8894 8885 8883
f 8894 8883 8892
f 8889 8888 8895
f 8889 8895 8896
f 8844 8889 8896
f 8844 8896 8853
f 8897 8894 8892
f 8897 8892 8893
f 8896 8895 8898
f 8896 8898 8899
f 8853 8896 8899
f 8853 8899 8900
f 8891 8031 8046
f 8891 8046 8901
f 8902 8893 8891
f 8902 8891 8901
f 8899 8898 8903
f 8899 8903 8904
f 8900 8899 8904
f 8900 8904 8866
f 8901 8046 8053
f 8901 8053 8905
f 8053 8055 8906
f 8053 8906 8905
f 8055 8057 8907
f 8055 8907 8906
f 8908 8909 8910
f 8908 8910 8911
f 8909 8912 8822
f 8909 8822 8910
f 8912 8913 8823
f 8912 8823 8822
f 8911 8910 8914
f 8911 8914 8915
f 8910 8822 8821
f 8910 8821 8914
f 8915 8914 8916
f 8915 8916 8917
f 8914 8821 8918
f 8914 8918 8916
f 8919 8920 8921
f 8919 8921 8922
f 8867 8920 8919
f 8867 8919 8876
f 8923 8919 8922
f 8923 8922 8924
f 8876 8919 8923
f 8876 8923 8815
f 8923 8924 8925
f 8923 8925 8926
f 8815 8923 8926
f 8815 8926 8816
f 8927 8926 8925
f 8927 8925 8928
f 8816 8926 8927
f 8816 8927 8817
f 8917 8916 8929
f 8917 8929 8930
f 8916 8918 8931
f 8916 8931 8929
f 8932 8927 8928
f 8932 8928 8933
f 8818 8817 8927
f 8818 8927 8932
f 8918 8821 8820
f 8918 8820 8934
f 8918 8934 8935
f 8918 8935 8931
f 8868 8869 8857
f 8868 8857 8856
f 8870 8868 8856
f 8870 8856 8855
f 8871 8870 8855
f 8871 8855 8854
f 8920 8867 8866
f 8920 8866 8904
f 8921 8920 8904
f 8921 8904 8903
f 8909 8908 8901
f 8909 8901 8905
f 8912 8909 8905
f 8912 8905 8906
f 8913 8912 8906
f 8913 8906 8907
f 8936 8937 8938
f 8936 8938 8939
f 8826 8878 8879
f 8826 8879 8827
f 8895 8894 8897
f 8895 8897 8898
f 8888 8885 8894
f 8888 8894 8895
f 8886 8884 8885
f 8886 8885 8888
f 1447 1444 8884
f 1447 8884 8886
f 8937 8808 8809
f 8937 8809 8938
f 8940 8810 8811
f 8940 8811 8941
f 8852 8851 8942
f 8852 8942 8943
f 8859 8858 8944
f 8859 8944 8945
f 8869 8859 8945
f 8869 8945 8946
f 1500 8852 8943
f 1500 8943 1971
f 8872 8810 8940
f 8872 8940 8947
f 8858 8872 8947
f 8858 8947 8944
f 8857 8869 8946
f 8857 8946 8948
f 8857 8948 8942
f 8857 8942 8851
f 8949 8940 8941
f 8949 8941 8950
f 8951 8943 8942
f 8951 8942 8952
f 8953 8945 8944
f 8953 8944 8954
f 8955 8946 8945
f 8955 8945 8953
f 1974 1971 8943
f 1974 8943 8951
f 8956 8947 8940
f 8956 8940 8949
f 8954 8944 8947
f 8954 8947 8956
f 8948 8946 8955
f 8948 8955 8957
f 8948 8957 8952
f 8948 8952 8942
f 8925 8958 8959
f 8925 8959 8928
f 8922 8921 8960
f 8922 8960 8961
f 8924 8922 8961
f 8924 8961 8962
f 8925 8924 8962
f 8925 8962 8958
f 8960 8921 8903
f 8960 8903 8963
f 8898 8897 8963
f 8898 8963 8903
f 8958 8964 8965
f 8958 8965 8959
f 8961 8960 8966
f 8961 8966 8967
f 8962 8961 8967
f 8962 8967 8968
f 8958 8962 8968
f 8958 8968 8964
f 8966 8960 8963
f 8966 8963 8902
f 8963 8897 8893
f 8963 8893 8902
f 8965 8964 8917
f 8965 8917 8930
f 8967 8966 8908
f 8967 8908 8911
f 8968 8967 8911
f 8968 8911 8915
f 8964 8968 8915
f 8964 8915 8917
f 8908 8966 8902
f 8908 8902 8901
f 8930 8929 8969
f 8930 8969 8970
f 8929 8931 8971
f 8929 8971 8969
f 8931 8935 8972
f 8931 8972 8971
f 8928 8959 8973
f 8928 8973 8933
f 8959 8965 8974
f 8959 8974 8973
f 8965 8930 8970
f 8965 8970 8974
f 8975 8976 8977
f 8975 8977 8978
f 8979 8975 8978
f 8979 8978 8980
f 8981 8975 8979
f 8981 8979 8982
f 8983 8984 8981
f 8983 8981 8982
f 8985 8979 8980
f 8985 8980 8986
f 8982 8979 8985
f 8982 8985 8987
f 8988 8983 8982
f 8988 8982 8987
f 8989 8985 8986
f 8989 8986 8990
f 8987 8985 8989
f 8987 8989 8991
f 8992 8988 8987
f 8992 8987 8991
f 8993 8989 8990
f 8993 8990 8994
f 8991 8989 8993
f 8991 8993 8995
f 8996 8992 8991
f 8996 8991 8995
f 8997 8998 8999
f 8997 8999 9000
f 8999 8998 9001
f 8999 9001 9002
f 8993 9003 9004
f 8993 9004 8995
f 9004 8997 8996
f 9004 8996 8995
f 9005 9003 9006
f 9005 9006 9007
f 9004 9003 9005
f 9004 9005 9008
f 8998 8997 9004
f 8998 9004 9008
f 9008 9005 9009
f 9008 9009 9010
f 8998 9008 9010
f 8998 9010 9001
f 9009 9005 9007
f 9009 9007 9011
f 9000 8999 9012
f 9000 9012 9013
f 8999 9002 9014
f 8999 9014 9012
f 8955 8953 9015
f 8955 9015 9016
f 8957 8955 9016
f 8957 9016 9017
f 8957 9017 9018
f 8957 9018 8952
f 8951 8952 9018
f 8951 9018 9019
f 1974 8951 9019
f 1974 9019 1975
f 9020 9021 9022
f 9020 9022 9023
f 9021 9024 9025
f 9021 9025 9022
f 9025 9024 9026
f 9025 9026 9027
f 9026 9028 9029
f 9026 9029 9027
f 9028 1978 1981
f 9028 1981 9029
f 9026 9024 9030
f 9026 9030 9031
f 9028 9026 9031
f 9028 9031 9032
f 9020 9033 9034
f 9020 9034 9021
f 9024 9021 9034
f 9024 9034 9030
f 1978 9028 9032
f 1978 9032 1984
f 9030 9034 9035
f 9030 9035 9036
f 9031 9030 9036
f 9031 9036 9037
f 9032 9031 9037
f 9032 9037 9038
f 1984 9032 9038
f 1984 9038 1986
f 8981 8984 9039
f 8981 9039 9040
f 8975 8981 9040
f 8975 9040 8976
f 9041 8835 8836
f 9041 8836 9042
f 9043 8949 8950
f 9043 8950 9044
f 8956 8949 9043
f 8956 9043 9045
f 8954 8956 9045
f 8954 9045 9046
f 8954 9046 9015
f 8954 9015 8953
f 8839 9047 9048
f 8839 9048 8841
f 8976 9049 9050
f 8976 9050 8977
f 9051 9049 8976
f 9051 8976 9040
f 9052 9051 9040
f 9052 9040 9039
f 9023 9052 9039
f 9023 9039 9020
f 9020 9039 8984
f 9020 8984 9033
f 9033 8984 8983
f 9033 8983 9053
f 9034 9033 9053
f 9034 9053 9035
f 9053 8983 8988
f 9053 8988 9054
f 8988 8992 9055
f 8988 9055 9054
f 9055 8992 8996
f 9055 8996 9056
f 9056 8996 8997
f 9056 8997 9000
f 2004 9057 9058
f 2004 9058 2005
f 9057 2004 1986
f 9057 1986 9038
f 9059 9058 9057
f 9059 9057 9060
f 9060 9057 9038
f 9060 9038 9037
f 9059 9060 9061
f 9059 9061 9062
f 9036 9061 9060
f 9036 9060 9037
f 9063 9061 9036
f 9063 9036 9035
f 9064 9062 9061
f 9064 9061 9063
f 9065 9066 9054
f 9065 9054 9055
f 9067 9065 9055
f 9067 9055 9056
f 9067 9056 9000
f 9067 9000 9013
f 9068 9066 9065
f 9068 9065 9069
f 9069 9065 9067
f 9069 9067 9070
f 9071 9072 9068
f 9071 9068 9069
f 9073 9071 9069
f 9073 9069 9070
f 9070 9067 9013
f 9070 9013 9074
f 9074 9075 9073
f 9074 9073 9070
f 9076 9077 9078
f 9076 9078 9079
f 9080 9081 9082
f 9080 9082 9083
f 9074 9083 9082
f 9074 9082 9075
f 1975 9019 9029
f 1975 9029 1981
f 9019 9018 9027
f 9019 9027 9029
f 9017 9025 9027
f 9017 9027 9018
f 9017 9016 9022
f 9017 9022 9025
f 9023 9022 9016
f 9023 9016 9015
f 9023 9015 9046
f 9023 9046 9052
f 9052 9046 9045
f 9052 9045 9051
f 9051 9045 9043
f 9051 9043 9049
f 9049 9043 9044
f 9049 9044 9050
f 9047 9084 9085
f 9047 9085 9041
f 9047 9041 9042
f 9047 9042 9048
f 9086 9087 8932
f 9086 8932 8933
f 8970 8969 9088
f 8970 9088 9089
f 8969 8971 9090
f 8969 9090 9088
f 8971 8972 9091
f 8971 9091 9090
f 8933 8973 9092
f 8933 9092 9086
f 8973 8974 9093
f 8973 9093 9092
f 9089 9093 8974
f 9089 8974 8970
f 8818 8932 9087
f 8818 9087 8819
f 8993 8994 9006
f 8993 9006 9003
f 9077 8936 8939
f 9077 8939 9078
f 9012 9014 9080
f 9012 9080 9083
f 9012 9083 9074
f 9012 9074 9013
f 9063 9035 9066
f 9063 9066 9068
f 9064 9063 9068
f 9064 9068 9072
f 9035 9053 9054
f 9035 9054 9066
f 8795 9094 8803
f 8795 8803 8804
f 8795 8804 8805
f 8795 8805 8796
f 9095 9096 9081
f 9095 9081 9080
f 9097 9095 9080
f 9097 9080 9014
f 9098 9097 9014
f 9098 9014 9002
f 8806 9098 9002
f 8806 9002 9001
f 8807 8806 9001
f 8807 9001 9010
f 9099 8807 9010
f 9099 9010 9009
f 9099 9009 9011
f 9099 9011 9094
f 8803 9094 9011
f 8803 9011 9007
f 8787 8803 9007
f 8787 9007 9006
f 8788 8787 9006
f 8788 9006 8994
f 8824 8788 8994
f 8824 8994 8990
f 8825 8824 8990
f 8825 8990 8986
f 8877 8825 8986
f 8877 8986 8980
f 8837 8877 8980
f 8837 8980 8978
f 8838 8837 8978
f 8838 8978 8977
f 9084 8838 8977
f 9084 8977 9050
f 9085 9084 9050
f 9085 9050 9044
f 8834 9085 9044
f 8834 9044 8950
f 8831 8834 8950
f 8831 8950 8941
f 8828 8831 8941
f 8828 8941 8811
f 8812 8828 8811
f 8812 8811 8784
f 8777 8812 8784
f 8777 8784 8783
f 8778 8777 8783
f 8778 8783 8786
f 8817 8778 8786
f 8817 8786 8816
f 8793 8789 8788
f 8793 8788 8824
f 8877 8878 8826
f 8877 8826 8825
f 9047 8839 8838
f 9047 8838 9084
f 8834 8835 9041
f 8834 9041 9085
f 9077 9076 9096
f 9077 9096 9095
f 9097 8936 9077
f 9097 9077 9095
f 8937 8936 9097
f 8937 9097 9098
f 8806 8808 8937
f 8806 8937 9098
f 8798 8799 8807
f 8798 8807 9099
f 8795 8798 9099
f 8795 9099 9094
f 8864 8871 8900
f 8864 8900 8866
f 8871 8854 8853
f 8871 8853 8900
f 9100 9101 9102
f 9100 9102 9103
f 9104 9105 9106
f 9104 9106 9107
f 9108 9104 9107
f 9108 9107 9109
f 9110 9111 9112
f 9110 9112 9113
f 9114 9115 9112
f 9114 9112 9111
f 9112 9115 9116
f 9112 9116 9117
f 9118 9119 9120
f 9118 9120 9121
f 9122 9123 9121
f 9122 9121 9120
f 9101 9124 9125
f 9101 9125 9102
f 9126 9127 9111
f 9126 9111 9110
f 9127 9128 9114
f 9127 9114 9111
f 9129 9130 9122
f 9129 9122 9131
f 9130 9132 9123
f 9130 9123 9122
f 9105 9133 9134
f 9105 9134 9106
f 9135 9136 9101
f 9135 9101 9100
f 9136 9137 9124
f 9136 9124 9101
f 9138 9108 9109
f 9138 9109 9139
f 9102 9140 9141
f 9102 9141 9103
f 9102 9125 9142
f 9102 9142 9140
f 9143 9144 9145
f 9143 9145 9146
f 9117 9147 9148
f 9117 9148 9149
f 9117 9116 9150
f 9117 9150 9147
f 9151 9152 9136
f 9151 9136 9135
f 9152 9153 9137
f 9152 9137 9136
f 9154 9155 9152
f 9154 9152 9151
f 9155 9156 9153
f 9155 9153 9152
f 9157 9158 9155
f 9157 9155 9154
f 9158 9159 9156
f 9158 9156 9155
f 9160 9161 9162
f 9160 9162 9163
f 9161 9164 9165
f 9161 9165 9162
f 9166 9167 9168
f 9166 9168 9169
f 9167 9170 9171
f 9167 9171 9168
f 9170 9172 9173
f 9170 9173 9171
f 9172 9174 9175
f 9172 9175 9173
f 9176 9169 9168
f 9176 9168 9177
f 9177 9168 9171
f 9177 9171 9178
f 9178 9171 9173
f 9178 9173 9179
f 9179 9173 9175
f 9179 9175 9180
f 9181 9182 9183
f 9181 9183 9184
f 9182 9185 9186
f 9182 9186 9183
f 9185 9187 9188
f 9185 9188 9186
f 9187 9189 9190
f 9187 9190 9188
f 9191 9192 9184
f 9191 9184 9183
f 9193 9191 9183
f 9193 9183 9186
f 9194 9193 9186
f 9194 9186 9188
f 9172 3733 3742
f 9172 3742 9174
f 9170 3726 3733
f 9170 3733 9172
f 9167 3721 3726
f 9167 3726 9170
f 9166 3693 3721
f 9166 3721 9167
f 9133 9105 9195
f 9133 9195 9196
f 9105 9104 9197
f 9105 9197 9195
f 9108 9138 9198
f 9108 9198 9199
f 9104 9108 9199
f 9104 9199 9197
f 9200 9201 9161
f 9200 9161 9160
f 9201 9202 9164
f 9201 9164 9161
f 9195 9182 9181
f 9195 9181 9196
f 9197 9185 9182
f 9197 9182 9195
f 9199 9187 9185
f 9199 9185 9197
f 9198 9189 9187
f 9198 9187 9199
f 3083 9203 7424
f 3083 7424 3084
f 7424 9203 9204
f 7424 9204 7425
f 9205 9203 3083
f 9205 3083 3685
f 9206 9204 9203
f 9206 9203 9205
f 9207 9205 3685
f 9207 3685 3684
f 9208 9206 9205
f 9208 9205 9207
f 3688 9209 9210
f 3688 9210 3689
f 9210 9209 9211
f 9210 9211 9212
f 3693 9166 9209
f 3693 9209 3688
f 9166 9169 9211
f 9166 9211 9209
f 9204 9213 7426
f 9204 7426 7425
f 7426 9213 9214
f 7426 9214 7427
f 9215 9213 9204
f 9215 9204 9206
f 9216 9214 9213
f 9216 9213 9215
f 9217 9215 9206
f 9217 9206 9208
f 9211 9218 9219
f 9211 9219 9212
f 9169 9176 9218
f 9169 9218 9211
f 9220 9216 9215
f 9220 9215 9217
f 9218 9221 9222
f 9218 9222 9219
f 9176 9223 9221
f 9176 9221 9218
f 9214 9224 7428
f 9214 7428 7427
f 9225 9224 9214
f 9225 9214 9216
f 9221 9226 9227
f 9221 9227 9222
f 9223 9190 9226
f 9223 9226 9221
f 9224 9228 7429
f 9224 7429 7428
f 7429 9228 9229
f 7429 9229 7430
f 7430 9229 9230
f 7430 9230 7431
f 9231 9232 9233
f 9231 9233 9234
f 9234 9233 9145
f 9234 9145 9235
f 9235 9145 9144
f 9235 9144 9236
f 9232 9237 9238
f 9232 9238 9233
f 9233 9238 9146
f 9233 9146 9145
f 9238 9237 9239
f 9238 9239 9240
f 9146 9238 9240
f 9146 9240 9241
f 9242 9243 9244
f 9242 9244 9245
f 9189 9198 9242
f 9189 9242 9245
f 9246 9247 9243
f 9246 9243 9242
f 9198 9138 9246
f 9198 9246 9242
f 9247 9246 9248
f 9247 9248 9249
f 9246 9138 9139
f 9246 9139 9248
f 9250 9251 9249
f 9250 9249 9248
f 9139 9141 9250
f 9139 9250 9248
f 9239 9252 9253
f 9239 9253 9240
f 9240 9253 9254
f 9240 9254 9241
f 9255 9256 9251
f 9255 9251 9250
f 9140 9255 9250
f 9140 9250 9141
f 9257 9143 9146
f 9257 9146 9241
f 9241 9254 9258
f 9241 9258 9257
f 9191 9179 9180
f 9191 9180 9192
f 9193 9178 9179
f 9193 9179 9191
f 9194 9177 9178
f 9194 9178 9193
f 9245 9226 9190
f 9245 9190 9189
f 9244 9227 9226
f 9244 9226 9245
f 9234 9228 9224
f 9234 9224 9231
f 9235 9229 9228
f 9235 9228 9234
f 9236 9230 9229
f 9236 9229 9235
f 9259 9260 9261
f 9259 9261 9262
f 9147 9150 9202
f 9147 9202 9201
f 9219 9222 9220
f 9219 9220 9217
f 9212 9219 9217
f 9212 9217 9208
f 9210 9212 9208
f 9210 9208 9207
f 3689 9210 9207
f 3689 9207 3684
f 9262 9261 9132
f 9262 9132 9130
f 9174 9263 9264
f 9174 9264 9175
f 9184 9265 9266
f 9184 9266 9181
f 9192 9267 9265
f 9192 9265 9184
f 3742 4188 9263
f 3742 9263 9174
f 9196 9268 9269
f 9196 9269 9133
f 9181 9266 9268
f 9181 9268 9196
f 9180 9270 9267
f 9180 9267 9192
f 9180 9175 9264
f 9180 9264 9270
f 9271 9272 9264
f 9271 9264 9263
f 9273 9274 9266
f 9273 9266 9265
f 9275 9273 9265
f 9275 9265 9267
f 4191 9271 9263
f 4191 9263 4188
f 9276 9277 9269
f 9276 9269 9268
f 9274 9276 9268
f 9274 9268 9266
f 9270 9278 9275
f 9270 9275 9267
f 9270 9264 9272
f 9270 9272 9278
f 9249 9251 9279
f 9249 9279 9280
f 9243 9281 9282
f 9243 9282 9244
f 9247 9283 9281
f 9247 9281 9243
f 9283 9247 9249
f 9283 9249 9280
f 9282 9284 9227
f 9282 9227 9244
f 9222 9227 9284
f 9222 9284 9220
f 9280 9279 9285
f 9280 9285 9286
f 9281 9287 9288
f 9281 9288 9282
f 9283 9289 9287
f 9283 9287 9281
f 9289 9283 9280
f 9289 9280 9286
f 9288 9225 9284
f 9288 9284 9282
f 9284 9225 9216
f 9284 9216 9220
f 9285 9252 9239
f 9285 9239 9286
f 9287 9232 9231
f 9287 9231 9288
f 9289 9237 9232
f 9289 9232 9287
f 9239 9237 9289
f 9239 9289 9286
f 9231 9224 9225
f 9231 9225 9288
f 9252 9290 9291
f 9252 9291 9253
f 9253 9291 9292
f 9253 9292 9254
f 9254 9292 9293
f 9254 9293 9258
f 9251 9256 9294
f 9251 9294 9279
f 9279 9294 9295
f 9279 9295 9285
f 9285 9295 9290
f 9285 9290 9252
f 9133 9269 9296
f 9133 9296 9134
f 9269 9277 9297
f 9269 9297 9296
f 9298 9299 9300
f 9298 9300 9301
f 9302 9303 9304
f 9302 9304 9299
f 9305 9303 9302
f 9305 9302 9306
f 9299 9304 9307
f 9299 9307 9300
f 9303 9308 9309
f 9303 9309 9304
f 9310 9308 9303
f 9310 9303 9305
f 9304 9309 9311
f 9304 9311 9307
f 9308 9312 9313
f 9308 9313 9309
f 9314 9312 9308
f 9314 9308 9310
f 9309 9313 9315
f 9309 9315 9311
f 9312 9316 9317
f 9312 9317 9313
f 9318 9316 9312
f 9318 9312 9314
f 9313 9317 9319
f 9313 9319 9315
f 9320 9321 9322
f 9320 9322 9323
f 9322 9324 9325
f 9322 9325 9323
f 9317 9316 9326
f 9317 9326 9327
f 9326 9316 9318
f 9326 9318 9320
f 9326 9328 9329
f 9326 9329 9327
f 9323 9328 9326
f 9323 9326 9320
f 9327 9329 9330
f 9327 9330 9331
f 9328 9332 9333
f 9328 9333 9329
f 9323 9325 9332
f 9323 9332 9328
f 9330 9329 9333
f 9330 9333 9334
f 9321 9335 9336
f 9321 9336 9322
f 9322 9336 9337
f 9322 9337 9324
f 9275 9338 9339
f 9275 9339 9273
f 9278 9340 9338
f 9278 9338 9275
f 9278 9272 9341
f 9278 9341 9340
f 9271 9342 9341
f 9271 9341 9272
f 4191 4193 9342
f 4191 9342 9271
f 9343 9344 9345
f 9343 9345 9346
f 9346 9345 9347
f 9346 9347 9348
f 9347 9349 9350
f 9347 9350 9348
f 9350 9349 9351
f 9350 9351 9352
f 9352 9351 4196
f 9352 4196 4195
f 9350 9353 9354
f 9350 9354 9348
f 9352 9355 9353
f 9352 9353 9350
f 9343 9346 9356
f 9343 9356 9357
f 9348 9354 9356
f 9348 9356 9346
f 4195 4202 9355
f 4195 9355 9352
f 9354 9358 9359
f 9354 9359 9356
f 9353 9360 9358
f 9353 9358 9354
f 9355 9361 9360
f 9355 9360 9353
f 4202 4204 9361
f 4202 9361 9355
f 9302 9362 9363
f 9302 9363 9306
f 9299 9298 9362
f 9299 9362 9302
f 9364 9365 9159
f 9364 9159 9158
f 9277 9366 9367
f 9277 9367 9297
f 9276 9368 9366
f 9276 9366 9277
f 9274 9369 9368
f 9274 9368 9276
f 9274 9273 9339
f 9274 9339 9369
f 9162 9165 9370
f 9162 9370 9371
f 9372 9298 9301
f 9372 9301 9373
f 9374 9362 9298
f 9374 9298 9372
f 9375 9363 9362
f 9375 9362 9374
f 9344 9343 9363
f 9344 9363 9375
f 9343 9357 9306
f 9343 9306 9363
f 9357 9376 9305
f 9357 9305 9306
f 9356 9359 9376
f 9356 9376 9357
f 9376 9377 9310
f 9376 9310 9305
f 9310 9377 9378
f 9310 9378 9314
f 9378 9379 9318
f 9378 9318 9314
f 9379 9321 9320
f 9379 9320 9318
f 4219 2005 9058
f 4219 9058 9380
f 9380 9361 4204
f 9380 4204 4219
f 9059 9381 9380
f 9059 9380 9058
f 9381 9360 9361
f 9381 9361 9380
f 9059 9062 9382
f 9059 9382 9381
f 9358 9360 9381
f 9358 9381 9382
f 9383 9359 9358
f 9383 9358 9382
f 9064 9383 9382
f 9064 9382 9062
f 9384 9378 9377
f 9384 9377 9385
f 9386 9379 9378
f 9386 9378 9384
f 9386 9335 9321
f 9386 9321 9379
f 9387 9388 9384
f 9387 9384 9385
f 9388 9389 9386
f 9388 9386 9384
f 9071 9388 9387
f 9071 9387 9072
f 9073 9389 9388
f 9073 9388 9071
f 9389 9390 9335
f 9389 9335 9386
f 9390 9389 9073
f 9390 9073 9075
f 9076 9079 9391
f 9076 9391 9392
f 9393 9394 9082
f 9393 9082 9081
f 9390 9075 9082
f 9390 9082 9394
f 4193 4196 9351
f 4193 9351 9342
f 9342 9351 9349
f 9342 9349 9341
f 9340 9341 9349
f 9340 9349 9347
f 9340 9347 9345
f 9340 9345 9338
f 9344 9339 9338
f 9344 9338 9345
f 9344 9375 9369
f 9344 9369 9339
f 9375 9374 9368
f 9375 9368 9369
f 9374 9372 9366
f 9374 9366 9368
f 9366 9372 9373
f 9366 9373 9367
f 9371 9364 9395
f 9371 9395 9396
f 9371 9370 9365
f 9371 9365 9364
f 9397 9256 9255
f 9397 9255 9398
f 9290 9399 9400
f 9290 9400 9291
f 9291 9400 9401
f 9291 9401 9292
f 9292 9401 9402
f 9292 9402 9293
f 9256 9397 9403
f 9256 9403 9294
f 9294 9403 9404
f 9294 9404 9295
f 9399 9290 9295
f 9399 9295 9404
f 9140 9142 9398
f 9140 9398 9255
f 9327 9331 9319
f 9327 9319 9317
f 9392 9391 9260
f 9392 9260 9259
f 9336 9394 9393
f 9336 9393 9337
f 9336 9335 9390
f 9336 9390 9394
f 9383 9387 9385
f 9383 9385 9359
f 9064 9072 9387
f 9064 9387 9383
f 9359 9385 9377
f 9359 9377 9376
f 9119 9127 9126
f 9119 9126 9405
f 9119 9118 9128
f 9119 9128 9127
f 9406 9393 9081
f 9406 9081 9096
f 9407 9337 9393
f 9407 9393 9406
f 9408 9324 9337
f 9408 9337 9407
f 9129 9325 9324
f 9129 9324 9408
f 9131 9332 9325
f 9131 9325 9129
f 9409 9333 9332
f 9409 9332 9131
f 9334 9333 9409
f 9334 9409 9405
f 9126 9330 9334
f 9126 9334 9405
f 9110 9331 9330
f 9110 9330 9126
f 9113 9319 9331
f 9113 9331 9110
f 9149 9315 9319
f 9149 9319 9113
f 9148 9311 9315
f 9148 9315 9149
f 9200 9307 9311
f 9200 9311 9148
f 9160 9300 9307
f 9160 9307 9200
f 9163 9301 9300
f 9163 9300 9160
f 9396 9373 9301
f 9396 9301 9163
f 9395 9367 9373
f 9395 9373 9396
f 9157 9297 9367
f 9157 9367 9395
f 9154 9296 9297
f 9154 9297 9157
f 9151 9134 9296
f 9151 9296 9154
f 9135 9106 9134
f 9135 9134 9151
f 9100 9107 9106
f 9100 9106 9135
f 9103 9109 9107
f 9103 9107 9100
f 9141 9139 9109
f 9141 9109 9103
f 9117 9149 9113
f 9117 9113 9112
f 9200 9148 9147
f 9200 9147 9201
f 9371 9396 9163
f 9371 9163 9162
f 9157 9395 9364
f 9157 9364 9158
f 9392 9406 9096
f 9392 9096 9076
f 9407 9406 9392
f 9407 9392 9259
f 9262 9408 9407
f 9262 9407 9259
f 9129 9408 9262
f 9129 9262 9130
f 9120 9409 9131
f 9120 9131 9122
f 9405 9409 9120
f 9405 9120 9119
f 9188 9190 9223
f 9188 9223 9194
f 9194 9223 9176
f 9194 9176 9177
g head
f 9410 9411 9412
f 9410 9412 9413
f 9414 9415 9416
f 9414 9416 9417
f 9418 9419 9420
f 9418 9420 9421
f 9411 9422 9423
f 9411 9423 9412
f 9422 9424 9425
f 9422 9425 9423
f 9426 9427 9428
f 9426 9428 9429
f 9428 9427 9430
f 9428 9430 9431
f 9430 9427 9432
f 9430 9432 9433
f 9427 9426 9434
f 9427 9434 9432
f 9435 9436 9437
f 9435 9437 9438
f 9439 9440 9441
f 9439 9441 9442
f 9443 9444 9445
f 9443 9445 9446
f 9447 9448 9449
f 9447 9449 9450
f 9451 9452 9453
f 9451 9453 9454
f 9410 8820 8823
f 9410 8823 9455
f 8820 9410 9413
f 8820 9413 8934
f 8913 9456 9455
f 8913 9455 8823
f 8934 9413 9457
f 8934 9457 8935
f 9456 8913 8907
f 9456 8907 9458
f 9438 9437 9459
f 9438 9459 9460
f 9461 9439 9442
f 9461 9442 9462
f 9460 9459 9463
f 9460 9463 9464
f 9465 9466 9418
f 9465 9418 9421
f 9467 9468 9451
f 9467 9451 9454
f 9415 9469 9470
f 9415 9470 9416
f 9471 9472 9473
f 9471 9473 9474
f 9475 9473 9472
f 9475 9472 9476
f 9471 9474 9470
f 9471 9470 9469
f 8935 9457 9477
f 8935 9477 8972
f 9478 9479 9480
f 9478 9480 9481
f 9482 9483 9484
f 9482 9484 9485
f 9476 9486 9487
f 9476 9487 9475
f 8972 9477 9488
f 8972 9488 9091
f 9489 9443 9446
f 9489 9446 9490
f 9447 9450 9491
f 9447 9491 9492
f 9454 9453 9419
f 9454 9419 9418
f 9466 9467 9454
f 9466 9454 9418
f 9484 9493 9494
f 9484 9494 9485
f 9495 9496 9497
f 9495 9497 9498
f 9496 9499 9500
f 9496 9500 9497
f 9478 9481 9500
f 9478 9500 9499
f 9495 9498 9485
f 9495 9485 9494
f 9457 9413 9412
f 9457 9412 9501
f 9477 9457 9501
f 9477 9501 9502
f 9481 9480 9503
f 9481 9503 9504
f 9488 9477 9502
f 9488 9502 9505
f 9498 9497 9506
f 9498 9506 9507
f 9497 9500 9508
f 9497 9508 9506
f 9481 9504 9508
f 9481 9508 9500
f 9498 9507 9482
f 9498 9482 9485
f 9432 9434 9509
f 9432 9509 9510
f 9433 9432 9510
f 9433 9510 9511
f 9423 9425 9512
f 9423 9512 9513
f 9412 9423 9513
f 9412 9513 9501
f 9510 9509 9514
f 9510 9514 9515
f 9511 9510 9515
f 9511 9515 9516
f 9513 9512 9517
f 9513 9517 9518
f 9501 9513 9518
f 9501 9518 9502
f 9515 9514 9519
f 9515 9519 9520
f 9516 9515 9520
f 9516 9520 9521
f 9518 9517 9522
f 9518 9522 9523
f 9502 9518 9523
f 9502 9523 9505
f 9524 9525 9526
f 9524 9526 9527
f 9528 9524 9527
f 9528 9527 9529
f 9530 9531 9532
f 9530 9532 9533
f 9504 9503 9530
f 9504 9530 9533
f 9534 9535 9483
f 9534 9483 9482
f 9507 9536 9534
f 9507 9534 9482
f 9536 9507 9506
f 9536 9506 9537
f 9538 9537 9506
f 9538 9506 9508
f 9539 9540 9535
f 9539 9535 9534
f 9536 9541 9539
f 9536 9539 9534
f 9541 9536 9537
f 9541 9537 9542
f 9543 9542 9537
f 9543 9537 9538
f 9544 9545 9546
f 9544 9546 9547
f 9548 9549 9544
f 9548 9544 9547
f 9549 9548 9550
f 9549 9550 9551
f 9552 9551 9550
f 9552 9550 9553
f 9554 9555 9545
f 9554 9545 9544
f 9549 9556 9554
f 9549 9554 9544
f 9556 9549 9551
f 9556 9551 9557
f 9558 9557 9551
f 9558 9551 9552
f 9559 9560 9561
f 9559 9561 9562
f 9563 9564 9559
f 9563 9559 9562
f 9564 9563 9565
f 9564 9565 9566
f 9565 9461 9462
f 9565 9462 9566
f 9527 9526 9558
f 9527 9558 9552
f 9529 9527 9552
f 9529 9552 9553
f 9533 9532 9543
f 9533 9543 9538
f 9504 9533 9538
f 9504 9538 9508
f 9567 9568 9569
f 9567 9569 9570
f 9571 9572 9573
f 9571 9573 9574
f 9574 9573 9575
f 9574 9575 9576
f 9464 9463 9572
f 9464 9572 9571
f 9576 9575 9567
f 9576 9567 9570
f 9425 9424 9430
f 9425 9430 9433
f 9425 9433 9511
f 9425 9511 9512
f 9517 9512 9511
f 9517 9511 9516
f 9517 9516 9521
f 9517 9521 9522
f 9532 9531 9528
f 9532 9528 9529
f 9532 9529 9553
f 9532 9553 9543
f 9553 9550 9542
f 9553 9542 9543
f 9541 9542 9550
f 9541 9550 9548
f 9541 9548 9547
f 9541 9547 9539
f 9546 9540 9539
f 9546 9539 9547
f 9577 9578 9579
f 9577 9579 9580
f 9458 9577 9580
f 9458 9580 9456
f 9578 9581 9582
f 9578 9582 9579
f 9581 9583 9584
f 9581 9584 9582
f 9585 9586 9587
f 9585 9587 9588
f 9583 9585 9588
f 9583 9588 9584
f 9414 9417 9589
f 9414 9589 9590
f 9580 9579 9591
f 9580 9591 9592
f 9456 9580 9592
f 9456 9592 9455
f 9579 9582 9593
f 9579 9593 9591
f 9582 9584 9431
f 9582 9431 9593
f 9588 9587 9429
f 9588 9429 9428
f 9584 9588 9428
f 9584 9428 9431
f 9424 9422 9591
f 9424 9591 9593
f 9424 9593 9431
f 9424 9431 9430
f 9592 9591 9422
f 9592 9422 9411
f 9410 9455 9592
f 9410 9592 9411
f 9594 9595 9596
f 9594 9596 9597
f 9598 9599 9596
f 9598 9596 9595
f 9600 9601 9599
f 9600 9599 9598
f 9491 9602 9603
f 9491 9603 9492
f 9480 9479 9091
f 9480 9091 9488
f 9503 9480 9488
f 9503 9488 9505
f 9530 9503 9505
f 9530 9505 9523
f 9531 9530 9523
f 9531 9523 9522
f 9528 9531 9522
f 9528 9522 9521
f 9524 9528 9521
f 9524 9521 9520
f 9525 9524 9520
f 9525 9520 9519
f 9441 9440 9487
f 9441 9487 9486
f 9604 9605 9606
f 9604 9606 9607
f 9608 9604 9607
f 9608 9607 9609
f 9610 9608 9609
f 9610 9609 9611
f 9612 9610 9611
f 9612 9611 9613
f 9614 9612 9613
f 9614 9613 9615
f 9616 9614 9615
f 9616 9615 9617
f 9618 9616 9617
f 9618 9617 9619
f 9620 9618 9619
f 9620 9619 9621
f 9622 9620 9621
f 9622 9621 9623
f 9624 9622 9623
f 9624 9623 9625
f 9626 9624 9625
f 9626 9625 9627
f 9415 9466 9465
f 9415 9465 9469
f 9414 9467 9466
f 9414 9466 9415
f 9590 9468 9467
f 9590 9467 9414
f 9453 9452 9448
f 9453 9448 9447
f 9419 9453 9447
f 9419 9447 9492
f 9420 9419 9492
f 9420 9492 9603
f 9450 9449 9600
f 9450 9600 9598
f 9491 9450 9598
f 9491 9598 9595
f 9595 9594 9602
f 9595 9602 9491
f 9561 9555 9554
f 9561 9554 9562
f 9556 9563 9562
f 9556 9562 9554
f 9565 9563 9556
f 9565 9556 9557
f 9557 9558 9461
f 9557 9461 9565
f 9526 9439 9461
f 9526 9461 9558
f 9525 9440 9439
f 9525 9439 9526
f 9487 9440 9525
f 9487 9525 9519
f 9475 9487 9519
f 9475 9519 9514
f 9509 9473 9475
f 9509 9475 9514
f 9474 9473 9509
f 9474 9509 9434
f 9474 9434 9426
f 9474 9426 9470
f 9416 9470 9426
f 9416 9426 9429
f 9417 9416 9429
f 9417 9429 9587
f 9589 9417 9587
f 9589 9587 9586
f 9596 9599 9443
f 9596 9443 9489
f 9599 9601 9444
f 9599 9444 9443
f 9446 9445 9628
f 9446 9628 9629
f 9490 9446 9629
f 9490 9629 9630
f 9631 9490 9630
f 9631 9630 9632
f 9633 9634 9635
f 9633 9635 9636
f 9637 9638 9639
f 9637 9639 9640
f 9641 9642 9643
f 9641 9643 9644
f 9643 9645 9646
f 9643 9646 9644
f 9644 9646 9647
f 9644 9647 9648
f 9641 9644 9648
f 9641 9648 9649
f 9650 9651 9652
f 9650 9652 9653
f 9654 9655 9656
f 9654 9656 9657
f 9658 9659 9660
f 9658 9660 9661
f 9662 9663 9664
f 9662 9664 9665
f 9666 9667 9668
f 9666 9668 9669
f 9670 9671 9672
f 9670 9672 9673
f 9674 9670 9673
f 9674 9673 9675
f 9676 9674 9675
f 9676 9675 9677
f 9671 9678 9144
f 9671 9144 9143
f 9671 9143 9257
f 9671 9257 9672
f 9236 9144 9678
f 9236 9678 9679
f 9257 9258 9680
f 9257 9680 9672
f 9679 9681 9230
f 9679 9230 9236
f 9651 9682 9683
f 9651 9683 9652
f 9684 9685 9655
f 9684 9655 9654
f 9682 9686 9687
f 9682 9687 9683
f 9688 9638 9637
f 9688 9637 9689
f 9690 9667 9666
f 9690 9666 9691
f 9636 9635 9692
f 9636 9692 9693
f 9694 9695 9696
f 9694 9696 9697
f 9698 9699 9697
f 9698 9697 9696
f 9695 9694 9693
f 9695 9693 9692
f 9258 9293 9700
f 9258 9700 9680
f 9701 9702 9703
f 9701 9703 9704
f 9699 9698 9705
f 9699 9705 9706
f 9293 9402 9707
f 9293 9707 9700
f 9708 9709 9659
f 9708 9659 9658
f 9662 9710 9711
f 9662 9711 9663
f 9667 9637 9640
f 9667 9640 9668
f 9689 9637 9667
f 9689 9667 9690
f 9712 9713 9493
f 9712 9493 9484
f 9714 9715 9716
f 9714 9716 9717
f 9715 9714 9718
f 9715 9718 9719
f 9701 9719 9718
f 9701 9718 9702
f 9680 9720 9673
f 9680 9673 9672
f 9700 9721 9720
f 9700 9720 9680
f 9702 9722 9723
f 9702 9723 9703
f 9707 9724 9721
f 9707 9721 9700
f 9725 9714 9717
f 9725 9717 9726
f 9714 9725 9727
f 9714 9727 9718
f 9702 9718 9727
f 9702 9727 9722
f 9728 9712 9484
f 9728 9484 9483
f 9648 9729 9730
f 9648 9730 9649
f 9647 9731 9729
f 9647 9729 9648
f 9675 9732 9733
f 9675 9733 9677
f 9673 9720 9732
f 9673 9732 9675
f 9729 9734 9735
f 9729 9735 9730
f 9731 9736 9734
f 9731 9734 9729
f 9732 9737 9738
f 9732 9738 9733
f 9720 9721 9737
f 9720 9737 9732
f 9734 9739 9740
f 9734 9740 9735
f 9736 9741 9739
f 9736 9739 9734
f 9737 9742 9743
f 9737 9743 9738
f 9721 9724 9742
f 9721 9742 9737
f 9744 9745 9746
f 9744 9746 9747
f 9748 9749 9745
f 9748 9745 9744
f 9750 9751 9752
f 9750 9752 9753
f 9722 9751 9750
f 9722 9750 9723
f 9754 9728 9483
f 9754 9483 9535
f 9725 9726 9755
f 9725 9755 9756
f 9757 9727 9725
f 9757 9725 9756
f 9758 9754 9535
f 9758 9535 9540
f 9756 9755 9759
f 9756 9759 9760
f 9761 9757 9756
f 9761 9756 9760
f 9762 9763 9546
f 9762 9546 9545
f 9764 9765 9766
f 9764 9766 9767
f 9768 9769 9767
f 9768 9767 9766
f 9770 9762 9545
f 9770 9545 9555
f 9766 9765 9771
f 9766 9771 9772
f 9773 9768 9766
f 9773 9766 9772
f 9774 9775 9776
f 9774 9776 9777
f 9777 9776 9685
f 9777 9685 9684
f 9745 9768 9773
f 9745 9773 9746
f 9749 9769 9768
f 9749 9768 9745
f 9751 9757 9761
f 9751 9761 9752
f 9722 9727 9757
f 9722 9757 9751
f 9778 9779 9569
f 9778 9569 9568
f 9780 9781 9782
f 9780 9782 9783
f 9782 9781 9784
f 9782 9784 9785
f 9686 9780 9783
f 9686 9783 9687
f 9786 9787 9561
f 9786 9561 9560
f 9647 9646 9676
f 9647 9676 9677
f 9677 9733 9731
f 9677 9731 9647
f 9738 9736 9731
f 9738 9731 9733
f 9738 9743 9741
f 9738 9741 9736
f 9752 9749 9748
f 9752 9748 9753
f 9752 9761 9769
f 9752 9769 9749
f 9769 9761 9760
f 9769 9760 9767
f 9764 9767 9760
f 9764 9760 9759
f 9763 9758 9540
f 9763 9540 9546
f 9788 9789 9790
f 9788 9790 9791
f 9681 9679 9789
f 9681 9789 9788
f 9791 9790 9792
f 9791 9792 9793
f 9793 9792 9794
f 9793 9794 9795
f 9796 9797 9798
f 9796 9798 9799
f 9795 9794 9797
f 9795 9797 9796
f 9633 9800 9801
f 9633 9801 9634
f 9789 9802 9803
f 9789 9803 9790
f 9679 9678 9802
f 9679 9802 9789
f 9790 9803 9804
f 9790 9804 9792
f 9792 9804 9645
f 9792 9645 9794
f 9797 9643 9642
f 9797 9642 9798
f 9794 9645 9643
f 9794 9643 9797
f 9676 9804 9803
f 9676 9803 9674
f 9676 9646 9645
f 9676 9645 9804
f 9802 9670 9674
f 9802 9674 9803
f 9671 9670 9802
f 9671 9802 9678
f 9805 9806 9807
f 9805 9807 9808
f 9809 9808 9807
f 9809 9807 9810
f 9811 9809 9810
f 9811 9810 9812
f 9711 9710 9813
f 9711 9813 9814
f 9703 9707 9402
f 9703 9402 9704
f 9723 9724 9707
f 9723 9707 9703
f 9750 9742 9724
f 9750 9724 9723
f 9753 9743 9742
f 9753 9742 9750
f 9748 9741 9743
f 9748 9743 9753
f 9744 9739 9741
f 9744 9741 9748
f 9747 9740 9739
f 9747 9739 9744
f 9656 9706 9705
f 9656 9705 9657
f 8726 9815 9816
f 8726 9816 8727
f 9816 9817 8728
f 9816 8728 8727
f 8728 9817 9818
f 8728 9818 8729
f 9818 9819 8730
f 9818 8730 8729
f 8730 9819 9820
f 8730 9820 8731
f 9820 9821 8732
f 9820 8732 8731
f 8732 9821 9822
f 8732 9822 8733
f 8733 9822 9823
f 8733 9823 8734
f 8734 9823 9824
f 8734 9824 8735
f 8726 8725 9825
f 8726 9825 9815
f 8725 8724 9826
f 8725 9826 9825
f 8724 8723 9827
f 8724 9827 9826
f 8723 8722 9828
f 8723 9828 9827
f 8722 8721 9829
f 8722 9829 9828
f 8721 8720 9830
f 8721 9830 9829
f 8720 8719 9831
f 8720 9831 9830
f 8719 8718 9832
f 8719 9832 9831
f 8718 8717 9833
f 8718 9833 9832
f 8717 8716 9834
f 8717 9834 9833
f 8716 8715 9835
f 8716 9835 9834
f 8715 8714 9836
f 8715 9836 9835
f 9636 9693 9688
f 9636 9688 9689
f 9633 9636 9689
f 9633 9689 9690
f 9800 9633 9690
f 9800 9690 9691
f 9668 9662 9665
f 9668 9665 9669
f 9640 9710 9662
f 9640 9662 9668
f 9639 9813 9710
f 9639 9710 9640
f 9663 9809 9811
f 9663 9811 9664
f 9711 9808 9809
f 9711 9809 9663
f 9808 9711 9814
f 9808 9814 9805
f 9787 9770 9555
f 9787 9555 9561
f 9772 9771 9774
f 9772 9774 9777
f 9772 9777 9684
f 9772 9684 9773
f 9746 9773 9684
f 9746 9684 9654
f 9747 9746 9654
f 9747 9654 9657
f 9705 9740 9747
f 9705 9747 9657
f 9698 9735 9740
f 9698 9740 9705
f 9730 9735 9698
f 9730 9698 9696
f 9695 9649 9730
f 9695 9730 9696
f 9641 9649 9695
f 9641 9695 9692
f 9635 9642 9641
f 9635 9641 9692
f 9634 9798 9642
f 9634 9642 9635
f 9801 9799 9798
f 9801 9798 9634
f 9807 9708 9658
f 9807 9658 9810
f 9810 9658 9661
f 9810 9661 9812
f 9659 9837 9838
f 9659 9838 9660
f 9709 9839 9837
f 9709 9837 9659
f 9840 9841 9839
f 9840 9839 9709
f 9629 9628 8166
f 9629 8166 8704
f 9838 9837 8705
f 9838 8705 8437
f 8706 9632 9630
f 8706 9630 8707
f 9841 8708 8709
f 9841 8709 9839
f 8707 9630 9629
f 8707 9629 8704
f 9839 8709 8705
f 9839 8705 9837
f 8771 9842 9843
f 8771 9843 8772
f 8770 9844 9842
f 8770 9842 8771
f 8769 9845 9844
f 8769 9844 8770
f 8768 9846 9845
f 8768 9845 8769
f 8767 9847 9846
f 8767 9846 8768
f 8766 9848 9847
f 8766 9847 8767
f 8765 9849 9848
f 8765 9848 8766
f 8764 9850 9849
f 8764 9849 8765
f 8763 9851 9850
f 8763 9850 8764
f 8762 9852 9851
f 8762 9851 8763
f 8761 9853 9852
f 8761 9852 8762
f 8760 9854 9853
f 8760 9853 8761
f 8760 8759 9855
f 8760 9855 9854
f 9856 9855 8759
f 9856 8759 8758
f 8758 8757 9857
f 8758 9857 9856
f 9858 9857 8757
f 9858 8757 8756
f 8756 8755 9859
f 8756 9859 9858
f 9860 9859 8755
f 9860 8755 8754
f 8754 8753 9861
f 8754 9861 9860
f 8753 8752 9862
f 8753 9862 9861
f 9862 8752 8751
f 9862 8751 9863
f 9835 9836 9864
f 9835 9864 9865
f 9834 9835 9865
f 9834 9865 9866
f 9833 9834 9866
f 9833 9866 9867
f 9832 9833 9867
f 9832 9867 9868
f 9831 9832 9868
f 9831 9868 9869
f 9830 9831 9869
f 9830 9869 9870
f 9829 9830 9870
f 9829 9870 9871
f 9828 9829 9871
f 9828 9871 9872
f 9827 9828 9872
f 9827 9872 9873
f 9826 9827 9873
f 9826 9873 9874
f 9825 9826 9874
f 9825 9874 9875
f 9815 9825 9875
f 9815 9875 9876
f 9816 9815 9876
f 9816 9876 9877
f 9877 9878 9817
f 9877 9817 9816
f 9818 9817 9878
f 9818 9878 9879
f 9879 9880 9819
f 9879 9819 9818
f 9820 9819 9880
f 9820 9880 9881
f 9881 9882 9821
f 9881 9821 9820
f 9822 9821 9882
f 9822 9882 9883
f 9823 9822 9883
f 9823 9883 9884
f 9843 9842 9885
f 9843 9885 9886
f 9842 9844 9887
f 9842 9887 9885
f 9844 9845 9888
f 9844 9888 9887
f 9845 9846 9889
f 9845 9889 9888
f 9846 9847 9890
f 9846 9890 9889
f 9847 9848 9891
f 9847 9891 9890
f 9848 9849 9892
f 9848 9892 9891
f 9849 9850 9893
f 9849 9893 9892
f 9850 9851 9894
f 9850 9894 9893
f 9851 9852 9895
f 9851 9895 9894
f 9852 9853 9896
f 9852 9896 9895
f 9853 9854 9897
f 9853 9897 9896
f 9854 9855 9898
f 9854 9898 9897
f 9899 9898 9855
f 9899 9855 9856
f 9856 9857 9900
f 9856 9900 9899
f 9901 9900 9857
f 9901 9857 9858
f 9858 9859 9902
f 9858 9902 9901
f 9903 9902 9859
f 9903 9859 9860
f 9860 9861 9904
f 9860 9904 9903
f 9861 9862 9905
f 9861 9905 9904
f 9865 9864 9906
f 9865 9906 9907
f 9866 9865 9907
f 9866 9907 9908
f 9867 9866 9908
f 9867 9908 9909
f 9868 9867 9909
f 9868 9909 9910
f 9869 9868 9910
f 9869 9910 9911
f 9870 9869 9911
f 9870 9911 9912
f 9871 9870 9912
f 9871 9912 9913
f 9872 9871 9913
f 9872 9913 9914
f 9873 9872 9914
f 9873 9914 9915
f 9874 9873 9915
f 9874 9915 9916
f 9875 9874 9916
f 9875 9916 9917
f 9876 9875 9917
f 9876 9917 9918
f 9877 9876 9918
f 9877 9918 9919
f 9878 9877 9919
f 9878 9919 9920
f 9879 9878 9920
f 9879 9920 9921
f 9880 9879 9921
f 9880 9921 9922
f 9881 9880 9922
f 9881 9922 9923
f 9882 9881 9923
f 9882 9923 9924
f 9883 9882 9924
f 9883 9924 9925
f 9884 9883 9925
f 9884 9925 9926
f 9886 9885 9927
f 9886 9927 9928
f 9885 9887 9929
f 9885 9929 9927
f 9887 9888 9930
f 9887 9930 9929
f 9888 9889 9931
f 9888 9931 9930
f 9889 9890 9932
f 9889 9932 9931
f 9890 9891 9933
f 9890 9933 9932
f 9891 9892 9934
f 9891 9934 9933
f 9892 9893 9935
f 9892 9935 9934
f 9893 9894 9936
f 9893 9936 9935
f 9894 9895 9937
f 9894 9937 9936
f 9895 9896 9938
f 9895 9938 9937
f 9896 9897 9939
f 9896 9939 9938
f 9897 9898 9940
f 9897 9940 9939
f 9898 9899 9941
f 9898 9941 9940
f 9899 9900 9942
f 9899 9942 9941
f 9900 9901 9943
f 9900 9943 9942
f 9901 9902 9944
f 9901 9944 9943
f 9902 9903 9945
f 9902 9945 9944
f 9903 9904 9946
f 9903 9946 9945
f 9904 9905 9947
f 9904 9947 9946
f 9907 9906 9948
f 9907 9948 9949
f 9908 9907 9949
f 9908 9949 9950
f 9909 9908 9950
f 9909 9950 9951
f 9910 9909 9951
f 9910 9951 9952
f 9911 9910 9952
f 9911 9952 9953
f 9912 9911 9953
f 9912 9953 9954
f 9913 9912 9954
f 9913 9954 9955
f 9914 9913 9955
f 9914 9955 9956
f 9915 9914 9956
f 9915 9956 9957
f 9916 9915 9957
f 9916 9957 9958
f 9917 9916 9958
f 9917 9958 9959
f 9960 9926 9961
f 9960 9961 9962
f 9928 9927 9963
f 9928 9963 9964
f 9927 9929 9965
f 9927 9965 9963
f 9929 9930 9966
f 9929 9966 9965
f 9930 9931 9967
f 9930 9967 9966
f 9931 9932 9968
f 9931 9968 9967
f 9932 9933 9969
f 9932 9969 9968
f 9933 9934 9970
f 9933 9970 9969
f 9934 9935 9971
f 9934 9971 9970
f 9935 9936 9972
f 9935 9972 9971
f 9936 9937 9973
f 9936 9973 9972
f 9937 9938 9974
f 9937 9974 9973
f 9947 9975 9976
f 9947 9976 9977
f 9949 9948 9978
f 9949 9978 9979
f 9950 9949 9979
f 9950 9979 9980
f 9951 9950 9980
f 9951 9980 9981
f 9952 9951 9981
f 9952 9981 9982
f 9953 9952 9982
f 9953 9982 9983
f 9954 9953 9983
f 9954 9983 9984
f 9955 9954 9984
f 9955 9984 9985
f 9956 9955 9985
f 9956 9985 9986
f 9957 9956 9986
f 9957 9986 9987
f 9958 9957 9987
f 9958 9987 9988
f 9959 9958 9988
f 9959 9988 9989
f 9962 9961 9990
f 9962 9990 9991
f 9964 9963 9624
f 9964 9624 9626
f 9963 9965 9622
f 9963 9622 9624
f 9965 9966 9620
f 9965 9620 9622
f 9966 9967 9618
f 9966 9618 9620
f 9967 9968 9616
f 9967 9616 9618
f 9968 9969 9614
f 9968 9614 9616
f 9969 9970 9612
f 9969 9612 9614
f 9970 9971 9610
f 9970 9610 9612
f 9971 9972 9608
f 9971 9608 9610
f 9972 9973 9604
f 9972 9604 9608
f 9973 9974 9605
f 9973 9605 9604
f 9992 9993 9994
f 9992 9994 9995
f 9979 9978 9996
f 9979 9996 9997
f 9980 9979 9997
f 9980 9997 9998
f 9981 9980 9998
f 9981 9998 9999
f 9982 9981 9999
f 9982 9999 10000
f 9983 9982 10000
f 9983 10000 10001
f 9984 9983 10001
f 9984 10001 10002
f 9985 9984 10002
f 9985 10002 10003
f 9986 9985 10003
f 9986 10003 10004
f 9987 9986 10004
f 9987 10004 10005
f 9988 9987 10005
f 9988 10005 10006
f 9989 9988 10006
f 9989 10006 10007
f 10008 10009 10010
f 10008 10010 10011
f 9947 9977 10012
f 9947 10012 9946
f 9961 9926 9925
f 9961 9925 10013
f 10014 9992 9995
f 10014 9995 10015
f 10016 9990 9961
f 10016 9961 10013
f 10017 10018 10019
f 10017 10019 10020
f 10021 10010 10009
f 10021 10009 10022
f 9946 10012 10023
f 9946 10023 9945
f 10013 9925 9924
f 10013 9924 10024
f 10025 10014 10015
f 10025 10015 10026
f 10027 10016 10013
f 10027 10013 10024
f 10028 10017 10020
f 10028 10020 10029
f 10030 10021 10022
f 10030 10022 10031
f 9945 10023 10032
f 9945 10032 9944
f 10024 9924 9923
f 10024 9923 10033
f 10034 10025 10026
f 10034 10026 10035
f 10036 10027 10024
f 10036 10024 10033
f 10037 10028 10029
f 10037 10029 10038
f 10039 10030 10031
f 10039 10031 10040
f 9944 10032 10041
f 9944 10041 9943
f 10033 9923 9922
f 10033 9922 10042
f 10043 10037 10038
f 10043 10038 10044
f 10045 10039 10040
f 10045 10040 10046
f 9941 10047 10048
f 9941 10048 9940
f 10049 9920 9919
f 10049 9919 10050
f 9940 10048 10051
f 9940 10051 9939
f 10050 9919 9918
f 10050 9918 10052
f 9939 10051 9974
f 9939 9974 9938
f 10052 9918 9917
f 10052 9917 9959
f 9609 10053 10054
f 9609 10054 9611
f 10055 10005 10004
f 10055 10004 10056
f 9611 10054 10057
f 9611 10057 9613
f 10056 10004 10003
f 10056 10003 10058
f 9613 10057 10059
f 9613 10059 9615
f 10058 10003 10002
f 10058 10002 10060
f 9615 10059 10061
f 9615 10061 9617
f 10060 10002 10001
f 10060 10001 10062
f 8775 8774 10063
f 8775 10063 10064
f 8773 8772 9843
f 8773 9843 10065
f 8774 8773 10065
f 8774 10065 10063
f 8776 8775 10064
f 8776 10064 10066
f 8712 8711 10067
f 8712 10067 10068
f 8714 8713 10069
f 8714 10069 9836
f 8713 8712 10068
f 8713 10068 10069
f 8711 8710 10070
f 8711 10070 10067
f 10064 10063 10071
f 10064 10071 10072
f 10065 9843 9886
f 10065 9886 10073
f 10063 10065 10073
f 10063 10073 10071
f 10066 10064 10072
f 10066 10072 10074
f 10068 10067 10075
f 10068 10075 10076
f 9836 10069 10077
f 9836 10077 9864
f 10069 10068 10076
f 10069 10076 10077
f 10067 10070 10078
f 10067 10078 10075
f 10035 10079 10080
f 10035 10080 10034
f 10081 10036 10033
f 10081 10033 10042
f 10048 10047 10082
f 10048 10082 10083
f 10049 10050 10084
f 10049 10084 10085
f 10051 10048 10083
f 10051 10083 10086
f 10050 10052 10087
f 10050 10087 10084
f 9974 10051 10086
f 9974 10086 9605
f 10052 9959 9989
f 10052 9989 10087
f 10083 10082 10088
f 10083 10088 10089
f 10085 10084 10090
f 10085 10090 10091
f 10086 10083 10089
f 10086 10089 10092
f 10084 10087 10093
f 10084 10093 10090
f 9605 10086 10092
f 9605 10092 9606
f 10087 9989 10007
f 10087 10007 10093
f 10094 10095 10096
f 10094 10096 10097
f 10098 10099 10100
f 10098 10100 10101
f 10102 10103 10104
f 10102 10104 10105
f 10103 10106 10107
f 10103 10107 10104
f 10095 10094 10102
f 10095 10102 10105
f 10108 10097 10096
f 10108 10096 10109
f 10100 10110 10111
f 10100 10111 10101
f 10112 10108 10109
f 10112 10109 10113
f 10110 10114 10115
f 10110 10115 10111
f 10053 10112 10113
f 10053 10113 10054
f 10114 10055 10056
f 10114 10056 10115
f 10096 10095 10116
f 10096 10116 10117
f 10118 10098 10101
f 10118 10101 10119
f 10104 10120 10121
f 10104 10121 10105
f 10107 10122 10120
f 10107 10120 10104
f 10116 10095 10105
f 10116 10105 10121
f 10109 10096 10117
f 10109 10117 10123
f 10101 10111 10124
f 10101 10124 10119
f 10113 10109 10123
f 10113 10123 10125
f 10111 10115 10126
f 10111 10126 10124
f 10054 10113 10125
f 10054 10125 10057
f 10115 10056 10058
f 10115 10058 10126
f 10117 10116 10127
f 10117 10127 10128
f 10129 10118 10119
f 10129 10119 10130
f 10120 10131 10132
f 10120 10132 10121
f 10122 10133 10131
f 10122 10131 10120
f 10127 10116 10121
f 10127 10121 10132
f 10123 10117 10128
f 10123 10128 10134
f 10119 10124 10135
f 10119 10135 10130
f 10125 10123 10134
f 10125 10134 10136
f 10124 10126 10137
f 10124 10137 10135
f 10057 10125 10136
f 10057 10136 10059
f 10126 10058 10060
f 10126 10060 10137
f 10128 10127 10138
f 10128 10138 10139
f 10140 10129 10130
f 10140 10130 10141
f 10131 10142 10143
f 10131 10143 10132
f 10133 10144 10142
f 10133 10142 10131
f 10138 10127 10132
f 10138 10132 10143
f 10134 10128 10139
f 10134 10139 10145
f 10130 10135 10146
f 10130 10146 10141
f 10136 10134 10145
f 10136 10145 10147
f 10135 10137 10148
f 10135 10148 10146
f 10059 10136 10147
f 10059 10147 10061
f 10137 10060 10062
f 10137 10062 10148
f 9617 10061 10149
f 9617 10149 9619
f 10062 10001 10000
f 10062 10000 10150
f 10139 10138 10151
f 10139 10151 10152
f 10153 10140 10141
f 10153 10141 10154
f 10142 10155 10156
f 10142 10156 10143
f 10144 10157 10155
f 10144 10155 10142
f 10151 10138 10143
f 10151 10143 10156
f 10145 10139 10152
f 10145 10152 10158
f 10141 10146 10159
f 10141 10159 10154
f 10147 10145 10158
f 10147 10158 10160
f 10146 10148 10161
f 10146 10161 10159
f 10061 10147 10160
f 10061 10160 10149
f 10148 10062 10150
f 10148 10150 10161
f 9619 10149 10162
f 9619 10162 9621
f 10150 10000 9999
f 10150 9999 10163
f 10152 10151 10164
f 10152 10164 10165
f 10166 10153 10154
f 10166 10154 10167
f 10155 10168 10169
f 10155 10169 10156
f 10157 10170 10168
f 10157 10168 10155
f 10164 10151 10156
f 10164 10156 10169
f 10158 10152 10165
f 10158 10165 10171
f 10154 10159 10172
f 10154 10172 10167
f 10160 10158 10171
f 10160 10171 10173
f 10159 10161 10174
f 10159 10174 10172
f 10149 10160 10173
f 10149 10173 10162
f 10161 10150 10163
f 10161 10163 10174
f 9621 10162 10175
f 9621 10175 9623
f 10163 9999 9998
f 10163 9998 10176
f 10165 10164 10177
f 10165 10177 10178
f 10179 10166 10167
f 10179 10167 10180
f 10168 10181 10182
f 10168 10182 10169
f 10170 10183 10181
f 10170 10181 10168
f 10177 10164 10169
f 10177 10169 10182
f 10171 10165 10178
f 10171 10178 10184
f 10167 10172 10185
f 10167 10185 10180
f 10173 10171 10184
f 10173 10184 10186
f 10172 10174 10187
f 10172 10187 10185
f 10162 10173 10186
f 10162 10186 10175
f 10174 10163 10176
f 10174 10176 10187
f 9623 10175 10188
f 9623 10188 9625
f 10176 9998 9997
f 10176 9997 10189
f 10178 10177 10190
f 10178 10190 10191
f 10192 10179 10180
f 10192 10180 10193
f 10181 10194 10195
f 10181 10195 10182
f 10183 10196 10194
f 10183 10194 10181
f 10190 10177 10182
f 10190 10182 10195
f 10184 10178 10191
f 10184 10191 10197
f 10180 10185 10198
f 10180 10198 10193
f 10186 10184 10197
f 10186 10197 10199
f 10185 10187 10200
f 10185 10200 10198
f 10175 10186 10199
f 10175 10199 10188
f 10187 10176 10189
f 10187 10189 10200
f 9625 10188 10201
f 9625 10201 9627
f 10189 9997 9996
f 10189 9996 10202
f 10191 10190 10203
f 10191 10203 10204
f 10205 10192 10193
f 10205 10193 10206
f 10194 10207 10208
f 10194 10208 10195
f 10196 10209 10207
f 10196 10207 10194
f 10203 10190 10195
f 10203 10195 10208
f 10197 10191 10204
f 10197 10204 10210
f 10193 10198 10211
f 10193 10211 10206
f 10199 10197 10210
f 10199 10210 10212
f 10198 10200 10213
f 10198 10213 10211
f 10188 10199 10212
f 10188 10212 10201
f 10200 10189 10202
f 10200 10202 10213
f 9626 9627 10214
f 9626 10214 10215
f 9886 9928 10216
f 9886 10216 10073
f 9928 9964 10217
f 9928 10217 10216
f 9964 9626 10215
f 9964 10215 10217
f 9627 10201 10218
f 9627 10218 10214
f 10204 10203 10219
f 10204 10219 10220
f 10209 10221 10222
f 10209 10222 10207
f 10219 10203 10208
f 10219 10208 10223
f 10210 10204 10220
f 10210 10220 10224
f 10212 10210 10224
f 10212 10224 10225
f 10201 10212 10225
f 10201 10225 10218
f 10207 10222 10223
f 10207 10223 10208
f 10226 10205 10206
f 10226 10206 10227
f 10211 10228 10227
f 10211 10227 10206
f 10213 10229 10228
f 10213 10228 10211
f 10202 10230 10229
f 10202 10229 10213
f 9996 10231 10230
f 9996 10230 10202
f 9978 10232 10231
f 9978 10231 9996
f 9948 10233 10232
f 9948 10232 9978
f 9906 10234 10233
f 9906 10233 9948
f 10234 9906 9864
f 10234 9864 10077
f 10231 10232 9653
f 10231 9653 9652
f 10230 10231 9652
f 10230 9652 9683
f 10229 10230 9683
f 10229 9683 9687
f 10228 10229 9687
f 10228 9687 9783
f 10227 10228 9783
f 10227 9783 9782
f 10226 10227 9782
f 10226 9782 9785
f 10221 9778 9568
f 10221 9568 10222
f 10222 9568 9567
f 10222 9567 10223
f 9575 10219 10223
f 9575 10223 9567
f 10220 10219 9575
f 10220 9575 9573
f 10224 10220 9573
f 10224 9573 9572
f 10225 10224 9572
f 10225 9572 9463
f 10218 10225 9463
f 10218 9463 9459
f 10214 10218 9459
f 10214 9459 9437
f 10215 10214 9437
f 10215 9437 9436
f 8776 10066 9632
f 8776 9632 8706
f 10070 8710 8708
f 10070 8708 9841
f 10066 10074 9631
f 10066 9631 9632
f 10078 10070 9841
f 10078 9841 9840
f 9435 9438 10235
f 9435 10235 10236
f 9438 9460 10237
f 9438 10237 10235
f 9460 9464 10238
f 9460 10238 10237
f 9569 10239 10240
f 9569 10240 9570
f 9571 9574 10241
f 9571 10241 10242
f 10241 9574 9576
f 10241 9576 10243
f 9464 9571 10242
f 9464 10242 10238
f 10243 9576 9570
f 10243 9570 10240
f 9651 9650 10244
f 9651 10244 10245
f 9682 9651 10245
f 9682 10245 10246
f 9686 9682 10246
f 9686 10246 10247
f 9779 10248 10239
f 9779 10239 9569
f 9781 9780 10249
f 9781 10249 10250
f 9784 9781 10250
f 9784 10250 10251
f 9780 9686 10247
f 9780 10247 10249
f 10234 10077 10076
f 10234 10076 10252
f 10233 10234 10252
f 10233 10252 10253
f 10232 10233 10253
f 10232 10253 9653
f 10217 10215 9436
f 10217 9436 10254
f 10216 10217 10254
f 10216 10254 10255
f 10073 10216 10255
f 10073 10255 10071
f 10252 10076 10075
f 10252 10075 10256
f 10253 10252 10256
f 10253 10256 10257
f 9653 10253 10257
f 9653 10257 9650
f 10254 9436 9435
f 10254 9435 10258
f 10255 10254 10258
f 10255 10258 10259
f 10071 10255 10259
f 10071 10259 10072
f 10256 10075 10078
f 10256 10078 10260
f 10257 10256 10260
f 10257 10260 10261
f 9650 10257 10261
f 9650 10261 10244
f 10258 9435 10236
f 10258 10236 10262
f 10259 10258 10262
f 10259 10262 10263
f 10072 10259 10263
f 10072 10263 10074
f 10235 10237 10264
f 10235 10264 10265
f 10246 10245 10266
f 10246 10266 10267
f 10236 10235 10265
f 10236 10265 10268
f 10245 10244 10269
f 10245 10269 10266
f 10260 10078 9840
f 10260 9840 10270
f 10261 10260 10270
f 10261 10270 10271
f 10244 10261 10271
f 10244 10271 10269
f 10262 10236 10268
f 10262 10268 10272
f 10263 10262 10272
f 10263 10272 10273
f 10074 10263 10273
f 10074 10273 9631
f 10265 10264 10274
f 10265 10274 10275
f 10267 10266 10276
f 10267 10276 10277
f 10268 10265 10275
f 10268 10275 10278
f 10266 10269 10279
f 10266 10279 10276
f 10270 9840 10280
f 10270 10280 10281
f 10271 10270 10281
f 10271 10281 10282
f 10269 10271 10282
f 10269 10282 10279
f 10272 10268 10278
f 10272 10278 10283
f 10273 10272 10283
f 10273 10283 10284
f 9631 10273 10284
f 9631 10284 10285
f 10275 10274 10286
f 10275 10286 10287
f 10276 10279 10288
f 10276 10288 10289
f 10281 10280 9806
f 10281 9806 10290
f 10282 10281 10290
f 10282 10290 10291
f 10279 10282 10291
f 10279 10291 10288
f 10283 10278 10292
f 10283 10292 10293
f 10284 10283 10293
f 10284 10293 10294
f 10284 10294 9597
f 10284 9597 10285
f 10275 10287 10292
f 10275 10292 10278
f 9594 9597 10294
f 9594 10294 10295
f 9602 9594 10295
f 9602 10295 10296
f 9603 9602 10296
f 9603 10296 10297
f 9420 9603 10297
f 9420 10297 10298
f 9421 9420 10298
f 9421 10298 10299
f 9465 9421 10299
f 9465 10299 10300
f 9471 9469 9465
f 9471 9465 10300
f 10290 9806 9805
f 10290 9805 10301
f 9805 9814 10302
f 9805 10302 10301
f 9814 9813 10303
f 9814 10303 10302
f 9813 9639 10304
f 9813 10304 10303
f 9639 9638 10305
f 9639 10305 10304
f 9638 9688 10306
f 9638 10306 10305
f 9688 9693 9694
f 9688 9694 10306
f 10237 10238 10307
f 10237 10307 10264
f 10239 10308 10309
f 10239 10309 10240
f 10242 10241 10310
f 10242 10310 10311
f 10310 10241 10243
f 10310 10243 10312
f 10238 10242 10311
f 10238 10311 10307
f 10312 10243 10240
f 10312 10240 10309
f 10247 10246 10267
f 10247 10267 10313
f 10248 10314 10308
f 10248 10308 10239
f 10250 10249 10315
f 10250 10315 10316
f 10251 10250 10316
f 10251 10316 10317
f 10249 10247 10313
f 10249 10313 10315
f 10264 10307 10318
f 10264 10318 10274
f 10308 10319 10320
f 10308 10320 10309
f 10311 10310 10321
f 10311 10321 10322
f 10321 10310 10312
f 10321 10312 10323
f 10307 10311 10322
f 10307 10322 10318
f 10323 10312 10309
f 10323 10309 10320
f 10313 10267 10277
f 10313 10277 10324
f 10314 10325 10319
f 10314 10319 10308
f 10316 10315 10326
f 10316 10326 10327
f 10317 10316 10327
f 10317 10327 10328
f 10315 10313 10324
f 10315 10324 10326
f 10274 10318 10329
f 10274 10329 10286
f 10319 10330 10331
f 10319 10331 10320
f 10322 10321 10332
f 10322 10332 10333
f 10332 10321 10323
f 10332 10323 10334
f 10318 10322 10333
f 10318 10333 10329
f 10334 10323 10320
f 10334 10320 10331
f 10276 10289 10335
f 10276 10335 10277
f 10277 10335 10336
f 10277 10336 10324
f 10325 10337 10330
f 10325 10330 10319
f 10326 10338 10339
f 10326 10339 10327
f 10328 10327 10339
f 10328 10339 10340
f 10324 10336 10338
f 10324 10338 10326
f 10291 10290 10301
f 10291 10301 10341
f 10288 10291 10341
f 10288 10341 10342
f 10289 10288 10342
f 10289 10342 10343
f 10335 10289 10343
f 10335 10343 10344
f 10336 10335 10344
f 10336 10344 10345
f 10338 10336 10345
f 10338 10345 10346
f 10339 10338 10346
f 10339 10346 10347
f 10340 10339 10347
f 10340 10347 10348
f 10337 10349 10350
f 10337 10350 10330
f 10330 10350 10351
f 10330 10351 10331
f 10352 10334 10331
f 10352 10331 10351
f 10332 10334 10352
f 10332 10352 10353
f 10333 10332 10353
f 10333 10353 10354
f 10329 10333 10354
f 10329 10354 10355
f 10286 10329 10355
f 10286 10355 10356
f 10287 10286 10356
f 10287 10356 10357
f 10292 10287 10357
f 10292 10357 10358
f 10293 10292 10358
f 10293 10358 10359
f 10294 10293 10359
f 10294 10359 10295
f 10341 10301 10302
f 10341 10302 10360
f 10342 10341 10360
f 10342 10360 10361
f 10343 10342 10361
f 10343 10361 10362
f 10344 10343 10362
f 10344 10362 10363
f 10345 10344 10363
f 10345 10363 10364
f 10346 10345 10364
f 10346 10364 10365
f 10347 10346 10365
f 10347 10365 10366
f 10348 10347 10366
f 10348 10366 10367
f 10349 10368 10369
f 10349 10369 10350
f 10350 10369 10370
f 10350 10370 10351
f 10371 10352 10351
f 10371 10351 10370
f 10353 10352 10371
f 10353 10371 10372
f 10354 10353 10372
f 10354 10372 10373
f 10355 10354 10373
f 10355 10373 10374
f 10356 10355 10374
f 10356 10374 10375
f 10357 10356 10375
f 10357 10375 10376
f 10358 10357 10376
f 10358 10376 10377
f 10359 10358 10377
f 10359 10377 10378
f 10295 10359 10378
f 10295 10378 10296
f 10360 10302 10303
f 10360 10303 10379
f 10361 10360 10379
f 10361 10379 10380
f 10362 10361 10380
f 10362 10380 10381
f 10363 10362 10381
f 10363 10381 10382
f 10364 10363 10382
f 10364 10382 10383
f 10365 10364 10383
f 10365 10383 10384
f 10366 10365 10384
f 10366 10384 10385
f 10367 10366 10385
f 10367 10385 10386
f 10368 10387 10388
f 10368 10388 10369
f 10369 10388 10389
f 10369 10389 10370
f 10390 10371 10370
f 10390 10370 10389
f 10372 10371 10390
f 10372 10390 10391
f 10373 10372 10391
f 10373 10391 10392
f 10374 10373 10392
f 10374 10392 10393
f 10375 10374 10393
f 10375 10393 10394
f 10376 10375 10394
f 10376 10394 10395
f 10377 10376 10395
f 10377 10395 10396
f 10378 10377 10396
f 10378 10396 10397
f 10296 10378 10397
f 10296 10397 10297
f 10379 10303 10304
f 10379 10304 10398
f 10380 10379 10398
f 10380 10398 10399
f 10381 10380 10399
f 10381 10399 10400
f 10382 10381 10400
f 10382 10400 10401
f 10383 10382 10401
f 10383 10401 10402
f 10384 10383 10402
f 10384 10402 10403
f 10385 10384 10403
f 10385 10403 10404
f 10386 10385 10404
f 10386 10404 10405
f 10387 10406 10407
f 10387 10407 10388
f 10388 10407 10408
f 10388 10408 10389
f 10409 10390 10389
f 10409 10389 10408
f 10391 10390 10409
f 10391 10409 10410
f 10392 10391 10410
f 10392 10410 10411
f 10393 10392 10411
f 10393 10411 10412
f 10394 10393 10412
f 10394 10412 10413
f 10395 10394 10413
f 10395 10413 10414
f 10396 10395 10414
f 10396 10414 10415
f 10397 10396 10415
f 10397 10415 10416
f 10297 10397 10416
f 10297 10416 10298
f 10398 10304 10305
f 10398 10305 10417
f 10399 10398 10417
f 10399 10417 10418
f 10400 10399 10418
f 10400 10418 10419
f 10401 10400 10419
f 10401 10419 10420
f 10402 10401 10420
f 10402 10420 10421
f 10403 10402 10421
f 10403 10421 10422
f 10404 10403 10422
f 10404 10422 10423
f 10405 10404 10423
f 10405 10423 10424
f 10406 10425 10426
f 10406 10426 10407
f 10407 10426 10427
f 10407 10427 10408
f 10428 10409 10408
f 10428 10408 10427
f 10410 10409 10428
f 10410 10428 10429
f 10411 10410 10429
f 10411 10429 10430
f 10412 10411 10430
f 10412 10430 10431
f 10413 10412 10431
f 10413 10431 10432
f 10414 10413 10432
f 10414 10432 10433
f 10415 10414 10433
f 10415 10433 10434
f 10416 10415 10434
f 10416 10434 10435
f 10298 10416 10435
f 10298 10435 10299
f 10417 10305 10306
f 10417 10306 10436
f 10418 10417 10436
f 10418 10436 10437
f 10419 10418 10437
f 10419 10437 10438
f 10420 10419 10438
f 10420 10438 10439
f 10421 10420 10439
f 10421 10439 10440
f 10422 10421 10440
f 10422 10440 10441
f 10423 10422 10441
f 10423 10441 10442
f 10424 10423 10442
f 10424 10442 10443
f 10425 10444 10445
f 10425 10445 10426
f 10426 10445 10446
f 10426 10446 10427
f 10447 10428 10427
f 10447 10427 10446
f 10429 10428 10447
f 10429 10447 10448
f 10430 10429 10448
f 10430 10448 10449
f 10431 10430 10449
f 10431 10449 10450
f 10432 10431 10450
f 10432 10450 10451
f 10433 10432 10451
f 10433 10451 10452
f 10434 10433 10452
f 10434 10452 10453
f 10435 10434 10453
f 10435 10453 10454
f 10299 10435 10454
f 10299 10454 10300
f 10436 10306 9694
f 10436 9694 9697
f 10437 10436 9697
f 10437 9697 9699
f 10438 10437 9699
f 10438 9699 9706
f 10439 10438 9706
f 10439 9706 9656
f 10440 10439 9656
f 10440 9656 9655
f 10441 10440 9655
f 10441 9655 9685
f 10442 10441 9685
f 10442 9685 9776
f 10443 10442 9776
f 10443 9776 9775
f 10444 9786 9560
f 10444 9560 10445
f 10445 9560 9559
f 10445 9559 10446
f 9564 10447 10446
f 9564 10446 9559
f 10448 10447 9564
f 10448 9564 9566
f 10449 10448 9566
f 10449 9566 9462
f 10450 10449 9462
f 10450 9462 9442
f 10451 10450 9442
f 10451 9442 9441
f 10452 10451 9441
f 10452 9441 9486
f 10453 10452 9486
f 10453 9486 9476
f 10454 10453 9476
f 10454 9476 9472
f 10300 10454 9472
f 10300 9472 9471
f 9806 10280 9708
f 9806 9708 9807
f 10285 9597 9596
f 10285 9596 9489
f 10280 9840 9709
f 10280 9709 9708
f 9631 10285 9489
f 9631 9489 9490
f 8736 8735 9824
f 8736 9824 10455
f 9863 8751 8750
f 9863 8750 10456
f 8737 8736 10455
f 8737 10455 10457
f 8750 8749 10458
f 8750 10458 10456
f 8738 8737 10457
f 8738 10457 10459
f 8749 8748 10460
f 8749 10460 10458
f 8739 8738 10459
f 8739 10459 10461
f 8748 8747 10462
f 8748 10462 10460
f 8744 8743 10463
f 8744 10463 10464
f 8740 8739 10461
f 8740 10461 10465
f 8747 8746 10466
f 8747 10466 10462
f 8741 8740 10465
f 8741 10465 10467
f 8746 8745 10468
f 8746 10468 10466
f 10468 8745 8744
f 10468 8744 10464
f 10469 8742 8741
f 10469 8741 10467
f 8743 8742 10469
f 8743 10469 10463
f 10455 9824 10470
f 10455 10470 9960
f 10471 9863 10456
f 10471 10456 9975
f 10457 10455 9960
f 10457 9960 9962
f 10456 10458 9976
f 10456 9976 9975
f 10459 10457 9962
f 10459 9962 9991
f 10458 10460 9993
f 10458 9993 9976
f 10461 10459 9991
f 10461 9991 10472
f 10460 10462 9994
f 10460 9994 9993
f 10464 10463 10473
f 10464 10473 10474
f 10465 10461 10472
f 10465 10472 10008
f 10462 10466 10475
f 10462 10475 9994
f 10467 10465 10008
f 10467 10008 10011
f 10466 10468 10476
f 10466 10476 10475
f 10474 10476 10468
f 10474 10468 10464
f 10011 10477 10469
f 10011 10469 10467
f 10463 10469 10477
f 10463 10477 10473
f 9824 9823 9884
f 9824 9884 10470
f 9862 9863 10471
f 9862 10471 9905
f 9960 10470 9884
f 9960 9884 9926
f 9947 9905 10471
f 9947 10471 9975
f 10034 10080 10041
f 10034 10041 10032
f 10023 10025 10034
f 10023 10034 10032
f 10012 10014 10025
f 10012 10025 10023
f 9977 9992 10014
f 9977 10014 10012
f 9976 9993 9992
f 9976 9992 9977
f 9713 9712 9717
f 9713 9717 9716
f 9712 9728 9726
f 9712 9726 9717
f 9728 9754 9755
f 9728 9755 9726
f 9754 9758 9759
f 9754 9759 9755
f 9758 9763 9764
f 9758 9764 9759
f 9763 9762 9765
f 9763 9765 9764
f 9762 9770 9771
f 9762 9771 9765
f 9770 9787 9774
f 9770 9774 9771
f 9787 9786 9775
f 9787 9775 9774
f 9786 10444 10443
f 9786 10443 9775
f 10444 10425 10424
f 10444 10424 10443
f 10425 10406 10405
f 10425 10405 10424
f 10406 10387 10386
f 10406 10386 10405
f 10387 10368 10367
f 10387 10367 10386
f 10368 10349 10348
f 10368 10348 10367
f 10349 10337 10340
f 10349 10340 10348
f 10337 10325 10328
f 10337 10328 10340
f 10325 10314 10317
f 10325 10317 10328
f 10314 10248 10251
f 10314 10251 10317
f 10248 9779 9784
f 10248 9784 10251
f 9779 9778 9785
f 9779 9785 9784
f 9778 10221 10226
f 9778 10226 9785
f 10221 10209 10205
f 10221 10205 10226
f 10209 10196 10192
f 10209 10192 10205
f 10196 10183 10179
f 10196 10179 10192
f 10183 10170 10166
f 10183 10166 10179
f 10170 10157 10153
f 10170 10153 10166
f 10157 10144 10140
f 10157 10140 10153
f 10144 10133 10129
f 10144 10129 10140
f 10133 10122 10118
f 10133 10118 10129
f 10122 10107 10098
f 10122 10098 10118
f 10107 10106 10099
f 10107 10099 10098
f 10046 10040 10478
f 10046 10478 10479
f 10031 10480 10478
f 10031 10478 10040
f 10022 10481 10480
f 10022 10480 10031
f 10009 10482 10481
f 10009 10481 10022
f 10472 10482 10009
f 10472 10009 10008
f 9995 9994 10475
f 9995 10475 10483
f 10015 9995 10483
f 10015 10483 10484
f 10026 10015 10484
f 10026 10484 10485
f 10035 10026 10485
f 10035 10485 10486
f 10486 10487 10079
f 10486 10079 10035
f 9991 9990 10482
f 9991 10482 10472
f 10481 10482 9990
f 10481 9990 10016
f 10480 10481 10016
f 10480 10016 10027
f 10478 10480 10027
f 10478 10027 10036
f 10479 10478 10036
f 10479 10036 10081
f 10488 10489 10490
f 10488 10490 10491
f 10492 10493 10489
f 10492 10489 10488
f 10494 10495 10493
f 10494 10493 10492
f 10496 10497 10495
f 10496 10495 10494
f 10486 10037 10043
f 10486 10043 10487
f 10485 10028 10037
f 10485 10037 10486
f 10484 10017 10028
f 10484 10028 10485
f 10483 10018 10017
f 10483 10017 10484
f 10475 10476 10018
f 10475 10018 10483
f 10020 10019 10496
f 10020 10496 10494
f 10029 10020 10494
f 10029 10494 10492
f 10038 10029 10492
f 10038 10492 10488
f 10044 10038 10488
f 10044 10488 10491
f 10495 10497 10010
f 10495 10010 10021
f 10493 10495 10021
f 10493 10021 10030
f 10489 10493 10030
f 10489 10030 10039
f 10490 10489 10039
f 10490 10039 10045
f 9943 10041 10498
f 9943 10498 9942
f 10042 9922 9921
f 10042 9921 10499
f 9942 10498 10047
f 9942 10047 9941
f 10499 9921 9920
f 10499 9920 10049
f 10082 10047 10498
f 10082 10498 10500
f 10049 10085 10501
f 10049 10501 10499
f 10500 10498 10041
f 10500 10041 10080
f 10499 10501 10081
f 10499 10081 10042
f 10479 10081 10501
f 10479 10501 10502
f 10080 10079 10503
f 10080 10503 10500
f 10088 10082 10500
f 10088 10500 10503
f 10085 10091 10502
f 10085 10502 10501
f 10079 10487 10504
f 10079 10504 10503
f 10046 10479 10502
f 10046 10502 10505
f 10503 10504 10506
f 10503 10506 10088
f 10505 10502 10091
f 10505 10091 10507
f 10088 10506 10508
f 10088 10508 10089
f 10507 10091 10090
f 10507 10090 10509
f 10089 10508 10510
f 10089 10510 10092
f 10509 10090 10093
f 10509 10093 10511
f 10092 10510 10512
f 10092 10512 9606
f 10511 10093 10007
f 10511 10007 10513
f 9606 10512 10514
f 9606 10514 9607
f 10513 10007 10006
f 10513 10006 10515
f 9607 10514 10053
f 9607 10053 9609
f 10515 10006 10005
f 10515 10005 10055
f 10044 10491 10516
f 10044 10516 10517
f 10491 10490 10518
f 10491 10518 10516
f 10490 10045 10519
f 10490 10519 10518
f 10043 10044 10517
f 10043 10517 10520
f 10518 10519 10521
f 10518 10521 10522
f 10516 10518 10522
f 10516 10522 10523
f 10517 10516 10523
f 10517 10523 10524
f 10520 10517 10524
f 10520 10524 10525
f 10043 10520 10504
f 10043 10504 10487
f 10519 10045 10046
f 10519 10046 10505
f 10100 10099 10526
f 10100 10526 10527
f 10528 10526 10099
f 10528 10099 10106
f 10529 10528 10106
f 10529 10106 10103
f 10530 10529 10103
f 10530 10103 10102
f 10531 10530 10102
f 10531 10102 10094
f 10532 10533 10534
f 10532 10534 10535
f 10536 10532 10535
f 10536 10535 10537
f 10538 10536 10537
f 10538 10537 10539
f 10540 10538 10539
f 10540 10539 10541
f 10542 10543 10544
f 10542 10544 10545
f 10546 10542 10545
f 10546 10545 10547
f 10548 10546 10547
f 10548 10547 10549
f 10550 10548 10549
f 10550 10549 10551
f 10094 10097 10552
f 10094 10552 10531
f 10097 10108 10553
f 10097 10553 10552
f 10110 10100 10527
f 10110 10527 10554
f 10108 10112 10555
f 10108 10555 10553
f 10114 10110 10554
f 10114 10554 10556
f 10112 10053 10514
f 10112 10514 10555
f 10055 10114 10556
f 10055 10556 10515
f 10506 10504 10520
f 10506 10520 10525
f 10505 10507 10521
f 10505 10521 10519
f 10546 10557 10558
f 10546 10558 10542
f 10548 10559 10557
f 10548 10557 10546
f 10542 10558 10560
f 10542 10560 10543
f 10550 10561 10559
f 10550 10559 10548
f 10562 10563 10538
f 10562 10538 10540
f 10563 10564 10536
f 10563 10536 10538
f 10564 10565 10532
f 10564 10532 10536
f 10565 10566 10533
f 10565 10533 10532
f 10551 10549 10563
f 10551 10563 10562
f 10549 10547 10564
f 10549 10564 10563
f 10547 10545 10565
f 10547 10565 10564
f 10545 10544 10566
f 10545 10566 10565
f 10559 10561 10525
f 10559 10525 10524
f 10557 10559 10524
f 10557 10524 10523
f 10558 10557 10523
f 10558 10523 10522
f 10560 10558 10522
f 10560 10522 10521
f 10562 10540 10541
f 10562 10541 10567
f 10533 10566 10568
f 10533 10568 10534
f 10567 10569 10551
f 10567 10551 10562
f 10570 10568 10566
f 10570 10566 10544
f 10569 10571 10550
f 10569 10550 10551
f 10572 10570 10544
f 10572 10544 10543
f 10556 10554 10570
f 10556 10570 10572
f 10554 10527 10568
f 10554 10568 10570
f 10568 10527 10526
f 10568 10526 10534
f 10535 10534 10526
f 10535 10526 10528
f 10537 10535 10528
f 10537 10528 10529
f 10539 10537 10529
f 10539 10529 10530
f 10541 10539 10530
f 10541 10530 10531
f 10541 10531 10552
f 10541 10552 10567
f 10552 10553 10569
f 10552 10569 10567
f 10553 10555 10571
f 10553 10571 10569
f 10571 10555 10514
f 10571 10514 10512
f 10556 10572 10513
f 10556 10513 10515
f 10572 10543 10511
f 10572 10511 10513
f 10550 10571 10512
f 10550 10512 10510
f 10525 10561 10508
f 10525 10508 10506
f 10560 10521 10507
f 10560 10507 10509
f 10561 10550 10510
f 10561 10510 10508
f 10543 10560 10509
f 10543 10509 10511
f 10010 10497 10477
f 10010 10477 10011
f 10019 10018 10476
f 10019 10476 10474
f 10473 10477 10497
f 10473 10497 10496
f 10474 10473 10496
f 10474 10496 10019
f 10573 10574 9681
f 10573 9681 9788
f 10575 9838 8437
f 10575 8437 8436
f 10576 6803 6804
f 10576 6804 6888
f 10577 10578 6928
f 10577 6928 6927
f 9791 10579 10573
f 9791 10573 9788
f 6734 10580 10581
f 6734 10581 6735
f 6735 10581 10582
f 6735 10582 6743
f 6743 10582 10583
f 6743 10583 6769
f 10584 10585 9661
f 10584 9661 9660
f 9666 10586 10587
f 9666 10587 9691
f 10588 10589 6820
f 10588 6820 6819
f 10590 10591 9665
f 10590 9665 9664
f 10592 10586 9666
f 10592 9666 9669
f 10593 10594 6849
f 10593 6849 6848
f 6849 10594 10595
f 6849 10595 6877
f 6924 10596 10597
f 6924 10597 6921
f 6769 10583 10598
f 6769 10598 6794
f 6794 10598 10599
f 6794 10599 6795
f 7323 7327 10600
f 7323 10600 7324
f 7324 10600 10580
f 7324 10580 6734
f 7431 9230 9681
f 7431 9681 10574
f 6912 6911 10601
f 6912 10601 10602
f 10603 10579 9791
f 10603 9791 9793
f 10604 10603 9793
f 10604 9793 9795
f 10605 10606 9796
f 10605 9796 9799
f 10606 10604 9795
f 10606 9795 9796
f 9801 9800 10607
f 9801 10607 10608
f 9812 10609 10610
f 9812 10610 9811
f 10587 10607 9800
f 10587 9800 9691
f 6820 10589 10593
f 6820 10593 6848
f 10595 10601 6911
f 10595 6911 6877
f 9665 10591 10592
f 9665 10592 9669
f 10602 10596 6924
f 10602 6924 6912
f 10610 10590 9664
f 10610 9664 9811
f 9799 9801 10608
f 9799 10608 10605
f 6819 6795 10599
f 6819 10599 10588
f 10585 10609 9812
f 10585 9812 9661
f 6921 10597 10577
f 6921 10577 6927
f 10578 10576 6888
f 10578 6888 6928
f 10575 10584 9660
f 10575 9660 9838
f 10600 7327 7431
f 10600 7431 10574
f 10580 10600 10574
f 10580 10574 10573
f 10581 10580 10573
f 10581 10573 10579
f 10582 10581 10579
f 10582 10579 10603
f 10583 10582 10603
f 10583 10603 10604
f 10598 10583 10604
f 10598 10604 10606
f 10599 10598 10606
f 10599 10606 10605
f 10588 10599 10605
f 10588 10605 10608
f 10607 10589 10588
f 10607 10588 10608
f 10593 10589 10607
f 10593 10607 10587
f 10587 10586 10594
f 10587 10594 10593
f 10595 10594 10586
f 10595 10586 10592
f 10592 10591 10601
f 10592 10601 10595
f 10602 10601 10591
f 10602 10591 10590
f 10610 10596 10602
f 10610 10602 10590
f 10597 10596 10610
f 10597 10610 10609
f 10577 10597 10609
f 10577 10609 10585
f 10585 10584 10578
f 10585 10578 10577
f 10584 10575 10576
f 10584 10576 10578
f 8436 6803 10576
f 8436 10576 10575
f 10611 9577 9458
f 10611 9458 10612
f 10613 8163 8166
f 10613 8166 9628
f 8163 10613 10614
f 8163 10614 8154
f 10615 10616 10617
f 10615 10617 10618
f 9578 9577 10611
f 9578 10611 10619
f 10620 10621 10619
f 10620 10619 10611
f 10621 10622 10623
f 10621 10623 10619
f 10622 10624 10625
f 10622 10625 10623
f 10618 9445 9444
f 10618 9444 10615
f 9451 9468 10626
f 9451 10626 10627
f 10628 10629 10630
f 10628 10630 10631
f 10632 9449 9448
f 10632 9448 10633
f 10634 9452 9451
f 10634 9451 10627
f 10626 10635 10636
f 10626 10636 10627
f 10636 10637 10634
f 10636 10634 10627
f 10638 10639 10640
f 10638 10640 10641
f 10624 10642 10643
f 10624 10643 10625
f 10642 10644 10645
f 10642 10645 10643
f 8056 10646 10612
f 8056 10612 8057
f 10646 10620 10611
f 10646 10611 10612
f 8057 10612 9458
f 8057 9458 8907
f 10647 10648 10632
f 10647 10632 10633
f 10623 9581 9578
f 10623 9578 10619
f 10625 9583 9581
f 10625 9581 10623
f 10645 9586 9585
f 10645 9585 10643
f 10643 9585 9583
f 10643 9583 10625
f 9589 10629 10628
f 9589 10628 9590
f 9601 9600 10641
f 9601 10641 10640
f 10626 9468 9590
f 10626 9590 10628
f 10631 10635 10626
f 10631 10626 10628
f 10634 10637 10647
f 10634 10647 10633
f 9448 9452 10634
f 9448 10634 10633
f 10641 10632 10648
f 10641 10648 10638
f 10641 9600 9449
f 10641 9449 10632
f 9586 10645 10629
f 9586 10629 9589
f 10644 10630 10629
f 10644 10629 10645
f 10615 9444 9601
f 10615 9601 10640
f 10639 10616 10615
f 10639 10615 10640
f 10618 10617 10614
f 10618 10614 10613
f 10613 9628 9445
f 10613 9445 10618
f 8050 8051 10646
f 8050 10646 8056
f 8051 7461 10620
f 8051 10620 10646
f 7461 7464 10621
f 7461 10621 10620
f 7464 7470 10622
f 7464 10622 10621
f 7470 7493 10624
f 7470 10624 10622
f 7493 7513 10642
f 7493 10642 10624
f 7513 7516 10644
f 7513 10644 10642
f 7536 10630 10644
f 7536 10644 7516
f 10631 10630 7536
f 10631 7536 7539
f 7539 7565 10635
f 7539 10635 10631
f 10636 10635 7565
f 10636 7565 7568
f 7568 7596 10637
f 7568 10637 10636
f 10647 10637 7596
f 10647 7596 7630
f 7629 10648 10647
f 7629 10647 7630
f 10638 10648 7629
f 10638 7629 7641
f 7641 7640 10639
f 7641 10639 10638
f 7640 7646 10616
f 7640 10616 10639
f 10617 10616 7646
f 10617 7646 7645
f 10614 10617 7645
f 10614 7645 7606
f 8154 10614 7606
f 8154 7606 7575
f 10649 10650 10651
f 10649 10651 10652
f 10653 10654 10650
f 10653 10650 10655
f 10650 10649 10656
f 10650 10656 10655
f 10657 10658 10659
f 10657 10659 10660
f 10660 10659 10661
f 10660 10661 10662
f 10654 10663 10651
f 10654 10651 10650
f 10664 10659 10658
f 10664 10658 10665
f 10666 10667 10668
f 10666 10668 10669
f 10668 10670 10671
f 10668 10671 10669
f 10672 10673 10674
f 10672 10674 10675
f 10676 10677 10678
f 10676 10678 10679
f 10652 10651 10680
f 10652 10680 10681
f 10663 10682 10680
f 10663 10680 10651
f 10683 10684 10685
f 10683 10685 10686
f 10684 10687 10688
f 10684 10688 10685
f 10687 10689 10690
f 10687 10690 10688
f 10668 10691 10692
f 10668 10692 10670
f 10691 10668 10667
f 10691 10667 10693
f 10687 10684 10694
f 10687 10694 10695
f 10689 10687 10695
f 10689 10695 10696
f 10697 10698 10699
f 10697 10699 10700
f 10698 10697 10701
f 10698 10701 10702
f 10703 10704 10705
f 10703 10705 10706
f 10706 10705 10707
f 10706 10707 10708
f 10698 10702 10709
f 10698 10709 10710
f 10711 10712 10704
f 10711 10704 10713
f 10712 10714 10705
f 10712 10705 10704
f 10714 10715 10707
f 10714 10707 10705
f 10716 10717 10718
f 10716 10718 10719
f 10720 10721 10662
f 10720 10662 10661
f 10722 10723 10720
f 10722 10720 10661
f 10670 10724 10725
f 10670 10725 10671
f 10726 10727 10728
f 10726 10728 10699
f 10729 10730 10731
f 10729 10731 10732
f 10733 10734 10735
f 10733 10735 10736
f 10737 10711 10713
f 10737 10713 10738
f 10691 10697 10700
f 10691 10700 10692
f 10701 10697 10691
f 10701 10691 10693
f 10739 10740 10741
f 10739 10741 10731
f 10742 10743 10744
f 10742 10744 10745
f 10746 10747 10748
f 10746 10748 10749
f 10750 10653 10655
f 10750 10655 10751
f 10752 10753 10754
f 10752 10754 10755
f 10756 10752 10755
f 10756 10755 10757
f 10758 10759 10760
f 10758 10760 10761
f 10762 10763 10764
f 10762 10764 10765
f 10759 10766 10767
f 10759 10767 10760
f 10768 10683 10686
f 10768 10686 10769
f 10752 10756 10770
f 10752 10770 10771
f 10759 10758 10772
f 10759 10772 10773
f 10766 10759 10773
f 10766 10773 10774
f 10684 10683 10775
f 10684 10775 10694
f 10771 10770 10776
f 10771 10776 10777
f 10773 10772 10778
f 10773 10778 10779
f 10774 10773 10779
f 10774 10779 10780
f 10694 10775 10781
f 10694 10781 10703
f 10776 10782 10675
f 10776 10675 10777
f 10778 10679 10678
f 10778 10678 10779
f 10779 10678 10783
f 10779 10783 10780
f 10703 10781 10713
f 10703 10713 10704
f 10784 10674 10679
f 10784 10679 10778
f 10772 10785 10784
f 10772 10784 10778
f 10758 10753 10785
f 10758 10785 10772
f 10753 10758 10761
f 10753 10761 10754
f 10673 10676 10679
f 10673 10679 10674
f 10740 10746 10749
f 10740 10749 10741
f 10732 10731 10741
f 10732 10741 10786
f 10753 10752 10771
f 10753 10771 10785
f 10785 10771 10777
f 10785 10777 10784
f 10777 10675 10674
f 10777 10674 10784
f 10730 10729 10787
f 10730 10787 10788
f 10789 10790 10730
f 10789 10730 10788
f 10791 10756 10757
f 10791 10757 10792
f 10770 10793 10794
f 10770 10794 10776
f 10794 10795 10782
f 10794 10782 10776
f 10788 10787 10796
f 10788 10796 10797
f 10788 10797 10798
f 10788 10798 10789
f 10791 10792 10799
f 10791 10799 10800
f 10795 10794 10801
f 10795 10801 10802
f 10800 10799 10803
f 10800 10803 10804
f 10802 10801 10805
f 10802 10805 10806
f 10802 10806 10807
f 10802 10807 10808
f 10804 10803 10809
f 10804 10809 10810
f 10806 10805 10811
f 10806 10811 10812
f 10813 10807 10806
f 10813 10806 10812
f 10810 10809 10814
f 10810 10814 10815
f 10812 10811 10816
f 10812 10816 10817
f 10818 10813 10812
f 10818 10812 10817
f 10814 10819 10820
f 10814 10820 10815
f 10817 10816 10821
f 10817 10821 10822
f 10818 10817 10822
f 10818 10822 10823
f 10655 10656 10824
f 10655 10824 10751
f 10786 10741 10749
f 10786 10749 10825
f 10825 10749 10748
f 10825 10748 10826
f 10826 10748 10827
f 10826 10827 10828
f 10747 10829 10827
f 10747 10827 10748
f 10677 10830 10783
f 10677 10783 10678
f 10744 10831 10832
f 10744 10832 10745
f 10790 10739 10731
f 10790 10731 10730
f 10683 10768 10833
f 10683 10833 10775
f 10775 10833 10834
f 10775 10834 10781
f 10781 10834 10738
f 10781 10738 10713
f 10835 10836 10831
f 10835 10831 10744
f 10743 10837 10835
f 10743 10835 10744
f 10763 10838 10839
f 10763 10839 10764
f 10734 10840 10841
f 10734 10841 10735
f 10838 10763 10842
f 10838 10842 10843
f 10843 10842 10844
f 10843 10844 10845
f 10845 10844 10735
f 10845 10735 10841
f 10797 10796 10846
f 10797 10846 10847
f 10820 10819 10848
f 10820 10848 10849
f 10821 10850 10851
f 10821 10851 10822
f 10851 10852 10823
f 10851 10823 10822
f 10853 10854 10855
f 10853 10855 10856
f 10849 10848 10857
f 10849 10857 10858
f 10756 10791 10793
f 10756 10793 10770
f 10845 10841 10738
f 10845 10738 10834
f 10843 10845 10834
f 10843 10834 10833
f 10838 10843 10833
f 10838 10833 10768
f 10838 10768 10769
f 10838 10769 10839
f 10836 10835 10751
f 10836 10751 10824
f 10854 10853 10721
f 10854 10721 10720
f 10723 10859 10854
f 10723 10854 10720
f 10724 10716 10719
f 10724 10719 10725
f 10727 10860 10861
f 10727 10861 10728
f 10724 10670 10692
f 10724 10692 10862
f 10862 10692 10700
f 10862 10700 10863
f 10863 10700 10699
f 10863 10699 10728
f 10710 10726 10699
f 10710 10699 10698
f 10664 10722 10661
f 10664 10661 10659
f 10837 10750 10751
f 10837 10751 10835
f 10840 10737 10738
f 10840 10738 10841
f 10847 10846 10864
f 10847 10864 10865
f 10865 10864 10866
f 10865 10866 10867
f 10830 10868 10869
f 10830 10869 10783
f 10870 10780 10783
f 10870 10783 10869
f 10871 10774 10780
f 10871 10780 10870
f 10774 10871 10872
f 10774 10872 10766
f 10766 10872 10873
f 10766 10873 10767
f 10829 10874 10875
f 10829 10875 10827
f 10876 10828 10827
f 10876 10827 10875
f 10877 10733 10736
f 10877 10736 10878
f 10879 10762 10765
f 10879 10765 10880
f 10881 10742 10745
f 10881 10745 10882
f 10745 10832 10883
f 10745 10883 10882
f 10844 10884 10736
f 10844 10736 10735
f 10842 10885 10884
f 10842 10884 10844
f 10763 10762 10885
f 10763 10885 10842
f 10716 10724 10862
f 10716 10862 10886
f 10886 10862 10863
f 10886 10863 10887
f 10887 10863 10728
f 10887 10728 10861
f 10694 10703 10706
f 10694 10706 10695
f 10859 10888 10855
f 10859 10855 10854
f 10887 10861 10889
f 10887 10889 10890
f 10891 10886 10887
f 10891 10887 10890
f 10717 10716 10886
f 10717 10886 10891
f 10892 10893 10894
f 10892 10894 10895
f 10896 10892 10895
f 10896 10895 10897
f 10898 10896 10897
f 10898 10897 10899
f 10900 10898 10899
f 10900 10899 10901
f 10900 10901 10902
f 10900 10902 10903
f 10904 10905 10906
f 10904 10906 10907
f 10908 10907 10906
f 10908 10906 10909
f 10762 10879 10910
f 10762 10910 10885
f 10885 10910 10911
f 10885 10911 10884
f 10884 10911 10878
f 10884 10878 10736
f 10883 10876 10875
f 10883 10875 10882
f 10874 10881 10882
f 10874 10882 10875
f 10872 10879 10880
f 10872 10880 10873
f 10871 10910 10879
f 10871 10879 10872
f 10910 10871 10870
f 10910 10870 10911
f 10911 10870 10869
f 10911 10869 10878
f 10868 10877 10878
f 10868 10878 10869
f 10649 8792 8794
f 10649 8794 10656
f 10656 8794 8827
f 10656 8827 10824
f 10836 10824 8827
f 10836 8827 8879
f 10836 8879 8842
f 10836 8842 10831
f 10831 8842 8841
f 10831 8841 10832
f 10832 8841 9048
f 10832 9048 10883
f 9042 10876 10883
f 9042 10883 9048
f 8836 10828 10876
f 8836 10876 9042
f 10826 10828 8836
f 10826 8836 8833
f 10825 10826 8833
f 10825 8833 8830
f 10786 10825 8830
f 10786 8830 8814
f 10732 10786 8814
f 10732 8814 8802
f 10729 10732 8802
f 10729 8802 8801
f 10787 10729 8801
f 10787 8801 8819
f 10799 10792 10789
f 10799 10789 10798
f 10803 10799 10798
f 10803 10798 10912
f 10809 10803 10912
f 10809 10912 10913
f 10814 10809 10913
f 10814 10913 10914
f 10819 10814 10914
f 10819 10914 10915
f 10848 10819 10915
f 10848 10915 10916
f 10857 10848 10916
f 10857 10916 10917
f 9078 10908 10909
f 9078 10909 9079
f 10853 10856 8939
f 10853 8939 8938
f 10853 8938 8809
f 10853 8809 10721
f 10721 8809 8800
f 10721 8800 10662
f 10660 10662 8800
f 10660 8800 8797
f 10657 10660 8797
f 10657 8797 8796
f 10652 10681 8805
f 10652 8805 8791
f 10649 10652 8791
f 10649 8791 8792
f 10867 10866 10918
f 10867 10918 10919
f 10919 10918 10920
f 10919 10920 10921
f 10921 10920 10922
f 10921 10922 10923
f 10923 10922 9479
f 10923 9479 9478
f 10890 10889 10892
f 10890 10892 10896
f 10891 10890 10896
f 10891 10896 10898
f 10717 10891 10898
f 10717 10898 10900
f 10717 10900 10903
f 10717 10903 10718
f 10855 10888 10904
f 10855 10904 10907
f 10908 10856 10855
f 10908 10855 10907
f 8939 10856 10908
f 8939 10908 9078
f 10797 10847 10912
f 10797 10912 10798
f 10847 10865 10913
f 10847 10913 10912
f 10865 10867 10914
f 10865 10914 10913
f 10867 10919 10915
f 10867 10915 10914
f 10919 10921 10916
f 10919 10916 10915
f 10921 10923 10917
f 10921 10917 10916
f 10924 10815 10925
f 10924 10925 10926
f 10925 10927 10928
f 10925 10928 10926
f 10815 10820 10929
f 10815 10929 10925
f 10929 10930 10927
f 10929 10927 10925
f 10820 10849 10931
f 10820 10931 10929
f 10849 10858 10932
f 10849 10932 10931
f 10931 10933 10930
f 10931 10930 10929
f 10932 10934 10933
f 10932 10933 10931
f 9494 9493 10934
f 9494 10934 10932
f 10858 10857 9496
f 10858 9496 9495
f 10857 10917 9499
f 10857 9499 9496
f 10923 9478 9499
f 10923 9499 10917
f 10858 9495 9494
f 10858 9494 10932
f 10695 10706 10708
f 10695 10708 10696
f 10935 10936 10804
f 10935 10804 10810
f 10936 10937 10800
f 10936 10800 10804
f 10937 10793 10791
f 10937 10791 10800
f 10792 10757 10790
f 10792 10790 10789
f 10757 10755 10739
f 10757 10739 10790
f 10755 10754 10740
f 10755 10740 10739
f 10754 10761 10746
f 10754 10746 10740
f 10761 10760 10747
f 10761 10747 10746
f 10760 10767 10829
f 10760 10829 10747
f 10767 10873 10874
f 10767 10874 10829
f 10873 10880 10881
f 10873 10881 10874
f 10880 10765 10742
f 10880 10742 10881
f 10765 10764 10743
f 10765 10743 10742
f 10764 10839 10837
f 10764 10837 10743
f 10839 10769 10750
f 10839 10750 10837
f 10769 10686 10653
f 10769 10653 10750
f 10686 10685 10654
f 10686 10654 10653
f 10685 10688 10663
f 10685 10663 10654
f 10688 10690 10682
f 10688 10682 10663
f 10664 10665 10666
f 10664 10666 10669
f 10669 10671 10722
f 10669 10722 10664
f 10671 10725 10723
f 10671 10723 10722
f 10725 10719 10859
f 10725 10859 10723
f 10719 10718 10888
f 10719 10888 10859
f 10904 10888 10718
f 10904 10718 10903
f 10903 10902 10905
f 10903 10905 10904
f 10924 10935 10810
f 10924 10810 10815
f 10657 8796 8805
f 10657 8805 10681
f 10658 10657 10681
f 10658 10681 10680
f 10682 10665 10658
f 10682 10658 10680
f 10690 10666 10665
f 10690 10665 10682
f 10689 10667 10666
f 10689 10666 10690
f 10693 10667 10689
f 10693 10689 10696
f 10701 10693 10696
f 10701 10696 10708
f 10702 10701 10708
f 10702 10708 10707
f 10715 10709 10702
f 10715 10702 10707
f 10861 10860 10938
f 10861 10938 10889
f 10938 10893 10892
f 10938 10892 10889
f 10928 10850 10821
f 10928 10821 10926
f 10816 10924 10926
f 10816 10926 10821
f 10811 10935 10924
f 10811 10924 10816
f 10811 10805 10936
f 10811 10936 10935
f 10805 10801 10937
f 10805 10937 10936
f 10801 10794 10793
f 10801 10793 10937
f 10796 10787 8819
f 10796 8819 9087
f 10846 10796 9087
f 10846 9087 9086
f 10864 10846 9086
f 10864 9086 9092
f 10866 10864 9092
f 10866 9092 9093
f 10918 10866 9093
f 10918 9093 9089
f 10920 10918 9089
f 10920 9089 9088
f 10922 10920 9088
f 10922 9088 9090
f 9479 10922 9090
f 9479 9090 9091
f 10813 10818 10939
f 10813 10939 10940
f 10939 10818 10823
f 10939 10823 10941
f 10852 10942 10941
f 10852 10941 10823
f 10807 10813 10940
f 10807 10940 10943
f 10940 10939 10944
f 10940 10944 10945
f 10946 10944 10939
f 10946 10939 10941
f 10942 10947 10946
f 10942 10946 10941
f 10672 10948 10949
f 10672 10949 10673
f 10949 10948 10950
f 10949 10950 10951
f 10675 10782 10952
f 10675 10952 10672
f 10782 10795 10953
f 10782 10953 10952
f 10672 10952 10954
f 10672 10954 10948
f 10952 10953 10808
f 10952 10808 10954
f 10948 10954 10943
f 10948 10943 10950
f 10802 10808 10953
f 10802 10953 10795
f 10807 10943 10954
f 10807 10954 10808
f 10950 10943 10940
f 10950 10940 10945
f 10950 10945 10955
f 10950 10955 10951
f 10945 10944 10956
f 10945 10956 10955
f 10957 10956 10944
f 10957 10944 10946
f 10947 10958 10957
f 10947 10957 10946
f 10959 10960 10961
f 10959 10961 10962
f 10963 10964 10962
f 10963 10962 10965
f 10962 10964 10966
f 10962 10966 10959
f 10967 10968 10969
f 10967 10969 10970
f 10969 10971 10972
f 10969 10972 10970
f 10965 10962 10961
f 10965 10961 10973
f 10974 10975 10976
f 10974 10976 10977
f 10978 10977 10976
f 10978 10976 10979
f 10980 10981 10982
f 10980 10982 10983
f 10984 10985 10986
f 10984 10986 10987
f 10960 10988 10989
f 10960 10989 10961
f 10973 10961 10989
f 10973 10989 10990
f 10991 10967 10970
f 10991 10970 10992
f 10993 10994 10995
f 10993 10995 10996
f 10997 10993 10996
f 10997 10996 10998
f 10999 10997 10998
f 10999 10998 11000
f 10977 10978 11001
f 10977 11001 11002
f 10997 11003 11004
f 10997 11004 10993
f 10999 11005 11003
f 10999 11003 10997
f 11006 10974 10977
f 11006 10977 11002
f 11007 11008 11009
f 11007 11009 11010
f 11011 11012 11013
f 11011 11013 11014
f 11012 11015 11016
f 11012 11016 11013
f 11017 11018 11007
f 11017 11007 11010
f 11019 11020 11017
f 11019 11017 11010
f 11021 11022 11014
f 11021 11014 11023
f 11023 11014 11013
f 11023 11013 11024
f 11024 11013 11016
f 11024 11016 11025
f 11026 11027 11028
f 11026 11028 11029
f 11030 10972 10971
f 11030 10971 11031
f 11032 10972 11030
f 11032 11030 11033
f 11034 10978 10979
f 11034 10979 11035
f 11036 11009 11037
f 11036 11037 11038
f 11039 11040 11041
f 11039 11041 11042
f 11043 11044 11045
f 11043 11045 11046
f 11047 11048 11022
f 11047 11022 11021
f 11002 11001 11008
f 11002 11008 11007
f 11018 11006 11002
f 11018 11002 11007
f 11049 11041 11050
f 11049 11050 11051
f 11052 11053 11054
f 11052 11054 11055
f 11056 11057 11058
f 11056 11058 11059
f 11060 11061 10964
f 11060 10964 10963
f 11062 11063 11064
f 11062 11064 11065
f 11063 11066 11067
f 11063 11067 11064
f 11068 11069 11070
f 11068 11070 11071
f 11072 11073 11074
f 11072 11074 11075
f 11076 11068 11071
f 11076 11071 11077
f 10994 11078 11079
f 10994 11079 10995
f 11063 11080 11081
f 11063 11081 11066
f 11068 11082 11083
f 11068 11083 11069
f 11076 11084 11082
f 11076 11082 11068
f 10993 11004 11085
f 10993 11085 10994
f 11080 11086 11087
f 11080 11087 11081
f 11082 11088 11089
f 11082 11089 11083
f 11084 11090 11088
f 11084 11088 11082
f 11004 11011 11091
f 11004 11091 11085
f 11087 11086 10981
f 11087 10981 11092
f 11089 11088 10986
f 11089 10986 10985
f 11088 11090 11093
f 11088 11093 10986
f 11011 11014 11022
f 11011 11022 11091
f 11094 11089 10985
f 11094 10985 10982
f 11083 11089 11094
f 11083 11094 11095
f 11069 11083 11095
f 11069 11095 11062
f 11069 11062 11065
f 11069 11065 11070
f 10983 10982 10985
f 10983 10985 10984
f 11051 11050 11057
f 11051 11057 11056
f 11040 11096 11050
f 11040 11050 11041
f 11062 11095 11080
f 11062 11080 11063
f 11095 11094 11086
f 11095 11086 11080
f 11086 11094 10982
f 11086 10982 10981
f 11042 11097 11098
f 11042 11098 11039
f 11099 11097 11042
f 11099 11042 11100
f 11066 11101 11102
f 11066 11102 11067
f 11081 11087 11103
f 11081 11103 11104
f 11103 11087 11092
f 11103 11092 11105
f 11097 11106 11107
f 11097 11107 11098
f 11097 11099 11108
f 11097 11108 11106
f 11109 11102 11101
f 11109 11101 11110
f 11105 11111 11112
f 11105 11112 11103
f 11113 11109 11110
f 11113 11110 11114
f 11111 11115 11116
f 11111 11116 11112
f 11111 11117 11118
f 11111 11118 11115
f 11119 11113 11114
f 11119 11114 11120
f 11115 11121 11122
f 11115 11122 11116
f 11123 11121 11115
f 11123 11115 11118
f 11124 11119 11120
f 11124 11120 11125
f 11121 11126 11127
f 11121 11127 11122
f 11128 11126 11121
f 11128 11121 11123
f 11129 11124 11125
f 11129 11125 11130
f 10964 11061 11131
f 10964 11131 10966
f 11096 11132 11057
f 11096 11057 11050
f 11132 11133 11058
f 11132 11058 11057
f 11133 11134 11135
f 11133 11135 11058
f 11059 11058 11135
f 11059 11135 11136
f 10987 10986 11093
f 10987 11093 11137
f 11054 11053 11138
f 11054 11138 11139
f 11100 11042 11041
f 11100 11041 11049
f 10994 11085 11140
f 10994 11140 11078
f 11085 11091 11141
f 11085 11141 11140
f 11091 11022 11048
f 11091 11048 11141
f 11142 11054 11139
f 11142 11139 11143
f 11055 11054 11142
f 11055 11142 11144
f 11145 11072 11075
f 11145 11075 11146
f 11046 11045 11147
f 11046 11147 11148
f 11145 11149 11150
f 11145 11150 11072
f 11149 11151 11152
f 11149 11152 11150
f 11151 11147 11045
f 11151 11045 11152
f 11106 11153 11154
f 11106 11154 11107
f 11155 11129 11130
f 11155 11130 11156
f 11157 11158 11159
f 11157 11159 11160
f 11161 11155 11156
f 11161 11156 11162
f 11163 11164 10851
f 11163 10851 10850
f 11164 11165 10852
f 11164 10852 10851
f 11066 11081 11104
f 11066 11104 11101
f 11151 11141 11048
f 11151 11048 11147
f 11149 11140 11141
f 11149 11141 11151
f 11145 11078 11140
f 11145 11140 11149
f 11078 11145 11146
f 11078 11146 11079
f 11143 11131 11061
f 11143 11061 11142
f 11160 11030 11031
f 11160 11031 11157
f 11033 11030 11160
f 11033 11160 11166
f 11027 11034 11035
f 11027 11035 11028
f 11038 11037 11167
f 11038 11167 11168
f 11034 11169 11001
f 11034 11001 10978
f 11169 11170 11008
f 11169 11008 11001
f 11170 11037 11009
f 11170 11009 11008
f 11019 11010 11009
f 11019 11009 11036
f 10992 10970 10972
f 10992 10972 11032
f 11144 11142 11061
f 11144 11061 11060
f 11148 11147 11048
f 11148 11048 11047
f 11153 11171 11172
f 11153 11172 11154
f 11171 11173 11174
f 11171 11174 11172
f 11137 11093 11175
f 11137 11175 11176
f 11177 11175 11093
f 11177 11093 11090
f 11178 11177 11090
f 11178 11090 11084
f 11084 11076 11179
f 11084 11179 11178
f 11179 11076 11077
f 11179 11077 11180
f 11136 11135 11181
f 11136 11181 11182
f 11183 11181 11135
f 11183 11135 11134
f 11184 11185 11044
f 11184 11044 11043
f 11073 11186 11187
f 11073 11187 11074
f 11188 11189 11053
f 11188 11053 11052
f 11053 11189 11190
f 11053 11190 11138
f 11152 11045 11044
f 11152 11044 11191
f 11150 11152 11191
f 11150 11191 11192
f 11072 11150 11192
f 11072 11192 11073
f 11027 11193 11169
f 11027 11169 11034
f 11193 11194 11170
f 11193 11170 11169
f 11194 11167 11037
f 11194 11037 11170
f 11004 11003 11012
f 11004 11012 11011
f 11166 11160 11159
f 11166 11159 11195
f 11194 11196 11197
f 11194 11197 11167
f 11198 11196 11194
f 11198 11194 11193
f 11026 11198 11193
f 11026 11193 11027
f 11199 10895 10894
f 11199 10894 11200
f 11201 10897 10895
f 11201 10895 11199
f 11202 10899 10897
f 11202 10897 11201
f 11203 10901 10899
f 11203 10899 11202
f 10902 10901 11203
f 10902 11203 11204
f 11205 11206 10906
f 11205 10906 10905
f 11207 10909 10906
f 11207 10906 11206
f 11073 11192 11208
f 11073 11208 11186
f 11192 11191 11209
f 11192 11209 11208
f 11191 11044 11185
f 11191 11185 11209
f 11190 11189 11181
f 11190 11181 11183
f 11182 11181 11189
f 11182 11189 11188
f 11186 11179 11180
f 11186 11180 11187
f 11178 11179 11186
f 11178 11186 11208
f 11208 11209 11177
f 11208 11177 11178
f 11209 11185 11175
f 11209 11175 11177
f 11176 11175 11185
f 11176 11185 11184
f 10959 10966 9116
f 10959 9116 9115
f 10966 11131 9150
f 10966 9150 9116
f 11143 9202 9150
f 11143 9150 11131
f 11143 11139 9164
f 11143 9164 9202
f 11139 11138 9165
f 11139 9165 9164
f 11138 11190 9370
f 11138 9370 9165
f 9365 9370 11190
f 9365 11190 11183
f 9159 9365 11183
f 9159 11183 11134
f 11133 9156 9159
f 11133 9159 11134
f 11132 9153 9156
f 11132 9156 11133
f 11096 9137 9153
f 11096 9153 11132
f 11040 9124 9137
f 11040 9137 11096
f 11039 9125 9124
f 11039 9124 11040
f 11098 9142 9125
f 11098 9125 11039
f 11109 11108 11099
f 11109 11099 11102
f 11113 11210 11108
f 11113 11108 11109
f 11119 11211 11210
f 11119 11210 11113
f 11124 11212 11211
f 11124 11211 11119
f 11129 11213 11212
f 11129 11212 11124
f 11155 11214 11213
f 11155 11213 11129
f 11161 11215 11214
f 11161 11214 11155
f 9391 9079 10909
f 9391 10909 11207
f 11157 9261 9260
f 11157 9260 11158
f 11157 11031 9132
f 11157 9132 9261
f 11031 10971 9123
f 11031 9123 9132
f 10969 9121 9123
f 10969 9123 10971
f 9118 9121 10969
f 9118 10969 10968
f 10960 9114 9128
f 10960 9128 10988
f 10959 9115 9114
f 10959 9114 10960
f 11173 11216 11217
f 11173 11217 11174
f 11216 11218 11219
f 11216 11219 11217
f 11218 11220 11221
f 11218 11221 11219
f 11220 9701 9704
f 11220 9704 11221
f 11196 11201 11199
f 11196 11199 11197
f 11198 11202 11201
f 11198 11201 11196
f 11026 11203 11202
f 11026 11202 11198
f 11203 11026 11029
f 11203 11029 11204
f 11159 11206 11205
f 11159 11205 11195
f 11207 11206 11159
f 11207 11159 11158
f 9260 9391 11207
f 9260 11207 11158
f 11106 11108 11210
f 11106 11210 11153
f 11153 11210 11211
f 11153 11211 11171
f 11171 11211 11212
f 11171 11212 11173
f 11173 11212 11213
f 11173 11213 11216
f 11216 11213 11214
f 11216 11214 11218
f 11218 11214 11215
f 11218 11215 11220
f 11222 11223 10928
f 11222 10928 10927
f 11224 11222 10927
f 11224 10927 10930
f 11225 11224 10930
f 11225 10930 10933
f 11226 11225 10933
f 11226 10933 10934
f 9713 11226 10934
f 9713 10934 9493
f 9715 11161 11162
f 9715 11162 9716
f 11161 9715 9719
f 11161 9719 11215
f 11220 11215 9719
f 11220 9719 9701
f 11003 11005 11015
f 11003 11015 11012
f 11227 11120 11114
f 11227 11114 11228
f 11228 11114 11110
f 11228 11110 11229
f 11229 11110 11101
f 11229 11101 11104
f 11102 11099 11100
f 11102 11100 11067
f 11067 11100 11049
f 11067 11049 11064
f 11064 11049 11051
f 11064 11051 11065
f 11065 11051 11056
f 11065 11056 11070
f 11070 11056 11059
f 11070 11059 11071
f 11071 11059 11136
f 11071 11136 11077
f 11077 11136 11182
f 11077 11182 11180
f 11180 11182 11188
f 11180 11188 11187
f 11187 11188 11052
f 11187 11052 11074
f 11074 11052 11055
f 11074 11055 11075
f 11075 11055 11144
f 11075 11144 11146
f 11146 11144 11060
f 11146 11060 11079
f 11079 11060 10963
f 11079 10963 10995
f 10995 10963 10965
f 10995 10965 10996
f 10996 10965 10973
f 10996 10973 10998
f 10998 10973 10990
f 10998 10990 11000
f 10976 10975 10991
f 10976 10991 10992
f 10976 10992 11032
f 10976 11032 10979
f 10979 11032 11033
f 10979 11033 11035
f 11035 11033 11166
f 11035 11166 11028
f 11028 11166 11195
f 11028 11195 11029
f 11205 11204 11029
f 11205 11029 11195
f 11204 11205 10905
f 11204 10905 10902
f 11230 11125 11120
f 11230 11120 11227
f 10968 10988 9128
f 10968 9128 9118
f 10967 10989 10988
f 10967 10988 10968
f 10990 10989 10967
f 10990 10967 10991
f 11000 10990 10991
f 11000 10991 10975
f 10974 10999 11000
f 10974 11000 10975
f 11006 11005 10999
f 11006 10999 10974
f 11018 11015 11005
f 11018 11005 11006
f 11017 11016 11015
f 11017 11015 11018
f 11025 11016 11017
f 11025 11017 11020
f 11167 11197 11231
f 11167 11231 11168
f 11231 11197 11199
f 11231 11199 11200
f 11223 11163 10850
f 11223 10850 10928
f 11122 11127 11230
f 11122 11230 11227
f 11122 11227 11228
f 11122 11228 11116
f 11116 11228 11229
f 11116 11229 11112
f 11112 11229 11104
f 11112 11104 11103
f 11107 9398 9142
f 11107 9142 11098
f 11154 9397 9398
f 11154 9398 11107
f 11172 9403 9397
f 11172 9397 11154
f 11174 9404 9403
f 11174 9403 11172
f 11217 9399 9404
f 11217 9404 11174
f 11219 9400 9399
f 11219 9399 11217
f 11221 9401 9400
f 11221 9400 11219
f 9704 9402 9401
f 9704 9401 11221
f 11123 11232 11233
f 11123 11233 11128
f 11165 11234 10942
f 11165 10942 10852
f 11118 11235 11232
f 11118 11232 11123
f 11232 11236 11237
f 11232 11237 11233
f 11234 11238 10947
f 11234 10947 10942
f 10980 10983 11239
f 10980 11239 11240
f 11239 11241 11242
f 11239 11242 11240
f 10981 10980 11243
f 10981 11243 11092
f 11092 11243 11244
f 11092 11244 11105
f 10980 11240 11245
f 10980 11245 11243
f 11243 11245 11117
f 11243 11117 11244
f 11240 11242 11235
f 11240 11235 11245
f 11111 11105 11244
f 11111 11244 11117
f 11118 11117 11245
f 11118 11245 11235
f 11242 11236 11232
f 11242 11232 11235
f 11242 11241 11246
f 11242 11246 11236
f 11236 11246 11247
f 11236 11247 11237
f 11238 11248 10958
f 11238 10958 10947
f 11247 11248 11238
f 11247 11238 11237
f 11237 11238 11234
f 11237 11234 11233
f 11234 11165 11128
f 11234 11128 11233
f 11165 11164 11126
f 11165 11126 11128
f 11164 11163 11127
f 11164 11127 11126
f 11163 11223 11230
f 11163 11230 11127
f 11223 11222 11125
f 11223 11125 11230
f 11222 11224 11130
f 11222 11130 11125
f 11224 11225 11156
f 11224 11156 11130
f 11225 11226 11162
f 11225 11162 11156
f 11226 9713 9716
f 11226 9716 11162
f 11249 11250 11251
f 11249 11251 11252
f 6633 11249 11252
f 6633 11252 6635
f 11249 6633 6634
f 11249 6634 11253
f 11250 11249 11253
f 11250 11253 11254
f 11255 11256 11252
f 11255 11252 11251
f 11256 11255 11257
f 11256 11257 11258
f 6636 6637 11256
f 6636 11256 11258
f 11256 6637 6635
f 11256 6635 11252
f 11259 11260 11261
f 11259 11261 11262
f 11260 6639 6638
f 11260 6638 11261
f 11263 11264 11262
f 11263 11262 11261
f 6640 11263 11261
f 6640 11261 6638
f 11253 6634 6641
f 11253 6641 11265
f 11254 11253 11265
f 11254 11265 11266
f 11267 11268 11269
f 11267 11269 11270
f 11268 6642 6643
f 11268 6643 11269
f 11271 11272 11258
f 11271 11258 11257
f 11272 6644 6636
f 11272 6636 11258
f 11273 11274 11275
f 11273 11275 11276
f 11274 6645 6647
f 11274 6647 11275
f 11277 11278 11274
f 11277 11274 11273
f 11278 6646 6645
f 11278 6645 11274
f 11279 11280 11281
f 11279 11281 11282
f 11281 11280 11283
f 11281 11283 11284
f 11284 6649 6648
f 11284 6648 11281
f 6650 11282 11281
f 6650 11281 6648
f 11279 11282 11285
f 11279 11285 11286
f 11282 6650 6651
f 11282 6651 11285
f 11287 11288 11289
f 11287 11289 11290
f 11291 11292 11288
f 11291 11288 11287
f 11292 6654 6652
f 11292 6652 11288
f 11288 6652 6653
f 11288 6653 11289
f 11293 11294 11295
f 11293 11295 11296
f 6655 6656 11293
f 6655 11293 11296
f 11297 11298 11299
f 11297 11299 11300
f 11298 11297 11301
f 11298 11301 11302
f 6657 11298 11302
f 6657 11302 6658
f 11298 6657 6659
f 11298 6659 11299
f 11294 11293 11303
f 11294 11303 11304
f 11293 6656 6660
f 11293 6660 11303
f 11278 11277 11304
f 11278 11304 11303
f 11278 11303 6660
f 11278 6660 6646
f 11305 11306 11307
f 11305 11307 11308
f 11306 6662 6661
f 11306 6661 11307
f 11296 11295 11308
f 11296 11308 11307
f 11296 11307 6661
f 11296 6661 6655
f 11306 11305 11290
f 11306 11290 11289
f 6662 11306 11289
f 6662 11289 6653
f 11309 11310 11276
f 11309 11276 11275
f 6663 11309 11275
f 6663 11275 6647
f 11309 6663 6664
f 11309 6664 11311
f 11310 11309 11311
f 11310 11311 11312
f 11313 11314 11272
f 11313 11272 11271
f 11314 6665 6644
f 11314 6644 11272
f 11315 11316 11317
f 11315 11317 11318
f 6667 11315 11318
f 6667 11318 6666
f 11318 11317 11312
f 11318 11312 11311
f 6666 11318 11311
f 6666 11311 6664
f 11314 11313 11319
f 11314 11319 11320
f 6665 11314 11320
f 6665 11320 6668
f 11260 11259 11321
f 11260 11321 11322
f 6639 11260 11322
f 6639 11322 6669
f 11323 11324 11325
f 11323 11325 11326
f 11324 11327 11328
f 11324 11328 11325
f 11329 11330 11325
f 11329 11325 11328
f 11325 11330 11331
f 11325 11331 11326
f 11332 11333 11334
f 11332 11334 11335
f 11336 11332 11335
f 11336 11335 11337
f 11338 11339 11340
f 11338 11340 11341
f 11339 11342 11343
f 11339 11343 11340
f 11344 11345 11346
f 11344 11346 11347
f 11348 11349 11350
f 11348 11350 11351
f 11349 11338 11341
f 11349 11341 11350
f 11345 11336 11337
f 11345 11337 11346
f 11349 11348 11352
f 11349 11352 11353
f 11338 11349 11353
f 11338 11353 11354
f 11342 11339 11355
f 11342 11355 11356
f 11339 11338 11354
f 11339 11354 11355
f 11357 11358 11359
f 11357 11359 11360
f 11361 11357 11360
f 11361 11360 11362
f 11357 11361 11363
f 11357 11363 11364
f 11358 11357 11364
f 11358 11364 11365
f 11366 11367 11368
f 11366 11368 11369
f 11367 11366 11370
f 11367 11370 11371
f 11361 11367 11371
f 11361 11371 11363
f 11367 11361 11362
f 11367 11362 11368
f 11372 11373 11374
f 11372 11374 11375
f 11376 11377 11378
f 11376 11378 11379
f 11378 11377 11380
f 11378 11380 11381
f 11382 11383 11384
f 11382 11384 11385
f 11331 11376 11379
f 11331 11379 11386
f 11387 11323 11326
f 11387 11326 11388
f 11326 11331 11386
f 11326 11386 11388
f 11375 11374 11389
f 11375 11389 11390
f 11390 11389 11329
f 11390 11329 11328
f 11364 11363 11391
f 11364 11391 11392
f 11365 11364 11392
f 11365 11392 11393
f 11371 11370 11394
f 11371 11394 11395
f 11363 11371 11395
f 11363 11395 11391
f 11396 11397 11398
f 11396 11398 11399
f 11397 11396 11400
f 11397 11400 11401
f 11402 11397 11401
f 11402 11401 11403
f 11397 11402 11404
f 11397 11404 11398
f 11405 11406 11407
f 11405 11407 11408
f 11402 11403 11405
f 11402 11405 11408
f 11408 11407 11409
f 11408 11409 11410
f 11402 11408 11410
f 11402 11410 11404
f 11411 11394 11370
f 11411 11370 11412
f 11413 11411 11412
f 11413 11412 11414
f 11411 11413 11382
f 11411 11382 11415
f 11394 11411 11415
f 11394 11415 11416
f 11412 11370 11366
f 11412 11366 11417
f 11414 11412 11417
f 11414 11417 11418
f 11419 11420 11421
f 11419 11421 11422
f 11423 11419 11422
f 11423 11422 11424
f 11425 11426 11427
f 11425 11427 11428
f 11426 11423 11424
f 11426 11424 11427
f 11426 11425 11429
f 11426 11429 11430
f 11423 11426 11430
f 11423 11430 11431
f 11420 11419 11432
f 11420 11432 11433
f 11419 11423 11431
f 11419 11431 11432
f 11407 11434 11435
f 11407 11435 11409
f 11434 11407 11406
f 11434 11406 11436
f 11437 11434 11436
f 11437 11436 11438
f 11434 11437 11439
f 11434 11439 11435
f 11437 11438 11440
f 11437 11440 11441
f 11437 11441 11442
f 11437 11442 11439
f 11443 11444 11445
f 11443 11445 11446
f 11444 11443 11447
f 11444 11447 11448
f 11449 11444 11448
f 11449 11448 11450
f 11444 11449 11451
f 11444 11451 11445
f 11452 11271 11257
f 11452 11257 11453
f 11452 11453 11449
f 11452 11449 11450
f 11453 11257 11255
f 11453 11255 11454
f 11449 11453 11454
f 11449 11454 11451
f 11455 11456 11457
f 11455 11457 11458
f 11456 11459 11460
f 11456 11460 11457
f 11461 11462 11463
f 11461 11463 11464
f 11461 11464 11460
f 11461 11460 11459
f 11465 11466 11467
f 11465 11467 11468
f 11469 11465 11468
f 11469 11468 11470
f 11471 11472 11473
f 11471 11473 11474
f 11472 11475 11476
f 11472 11476 11469
f 11472 11469 11470
f 11472 11470 11473
f 11477 11455 11458
f 11477 11458 11478
f 11477 11478 11479
f 11477 11479 11480
f 11481 11471 11474
f 11481 11474 11482
f 11483 11481 11482
f 11483 11482 11484
f 11485 11483 11484
f 11485 11484 11486
f 11487 11480 11479
f 11487 11479 11488
f 11420 11433 11489
f 11420 11489 11490
f 11489 11377 11376
f 11489 11376 11490
f 11489 11433 11491
f 11489 11491 11492
f 11377 11489 11492
f 11377 11492 11380
f 11430 11429 11493
f 11430 11493 11494
f 11431 11430 11494
f 11431 11494 11495
f 11433 11432 11496
f 11433 11496 11491
f 11432 11431 11495
f 11432 11495 11496
f 11497 11498 11499
f 11497 11499 11500
f 11498 11501 11502
f 11498 11502 11499
f 11498 11497 11503
f 11498 11503 11504
f 11501 11498 11504
f 11501 11504 11505
f 11276 11310 11506
f 11276 11506 11507
f 11506 11501 11505
f 11506 11505 11507
f 11506 11310 11312
f 11506 11312 11508
f 11501 11506 11508
f 11501 11508 11502
f 11509 11510 11416
f 11509 11416 11415
f 11382 11385 11509
f 11382 11509 11415
f 11417 11366 11369
f 11417 11369 11511
f 11418 11417 11511
f 11418 11511 11512
f 11513 11514 11515
f 11513 11515 11516
f 11514 11517 11518
f 11514 11518 11515
f 11519 11520 11521
f 11519 11521 11522
f 11519 11522 11518
f 11519 11518 11517
f 11523 11524 11522
f 11523 11522 11521
f 11524 11525 11518
f 11524 11518 11522
f 11526 11527 11516
f 11526 11516 11515
f 11526 11515 11518
f 11526 11518 11525
f 11420 11490 11528
f 11420 11528 11421
f 11490 11376 11529
f 11490 11529 11528
f 11530 11531 11398
f 11530 11398 11404
f 11531 11532 11399
f 11531 11399 11398
f 11533 11534 11410
f 11533 11410 11409
f 11534 11530 11404
f 11534 11404 11410
f 11535 11536 11537
f 11535 11537 11538
f 11536 11539 11540
f 11536 11540 11537
f 11541 11542 11543
f 11541 11543 11544
f 11541 11544 11540
f 11541 11540 11539
f 11520 11519 11545
f 11520 11545 11546
f 11519 11517 11547
f 11519 11547 11545
f 11514 11513 11548
f 11514 11548 11549
f 11517 11514 11549
f 11517 11549 11547
f 11394 11416 11550
f 11394 11550 11395
f 11550 11551 11391
f 11550 11391 11395
f 11550 11416 11510
f 11550 11510 11552
f 11551 11550 11552
f 11551 11552 11553
f 11554 11555 11556
f 11554 11556 11557
f 11555 11551 11553
f 11555 11553 11556
f 11555 11554 11393
f 11555 11393 11392
f 11551 11555 11392
f 11551 11392 11391
f 11558 11513 11516
f 11558 11516 11559
f 11558 11559 11560
f 11558 11560 11561
f 11516 11527 11562
f 11516 11562 11559
f 11562 11563 11560
f 11562 11560 11559
f 11329 11389 11560
f 11329 11560 11563
f 11561 11560 11389
f 11561 11389 11374
f 11329 11563 11529
f 11329 11529 11330
f 11562 11527 11421
f 11562 11421 11528
f 11562 11528 11529
f 11562 11529 11563
f 11421 11527 11526
f 11421 11526 11422
f 11526 11525 11424
f 11526 11424 11422
f 11524 11523 11428
f 11524 11428 11427
f 11524 11427 11424
f 11524 11424 11525
f 11564 11565 11492
f 11564 11492 11491
f 11565 11566 11380
f 11565 11380 11492
f 11567 11568 11565
f 11567 11565 11564
f 11568 11569 11566
f 11568 11566 11565
f 11570 11564 11491
f 11570 11491 11496
f 11571 11570 11496
f 11571 11496 11495
f 11572 11573 11494
f 11572 11494 11493
f 11573 11571 11495
f 11573 11495 11494
f 11574 11575 11573
f 11574 11573 11572
f 11575 11576 11571
f 11575 11571 11573
f 11577 11567 11564
f 11577 11564 11570
f 11576 11577 11570
f 11576 11570 11571
f 11578 11566 11569
f 11578 11569 11579
f 11566 11578 11381
f 11566 11381 11380
f 11580 11548 11513
f 11580 11513 11558
f 11581 11580 11558
f 11581 11558 11561
f 11581 11561 11374
f 11581 11374 11373
f 11582 11583 11584
f 11582 11584 11585
f 11442 11441 11586
f 11442 11586 11587
f 11442 11587 11588
f 11442 11588 11589
f 11590 11535 11538
f 11590 11538 11591
f 11590 11591 11592
f 11590 11592 11593
f 11594 11595 11435
f 11594 11435 11439
f 11595 11533 11409
f 11595 11409 11435
f 11442 11589 11594
f 11442 11594 11439
f 11593 11592 11583
f 11593 11583 11582
f 11596 11586 11441
f 11596 11441 11440
f 11597 11598 11599
f 11597 11599 11600
f 11598 11597 11601
f 11598 11601 11602
f 11603 11598 11602
f 11603 11602 11604
f 11598 11603 11605
f 11598 11605 11599
f 11606 11607 11608
f 11606 11608 11609
f 11610 11606 11609
f 11610 11609 11611
f 11333 11612 11613
f 11333 11613 11334
f 11342 11614 11615
f 11342 11615 11343
f 11614 11603 11604
f 11614 11604 11615
f 11612 11610 11611
f 11612 11611 11613
f 11614 11342 11356
f 11614 11356 11616
f 11603 11614 11616
f 11603 11616 11605
f 11617 11443 11446
f 11617 11446 11618
f 11619 11617 11618
f 11619 11618 11620
f 11618 11446 11621
f 11618 11621 11622
f 11620 11618 11622
f 11620 11622 11623
f 11358 11624 11625
f 11358 11625 11359
f 11624 11358 11365
f 11624 11365 11626
f 11619 11620 11624
f 11619 11624 11626
f 11624 11620 11623
f 11624 11623 11625
f 11627 11447 11443
f 11627 11443 11617
f 11627 11617 11619
f 11627 11619 11628
f 11626 11365 11393
f 11626 11393 11629
f 11628 11619 11626
f 11628 11626 11629
f 11554 11630 11629
f 11554 11629 11393
f 11630 11631 11628
f 11630 11628 11629
f 11630 11554 11557
f 11630 11557 11632
f 11631 11630 11632
f 11631 11632 11633
f 11634 11635 11636
f 11634 11636 11637
f 11635 11631 11633
f 11635 11633 11636
f 11635 11634 11447
f 11635 11447 11627
f 11631 11635 11627
f 11631 11627 11628
f 11638 11639 11640
f 11638 11640 11500
f 11639 11641 11642
f 11639 11642 11640
f 11643 11644 11639
f 11643 11639 11638
f 11644 11645 11641
f 11644 11641 11639
f 11646 11574 11572
f 11646 11572 11647
f 11645 11646 11647
f 11645 11647 11641
f 11647 11572 11493
f 11647 11493 11648
f 11641 11647 11648
f 11641 11648 11642
f 11497 11649 11650
f 11497 11650 11503
f 11649 11651 11652
f 11649 11652 11650
f 11649 11497 11500
f 11649 11500 11640
f 11651 11649 11640
f 11651 11640 11642
f 11429 11653 11648
f 11429 11648 11493
f 11653 11651 11642
f 11653 11642 11648
f 11653 11429 11425
f 11653 11425 11654
f 11651 11653 11654
f 11651 11654 11652
f 11654 11425 11428
f 11654 11428 11655
f 11652 11654 11655
f 11652 11655 11656
f 11503 11650 11657
f 11503 11657 11658
f 11650 11652 11656
f 11650 11656 11657
f 11659 11660 11658
f 11659 11658 11657
f 11659 11657 11656
f 11659 11656 11661
f 11428 11523 11662
f 11428 11662 11655
f 11662 11661 11656
f 11662 11656 11655
f 11663 11664 11665
f 11663 11665 11666
f 11663 11666 11667
f 11663 11667 11668
f 11660 11659 11666
f 11660 11666 11665
f 11659 11661 11667
f 11659 11667 11666
f 11662 11523 11521
f 11662 11521 11669
f 11662 11669 11667
f 11662 11667 11661
f 11521 11520 11670
f 11521 11670 11669
f 11670 11668 11667
f 11670 11667 11669
f 11671 11672 11664
f 11671 11664 11663
f 11673 11671 11663
f 11673 11663 11668
f 11670 11520 11546
f 11670 11546 11674
f 11673 11668 11670
f 11673 11670 11674
f 11675 11676 11677
f 11675 11677 11678
f 11676 11675 11679
f 11676 11679 11680
f 11681 11676 11680
f 11681 11680 11682
f 11676 11681 11683
f 11676 11683 11677
f 11684 11400 11396
f 11684 11396 11685
f 11681 11682 11684
f 11681 11684 11685
f 11685 11396 11399
f 11685 11399 11686
f 11681 11685 11686
f 11681 11686 11683
f 11687 11688 11689
f 11687 11689 11690
f 11687 11690 11691
f 11687 11691 11692
f 11693 11694 11677
f 11693 11677 11683
f 11694 11695 11678
f 11694 11678 11677
f 11532 11696 11686
f 11532 11686 11399
f 11696 11693 11683
f 11696 11683 11686
f 11543 11542 11697
f 11543 11697 11698
f 11697 11692 11691
f 11697 11691 11698
f 11699 11700 11701
f 11699 11701 11702
f 11699 11702 11703
f 11699 11703 11704
f 11705 11706 11707
f 11705 11707 11708
f 11709 11705 11708
f 11709 11708 11710
f 11466 11711 11712
f 11466 11712 11467
f 11711 11713 11714
f 11711 11714 11709
f 11711 11709 11710
f 11711 11710 11712
f 11462 11715 11716
f 11462 11716 11463
f 11715 11704 11703
f 11715 11703 11716
f 11717 11352 11348
f 11717 11348 11718
f 11719 11717 11718
f 11719 11718 11720
f 11352 11717 11511
f 11352 11511 11369
f 11717 11719 11512
f 11717 11512 11511
f 11353 11352 11369
f 11353 11369 11368
f 11354 11353 11368
f 11354 11368 11362
f 11356 11355 11360
f 11356 11360 11359
f 11355 11354 11362
f 11355 11362 11360
f 11616 11356 11359
f 11616 11359 11625
f 11605 11616 11625
f 11605 11625 11623
f 11600 11599 11622
f 11600 11622 11621
f 11599 11605 11623
f 11599 11623 11622
f 11486 11582 11585
f 11486 11585 11721
f 11722 11485 11486
f 11722 11486 11721
f 11593 11582 11486
f 11593 11486 11484
f 11535 11590 11482
f 11535 11482 11474
f 11593 11484 11482
f 11593 11482 11590
f 11535 11474 11473
f 11535 11473 11536
f 11539 11536 11473
f 11539 11473 11470
f 11542 11541 11468
f 11542 11468 11467
f 11539 11470 11468
f 11539 11468 11541
f 11688 11687 11708
f 11688 11708 11707
f 11692 11710 11708
f 11692 11708 11687
f 11542 11467 11712
f 11542 11712 11697
f 11692 11697 11712
f 11692 11712 11710
f 11723 11724 11725
f 11723 11725 11726
f 11724 11727 11728
f 11724 11728 11725
f 11725 11728 11729
f 11725 11729 11730
f 11726 11725 11730
f 11726 11730 11731
f 11732 11733 11734
f 11732 11734 11735
f 11728 11732 11735
f 11728 11735 11729
f 11373 11372 11736
f 11373 11736 11737
f 11581 11373 11737
f 11581 11737 11738
f 11436 11406 11739
f 11436 11739 11740
f 11548 11580 11740
f 11548 11740 11739
f 11580 11581 11738
f 11580 11738 11740
f 11549 11548 11739
f 11549 11739 11741
f 11549 11741 11742
f 11549 11742 11547
f 11406 11405 11741
f 11406 11741 11739
f 11405 11403 11742
f 11405 11742 11741
f 11401 11400 11743
f 11401 11743 11744
f 11401 11744 11742
f 11401 11742 11403
f 11546 11545 11744
f 11546 11744 11743
f 11545 11547 11742
f 11545 11742 11744
f 11400 11684 11745
f 11400 11745 11743
f 11684 11682 11746
f 11684 11746 11745
f 11680 11679 11747
f 11680 11747 11748
f 11680 11748 11746
f 11680 11746 11682
f 11672 11671 11748
f 11672 11748 11747
f 11671 11673 11746
f 11671 11746 11748
f 11674 11546 11743
f 11674 11743 11745
f 11674 11745 11746
f 11674 11746 11673
f 11718 11348 11351
f 11718 11351 11749
f 11720 11718 11749
f 11720 11749 11750
f 11751 11344 11347
f 11751 11347 11752
f 11753 11751 11752
f 11753 11752 11754
f 11755 11756 11757
f 11755 11757 11758
f 11755 11758 11759
f 11755 11759 11760
f 11761 11762 11758
f 11761 11758 11757
f 11762 11763 11759
f 11762 11759 11758
f 11764 11723 11726
f 11764 11726 11765
f 11765 11726 11731
f 11765 11731 11766
f 11760 11759 11765
f 11760 11765 11766
f 11763 11764 11765
f 11763 11765 11759
f 11767 11768 11769
f 11767 11769 11770
f 11771 11772 11773
f 11771 11773 11774
f 11775 11776 11777
f 11775 11777 11778
f 11779 11734 11733
f 11779 11733 11780
f 11779 11780 11781
f 11779 11781 11782
f 11783 11487 11488
f 11783 11488 11784
f 11785 11786 11487
f 11785 11487 11783
f 11786 11787 11480
f 11786 11480 11487
f 11788 11789 11455
f 11788 11455 11477
f 11788 11477 11480
f 11788 11480 11787
f 11461 11459 11790
f 11461 11790 11791
f 11462 11461 11791
f 11462 11791 11792
f 11456 11455 11789
f 11456 11789 11793
f 11459 11456 11793
f 11459 11793 11790
f 11704 11715 11794
f 11704 11794 11795
f 11715 11462 11792
f 11715 11792 11794
f 11700 11699 11796
f 11700 11796 11797
f 11699 11704 11795
f 11699 11795 11796
f 11700 11798 11799
f 11700 11799 11701
f 11798 11700 11797
f 11798 11797 11800
f 11801 11798 11800
f 11801 11800 11802
f 11798 11801 11803
f 11798 11803 11799
f 11297 11804 11805
f 11297 11805 11301
f 11804 11801 11802
f 11804 11802 11805
f 11804 11297 11300
f 11804 11300 11806
f 11801 11804 11806
f 11801 11806 11803
f 11734 11779 11807
f 11734 11807 11808
f 11779 11782 11809
f 11779 11809 11807
f 11731 11730 11810
f 11731 11810 11811
f 11730 11729 11812
f 11730 11812 11810
f 11735 11734 11808
f 11735 11808 11813
f 11729 11735 11813
f 11729 11813 11812
f 11756 11755 11814
f 11756 11814 11815
f 11755 11760 11816
f 11755 11816 11814
f 11766 11731 11811
f 11766 11811 11817
f 11760 11766 11817
f 11760 11817 11816
f 11818 11283 11280
f 11818 11280 11819
f 11820 11818 11819
f 11820 11819 11821
f 11707 11706 11822
f 11707 11822 11823
f 11822 11824 11825
f 11822 11825 11820
f 11822 11820 11821
f 11822 11821 11823
f 11688 11707 11823
f 11688 11823 11826
f 11827 11826 11823
f 11827 11823 11821
f 11279 11828 11819
f 11279 11819 11280
f 11827 11821 11819
f 11827 11819 11828
f 11689 11688 11826
f 11689 11826 11829
f 11826 11827 11830
f 11826 11830 11829
f 11828 11279 11286
f 11828 11286 11831
f 11828 11831 11830
f 11828 11830 11827
f 11832 11287 11290
f 11832 11290 11833
f 11834 11832 11833
f 11834 11833 11835
f 11836 11837 11832
f 11836 11832 11834
f 11837 11291 11287
f 11837 11287 11832
f 11675 11678 11838
f 11675 11838 11839
f 11695 11840 11838
f 11695 11838 11678
f 11840 11836 11834
f 11840 11834 11838
f 11838 11834 11835
f 11838 11835 11839
f 11839 11835 11841
f 11839 11841 11842
f 11675 11839 11842
f 11675 11842 11679
f 11833 11290 11305
f 11833 11305 11843
f 11835 11833 11843
f 11835 11843 11841
f 11679 11842 11844
f 11679 11844 11747
f 11842 11841 11845
f 11842 11845 11844
f 11843 11305 11308
f 11843 11308 11846
f 11843 11846 11845
f 11843 11845 11841
f 11308 11295 11847
f 11308 11847 11846
f 11847 11848 11845
f 11847 11845 11846
f 11849 11672 11747
f 11849 11747 11844
f 11849 11844 11845
f 11849 11845 11848
f 11664 11672 11849
f 11664 11849 11850
f 11849 11848 11851
f 11849 11851 11850
f 11847 11295 11294
f 11847 11294 11852
f 11848 11847 11852
f 11848 11852 11851
f 11665 11664 11850
f 11665 11850 11853
f 11850 11851 11854
f 11850 11854 11853
f 11852 11294 11304
f 11852 11304 11855
f 11852 11855 11854
f 11852 11854 11851
f 11304 11277 11856
f 11304 11856 11855
f 11856 11857 11854
f 11856 11854 11855
f 11858 11660 11665
f 11858 11665 11853
f 11858 11853 11854
f 11858 11854 11857
f 11658 11660 11858
f 11658 11858 11859
f 11858 11857 11860
f 11858 11860 11859
f 11856 11277 11273
f 11856 11273 11861
f 11856 11861 11860
f 11856 11860 11857
f 11861 11273 11276
f 11861 11276 11507
f 11860 11861 11507
f 11860 11507 11505
f 11503 11658 11859
f 11503 11859 11504
f 11859 11860 11505
f 11859 11505 11504
f 11862 11638 11500
f 11862 11500 11499
f 11863 11862 11499
f 11863 11499 11502
f 11317 11864 11508
f 11317 11508 11312
f 11864 11863 11502
f 11864 11502 11508
f 11317 11316 11865
f 11317 11865 11864
f 11865 11866 11863
f 11865 11863 11864
f 11867 11643 11638
f 11867 11638 11862
f 11866 11867 11862
f 11866 11862 11863
f 11634 11637 11868
f 11634 11868 11869
f 11868 11870 11871
f 11868 11871 11869
f 11872 11319 11313
f 11872 11313 11873
f 11870 11872 11873
f 11870 11873 11871
f 11873 11313 11271
f 11873 11271 11452
f 11871 11873 11452
f 11871 11452 11450
f 11447 11634 11869
f 11447 11869 11448
f 11869 11871 11450
f 11869 11450 11448
f 11454 11255 11251
f 11454 11251 11874
f 11451 11454 11874
f 11451 11874 11875
f 11621 11446 11445
f 11621 11445 11876
f 11445 11451 11875
f 11445 11875 11876
f 11876 11875 11877
f 11876 11877 11878
f 11600 11621 11876
f 11600 11876 11878
f 11874 11251 11250
f 11874 11250 11879
f 11875 11874 11879
f 11875 11879 11877
f 11878 11877 11880
f 11878 11880 11881
f 11597 11600 11878
f 11597 11878 11881
f 11879 11250 11254
f 11879 11254 11882
f 11877 11879 11882
f 11877 11882 11880
f 11881 11880 11883
f 11881 11883 11884
f 11597 11881 11884
f 11597 11884 11601
f 11882 11254 11266
f 11882 11266 11885
f 11880 11882 11885
f 11880 11885 11883
f 11886 11267 11270
f 11886 11270 11887
f 11888 11886 11887
f 11888 11887 11889
f 11890 11608 11607
f 11890 11607 11891
f 11891 11888 11889
f 11891 11889 11890
f 11259 11892 11893
f 11259 11893 11321
f 11892 11894 11895
f 11892 11895 11893
f 11896 11756 11815
f 11896 11815 11897
f 11894 11896 11897
f 11894 11897 11895
f 11898 11757 11756
f 11898 11756 11896
f 11896 11894 11899
f 11896 11899 11898
f 11892 11259 11262
f 11892 11262 11900
f 11892 11900 11899
f 11892 11899 11894
f 11264 11901 11900
f 11264 11900 11262
f 11901 11902 11899
f 11901 11899 11900
f 11903 11761 11757
f 11903 11757 11898
f 11902 11903 11898
f 11902 11898 11899
f 11904 11905 11906
f 11904 11906 11907
f 11589 11588 11584
f 11589 11584 11583
f 11594 11589 11583
f 11594 11583 11592
f 11592 11591 11595
f 11592 11595 11594
f 11538 11533 11595
f 11538 11595 11591
f 11538 11537 11534
f 11538 11534 11533
f 11540 11530 11534
f 11540 11534 11537
f 11540 11544 11531
f 11540 11531 11530
f 11543 11532 11531
f 11543 11531 11544
f 11543 11698 11696
f 11543 11696 11532
f 11691 11693 11696
f 11691 11696 11698
f 11691 11690 11694
f 11691 11694 11693
f 11689 11695 11694
f 11689 11694 11690
f 11689 11829 11840
f 11689 11840 11695
f 11830 11836 11840
f 11830 11840 11829
f 11830 11831 11837
f 11830 11837 11836
f 11286 11291 11837
f 11286 11837 11831
f 11286 11285 11292
f 11286 11292 11291
f 6651 6654 11292
f 6651 11292 11285
f 11908 11909 11910
f 11908 11910 11911
f 11912 11913 11914
f 11912 11914 11915
f 11916 11917 11908
f 11916 11908 11911
f 11918 11919 11920
f 11918 11920 11921
f 11922 11923 11924
f 11922 11924 11925
f 11915 11914 11926
f 11915 11926 11927
f 11911 11910 11928
f 11911 11928 11929
f 11930 11916 11911
f 11930 11911 11929
f 11931 11932 11933
f 11931 11933 11934
f 11935 11775 11778
f 11935 11778 11936
f 11937 11930 11929
f 11937 11929 11938
f 11939 11940 11941
f 11939 11941 11942
f 11928 11943 11938
f 11928 11938 11929
f 11926 11944 11945
f 11926 11945 11927
f 11906 11946 11947
f 11906 11947 11907
f 11941 11945 11944
f 11941 11944 11942
f 11948 11931 11934
f 11948 11934 11949
f 11950 11951 11952
f 11950 11952 11953
f 11954 11955 11956
f 11954 11956 11957
f 11958 11954 11957
f 11958 11957 11959
f 11960 11961 11962
f 11960 11962 11963
f 11961 11774 11773
f 11961 11773 11962
f 11955 11770 11769
f 11955 11769 11956
f 11951 11948 11949
f 11951 11949 11952
f 11777 11937 11938
f 11777 11938 11778
f 11778 11938 11943
f 11778 11943 11936
f 11964 11965 11933
f 11964 11933 11932
f 11966 11967 11958
f 11966 11958 11959
f 11968 11969 11963
f 11968 11963 11962
f 11970 11968 11962
f 11970 11962 11773
f 11971 11970 11773
f 11971 11773 11772
f 11933 11972 11973
f 11933 11973 11934
f 11973 11974 11949
f 11973 11949 11934
f 11974 11975 11952
f 11974 11952 11949
f 11973 11972 11976
f 11973 11976 11977
f 11978 11974 11973
f 11978 11973 11977
f 11979 11975 11974
f 11979 11974 11978
f 11952 11975 11979
f 11952 11979 11980
f 11952 11980 11981
f 11952 11981 11953
f 11965 11982 11972
f 11965 11972 11933
f 11732 11728 11727
f 11732 11727 11983
f 11733 11732 11983
f 11733 11983 11984
f 11780 11733 11984
f 11780 11984 11985
f 11781 11780 11985
f 11781 11985 11986
f 11750 11749 11751
f 11750 11751 11753
f 11749 11351 11344
f 11749 11344 11751
f 11351 11350 11345
f 11351 11345 11344
f 11350 11341 11336
f 11350 11336 11345
f 11341 11340 11332
f 11341 11332 11336
f 11340 11343 11333
f 11340 11333 11332
f 11343 11615 11612
f 11343 11612 11333
f 11615 11604 11610
f 11615 11610 11612
f 11604 11602 11606
f 11604 11606 11610
f 11602 11601 11607
f 11602 11607 11606
f 11891 11607 11601
f 11891 11601 11884
f 11884 11883 11888
f 11884 11888 11891
f 11883 11885 11886
f 11883 11886 11888
f 11885 11266 11267
f 11885 11267 11886
f 11266 11265 11268
f 11266 11268 11267
f 11265 6641 6642
f 11265 6642 11268
f 11269 6643 6669
f 11269 6669 11322
f 11270 11269 11322
f 11270 11322 11321
f 11887 11270 11321
f 11887 11321 11893
f 11889 11887 11893
f 11889 11893 11895
f 11890 11889 11895
f 11890 11895 11897
f 11608 11890 11897
f 11608 11897 11815
f 11609 11608 11815
f 11609 11815 11814
f 11611 11609 11814
f 11611 11814 11816
f 11613 11611 11816
f 11613 11816 11817
f 11334 11613 11817
f 11334 11817 11811
f 11335 11334 11811
f 11335 11811 11810
f 11337 11335 11810
f 11337 11810 11812
f 11346 11337 11812
f 11346 11812 11813
f 11347 11346 11813
f 11347 11813 11808
f 11752 11347 11808
f 11752 11808 11807
f 11754 11752 11807
f 11754 11807 11809
f 11776 11981 11980
f 11776 11980 11777
f 11979 11937 11777
f 11979 11777 11980
f 11978 11930 11937
f 11978 11937 11979
f 11977 11916 11930
f 11977 11930 11978
f 11976 11917 11916
f 11976 11916 11977
f 11320 11315 6667
f 11320 6667 6668
f 11320 11319 11316
f 11320 11316 11315
f 11865 11316 11319
f 11865 11319 11872
f 11872 11870 11866
f 11872 11866 11865
f 11868 11867 11866
f 11868 11866 11870
f 11868 11637 11643
f 11868 11643 11867
f 11637 11636 11644
f 11637 11644 11643
f 11636 11633 11645
f 11636 11645 11644
f 11632 11646 11645
f 11632 11645 11633
f 11632 11557 11574
f 11632 11574 11646
f 11557 11556 11575
f 11557 11575 11574
f 11556 11553 11576
f 11556 11576 11575
f 11552 11577 11576
f 11552 11576 11553
f 11552 11510 11567
f 11552 11567 11577
f 11510 11509 11568
f 11510 11568 11567
f 11509 11385 11569
f 11509 11569 11568
f 11579 11569 11385
f 11579 11385 11384
f 11331 11330 11529
f 11331 11529 11376
f 11987 11922 11925
f 11987 11925 11988
f 11967 11989 11990
f 11967 11990 11958
f 11991 11954 11958
f 11991 11958 11990
f 11992 11955 11954
f 11992 11954 11991
f 11992 11993 11770
f 11992 11770 11955
f 11767 11770 11993
f 11767 11993 11994
f 11768 11771 11774
f 11768 11774 11769
f 11956 11769 11774
f 11956 11774 11961
f 11957 11956 11961
f 11957 11961 11960
f 11959 11957 11960
f 11959 11960 11963
f 11969 11966 11959
f 11969 11959 11963
f 11923 11995 11996
f 11923 11996 11924
f 11997 11998 11999
f 11997 11999 12000
f 12001 12002 11997
f 12001 11997 12000
f 12003 12001 12000
f 12003 12000 12004
f 12000 11999 12005
f 12000 12005 12004
f 12006 12003 12004
f 12006 12004 12007
f 12004 12005 12008
f 12004 12008 12007
f 11951 11950 11994
f 11951 11994 11993
f 11992 11948 11951
f 11992 11951 11993
f 11991 11931 11948
f 11991 11948 11992
f 11990 11932 11931
f 11990 11931 11991
f 11989 11964 11932
f 11989 11932 11990
f 11919 11987 11988
f 11919 11988 11920
f 12009 12006 12007
f 12009 12007 12010
f 12007 12008 11387
f 12007 11387 12010
f 12009 12010 12011
f 12009 12011 12012
f 12010 11387 11388
f 12010 11388 12011
f 12013 11918 11921
f 12013 11921 12014
f 12015 12012 12011
f 12015 12011 12016
f 12011 11388 11386
f 12011 11386 12016
f 12017 11379 11378
f 12017 11378 12018
f 12018 11378 11381
f 12018 11381 12019
f 11384 11383 12020
f 11384 12020 12021
f 11386 11379 12017
f 11386 12017 12016
f 11578 11579 12022
f 11578 12022 12023
f 11381 11578 12023
f 11381 12023 12019
f 11579 11384 12021
f 11579 12021 12022
f 12024 12013 12014
f 12024 12014 12025
f 12026 12027 12028
f 12026 12028 12029
f 12024 12025 12029
f 12024 12029 12028
f 12030 12015 12016
f 12030 12016 12017
f 12021 12020 12027
f 12021 12027 12026
f 12022 12021 12026
f 12022 12026 12031
f 12023 12022 12031
f 12023 12031 12032
f 12019 12023 12032
f 12019 12032 12033
f 12031 12026 12029
f 12031 12029 12034
f 12032 12031 12034
f 12032 12034 12035
f 12033 12032 12035
f 12033 12035 12036
f 12018 12019 12033
f 12018 12033 12036
f 12037 12038 12039
f 12037 12039 12040
f 12038 12041 12042
f 12038 12042 12039
f 12042 12041 12043
f 12042 12043 12044
f 12043 12045 12046
f 12043 12046 12044
f 12045 12047 12048
f 12045 12048 12046
f 12047 12049 12050
f 12047 12050 12048
f 12049 12051 12052
f 12049 12052 12050
f 12014 12038 12037
f 12014 12037 12025
f 11921 12041 12038
f 11921 12038 12014
f 12041 11921 11920
f 12041 11920 12043
f 11988 12045 12043
f 11988 12043 11920
f 11925 12047 12045
f 11925 12045 11988
f 11924 12049 12047
f 11924 12047 11925
f 11996 12051 12049
f 11996 12049 11924
f 12040 12039 12015
f 12040 12015 12030
f 12039 12042 12012
f 12039 12012 12015
f 12009 12012 12042
f 12009 12042 12044
f 12044 12046 12006
f 12044 12006 12009
f 12046 12048 12003
f 12046 12003 12006
f 12048 12050 12001
f 12048 12001 12003
f 12050 12052 12002
f 12050 12002 12001
f 12025 12037 12034
f 12025 12034 12029
f 12040 12030 12036
f 12040 12036 12035
f 12037 12040 12035
f 12037 12035 12034
f 12030 12017 12018
f 12030 12018 12036
f 12053 11382 11413
f 12053 11413 12054
f 12055 12053 12054
f 12055 12054 12056
f 12054 11413 11414
f 12054 11414 12057
f 12056 12054 12057
f 12056 12057 12058
f 12059 12055 12056
f 12059 12056 12060
f 12060 12056 12058
f 12060 12058 12061
f 12062 11913 12063
f 12062 12063 12064
f 12062 12064 12060
f 12062 12060 12065
f 12065 12060 12061
f 12065 12061 12066
f 12062 12065 12067
f 12062 12067 12068
f 12067 12065 12066
f 12067 12066 12069
f 12068 12067 12070
f 12068 12070 12071
f 12070 12067 12069
f 12070 12069 12072
f 12071 12070 12073
f 12071 12073 12074
f 12073 12070 12072
f 12073 12072 12075
f 12074 12073 12076
f 12074 12076 12077
f 12076 12073 12075
f 12076 12075 12078
f 12077 12076 12079
f 12077 12079 12080
f 12079 12076 12078
f 12079 12078 12081
f 12080 12079 12082
f 12080 12082 12083
f 12082 12079 12081
f 12082 12081 12084
f 12083 12082 12085
f 12083 12085 12086
f 12085 12082 12084
f 12085 12084 12087
f 12087 12084 12088
f 12087 12088 12089
f 12084 12081 12090
f 12084 12090 12088
f 12081 12078 12091
f 12081 12091 12090
f 12057 11414 11418
f 12057 11418 12092
f 12058 12057 12092
f 12058 12092 12093
f 12061 12058 12093
f 12061 12093 12094
f 12066 12061 12094
f 12066 12094 12095
f 12069 12066 12095
f 12069 12095 12096
f 12072 12069 12096
f 12072 12096 12097
f 12075 12072 12097
f 12075 12097 12098
f 12091 12078 12075
f 12091 12075 12098
f 12090 12091 12099
f 12090 12099 12100
f 12088 12090 12100
f 12088 12100 12101
f 12089 12088 12101
f 12089 12101 12102
f 12092 11418 11512
f 12092 11512 12103
f 12093 12092 12103
f 12093 12103 12104
f 12094 12093 12104
f 12094 12104 12105
f 12095 12094 12105
f 12095 12105 12106
f 12096 12095 12106
f 12096 12106 12107
f 12097 12096 12107
f 12097 12107 12108
f 12098 12097 12108
f 12098 12108 12109
f 12091 12098 12109
f 12091 12109 12099
f 12103 11512 11719
f 12103 11719 12110
f 12104 12103 12110
f 12104 12110 12105
f 12109 12111 12112
f 12109 12112 12099
f 12099 12112 12113
f 12099 12113 12100
f 12101 12100 12113
f 12101 12113 12114
f 12101 12114 12115
f 12101 12115 12102
f 12111 11754 11809
f 12111 11809 12112
f 12112 11809 11782
f 12112 11782 12113
f 12114 12113 11782
f 12114 11782 11781
f 12114 11781 11986
f 12114 11986 12115
f 12116 12111 12109
f 12116 12109 12108
f 12117 12116 12108
f 12117 12108 12107
f 12117 12107 12106
f 12117 12106 12118
f 12118 12106 12105
f 12118 12105 12110
f 12118 12110 11719
f 12118 11719 11720
f 12117 12118 11720
f 12117 11720 11750
f 11750 11753 12116
f 11750 12116 12117
f 11753 11754 12111
f 11753 12111 12116
f 11383 11382 12053
f 11383 12053 12119
f 12020 11383 12119
f 12020 12119 12120
f 12013 12024 12121
f 12013 12121 12122
f 11982 12123 11976
f 11982 11976 11972
f 12121 12024 12028
f 12121 12028 12124
f 12124 12028 12027
f 12124 12027 12125
f 11908 11917 12126
f 11908 12126 12127
f 11917 11976 12123
f 11917 12123 12126
f 12128 12129 11910
f 12128 11910 11909
f 12129 12130 11928
f 12129 11928 11910
f 12130 12131 11943
f 12130 11943 11928
f 12131 12132 11936
f 12131 11936 11943
f 12132 12133 11935
f 12132 11935 11936
f 11914 11913 12062
f 11914 12062 12134
f 11926 11914 12134
f 11926 12134 12135
f 11946 11944 11926
f 11946 11926 12135
f 11942 11944 11946
f 11942 11946 11906
f 11939 11942 11906
f 11939 11906 11905
f 12027 12020 12120
f 12027 12120 12125
f 12122 12121 12136
f 12122 12136 12137
f 11909 11908 12127
f 11909 12127 12138
f 12136 12121 12124
f 12136 12124 12139
f 12139 12124 12125
f 12139 12125 12140
f 11909 12138 12141
f 11909 12141 12128
f 12129 12128 12142
f 12129 12142 12143
f 12130 12129 12143
f 12130 12143 12144
f 12144 12145 12131
f 12144 12131 12130
f 12132 12131 12145
f 12132 12145 12146
f 12132 12146 12147
f 12132 12147 12133
f 12143 12142 11912
f 12143 11912 11915
f 12144 12143 11915
f 12144 11915 11927
f 11945 12145 12144
f 11945 12144 11927
f 12146 12145 11945
f 12146 11945 11941
f 12146 11941 11940
f 12146 11940 12147
f 12128 12141 12148
f 12128 12148 12142
f 12140 12125 12120
f 12140 12120 12149
f 11912 12142 12148
f 11912 12148 12150
f 12149 12120 12119
f 12149 12119 12151
f 12150 12063 11913
f 12150 11913 11912
f 12151 12119 12053
f 12151 12053 12055
f 12152 12153 12154
f 12152 12154 12155
f 12156 12153 12152
f 12156 12152 12157
f 12157 11995 12158
f 12157 12158 12156
f 11995 11923 12159
f 11995 12159 12158
f 12160 12159 11923
f 12160 11923 11922
f 12161 12160 11922
f 12161 11922 11987
f 11987 11919 12162
f 11987 12162 12161
f 12162 11919 11918
f 12162 11918 12163
f 11918 12013 12164
f 11918 12164 12163
f 12165 12164 12013
f 12165 12013 12122
f 12166 12165 12122
f 12166 12122 12137
f 12137 12136 12167
f 12137 12167 12166
f 12168 12167 12136
f 12168 12136 12139
f 12169 12168 12139
f 12169 12139 12140
f 12170 12169 12140
f 12170 12140 12149
f 12171 12170 12149
f 12171 12149 12151
f 12059 12171 12151
f 12059 12151 12055
f 12134 12062 12068
f 12134 12068 12172
f 12135 12134 12172
f 12135 12172 12173
f 11946 12135 12173
f 11946 12173 11947
f 11907 11947 12174
f 11907 12174 12175
f 11904 11907 12175
f 11904 12175 12176
f 11947 12173 12177
f 11947 12177 12174
f 12173 12172 12178
f 12173 12178 12177
f 12172 12068 12071
f 12172 12071 12178
f 12178 12071 12074
f 12178 12074 12179
f 12177 12178 12179
f 12177 12179 12180
f 12174 12177 12180
f 12174 12180 12181
f 12175 12174 12181
f 12175 12181 12182
f 12175 12182 12183
f 12175 12183 12176
f 12179 12074 12077
f 12179 12077 12184
f 12180 12179 12184
f 12180 12184 12185
f 12181 12180 12185
f 12181 12185 12186
f 12182 12181 12186
f 12182 12186 12187
f 12183 12182 12187
f 12183 12187 12188
f 12184 12077 12080
f 12184 12080 12189
f 12185 12184 12189
f 12185 12189 12190
f 12186 12185 12190
f 12186 12190 12191
f 12192 12188 12187
f 12192 12187 12193
f 12187 12186 12191
f 12187 12191 12193
f 12194 12192 12193
f 12194 12193 12195
f 12193 12191 12196
f 12193 12196 12195
f 12191 12190 12197
f 12191 12197 12196
f 12190 12189 12198
f 12190 12198 12197
f 12189 12080 12083
f 12189 12083 12198
f 12198 12083 12086
f 12198 12086 12199
f 12197 12198 12199
f 12197 12199 12200
f 12196 12197 12200
f 12196 12200 12201
f 12195 12196 12201
f 12195 12201 12194
f 11999 11998 11327
f 11999 11327 11324
f 12005 11999 11324
f 12005 11324 11323
f 12008 12005 11323
f 12008 11323 11387
f 12202 12203 11784
f 12202 11784 11488
f 12204 12202 11488
f 12204 11488 11479
f 11479 11478 12205
f 11479 12205 12204
f 11458 12206 12205
f 11458 12205 11478
f 11458 11457 11475
f 11458 11475 12206
f 11460 11476 11475
f 11460 11475 11457
f 11460 11464 12207
f 11460 12207 11476
f 11463 12208 12207
f 11463 12207 11464
f 11463 11716 11713
f 11463 11713 12208
f 11703 11714 11713
f 11703 11713 11716
f 11703 11702 12209
f 11703 12209 11714
f 11701 12210 12209
f 11701 12209 11702
f 11701 11799 11824
f 11701 11824 12210
f 11803 11825 11824
f 11803 11824 11799
f 11803 11806 12211
f 11803 12211 11825
f 11300 12212 12211
f 11300 12211 11806
f 11300 11299 12213
f 11300 12213 12212
f 6659 6670 12213
f 6659 12213 11299
f 12202 11485 11722
f 12202 11722 12203
f 12204 11483 11485
f 12204 11485 12202
f 12205 11481 11483
f 12205 11483 12204
f 12206 11471 11481
f 12206 11481 12205
f 11472 11471 12206
f 11472 12206 11475
f 12207 11465 11469
f 12207 11469 11476
f 11466 11465 12207
f 11466 12207 12208
f 11711 11466 12208
f 11711 12208 11713
f 12209 11705 11709
f 12209 11709 11714
f 11706 11705 12209
f 11706 12209 12210
f 11822 11706 12210
f 11822 12210 11824
f 12211 11818 11820
f 12211 11820 11825
f 12212 11283 11818
f 12212 11818 12211
f 11284 11283 12212
f 11284 12212 12213
f 6670 6649 11284
f 6670 11284 12213
f 11996 11995 12214
f 11996 12214 12215
f 11995 12157 12216
f 11995 12216 12214
f 12157 12152 12217
f 12157 12217 12216
f 12152 12155 12218
f 12152 12218 12217
f 11328 11327 12219
f 11328 12219 11390
f 11998 11997 12220
f 11998 12220 12221
f 11997 12002 12222
f 11997 12222 12220
f 12052 12051 12223
f 12052 12223 12224
f 12051 11996 12215
f 12051 12215 12223
f 12002 12052 12224
f 12002 12224 12222
f 11327 11998 12221
f 11327 12221 12219
f 11372 11375 12225
f 11372 12225 12226
f 11375 11390 12219
f 11375 12219 12225
f 11585 11584 12227
f 11585 12227 12228
f 11587 11586 12229
f 11587 12229 12230
f 11588 11587 12230
f 11588 12230 12231
f 11586 11596 12232
f 11586 12232 12229
f 11721 11585 12228
f 11721 12228 12233
f 11722 11721 12233
f 11722 12233 12234
f 11736 11372 12226
f 11736 12226 12235
f 11783 11784 12236
f 11783 12236 12237
f 11785 11783 12237
f 11785 12237 12238
f 11584 11588 12231
f 11584 12231 12227
f 11784 12203 12239
f 11784 12239 12236
f 12203 11722 12234
f 12203 12234 12239
f 11436 11740 11738
f 11436 11738 11438
f 12229 12232 12240
f 12229 12240 12241
f 12241 12240 12242
f 12241 12242 12243
f 12243 12242 12244
f 12243 12244 12245
f 12245 12244 12246
f 12245 12246 12247
f 12248 12249 12250
f 12248 12250 12251
f 12251 12250 12252
f 12251 12252 12253
f 12253 12252 12254
f 12253 12254 12255
f 12255 12254 12256
f 12255 12256 12257
f 12257 12256 12258
f 12257 12258 12259
f 12230 12229 12241
f 12230 12241 12260
f 12231 12230 12260
f 12231 12260 12261
f 12227 12231 12261
f 12227 12261 12262
f 12228 12227 12262
f 12228 12262 12263
f 12233 12228 12263
f 12233 12263 12264
f 12234 12233 12264
f 12234 12264 12265
f 12237 12236 12266
f 12237 12266 12267
f 12238 12237 12267
f 12238 12267 12268
f 12236 12239 12269
f 12236 12269 12266
f 12239 12234 12265
f 12239 12265 12269
f 12243 12245 12260
f 12243 12260 12241
f 12268 12267 12257
f 12268 12257 12259
f 12255 12257 12267
f 12255 12267 12266
f 12253 12255 12266
f 12253 12266 12269
f 12251 12253 12269
f 12251 12269 12265
f 12248 12251 12265
f 12248 12265 12264
f 12270 12271 12249
f 12270 12249 12248
f 12270 12248 12264
f 12270 12264 12263
f 12272 12273 12271
f 12272 12271 12270
f 12247 12246 12273
f 12247 12273 12272
f 12272 12270 12263
f 12272 12263 12262
f 12247 12272 12262
f 12247 12262 12261
f 12245 12247 12261
f 12245 12261 12260
f 11438 11738 11737
f 11438 11737 11440
f 11737 11736 11596
f 11737 11596 11440
f 12232 11596 11736
f 12232 11736 12235
f 12226 12225 12274
f 12226 12274 12275
f 12225 12219 12221
f 12225 12221 12274
f 12235 12226 12275
f 12235 12275 12276
f 12232 12235 12276
f 12232 12276 12240
f 12275 12274 12277
f 12275 12277 12278
f 12274 12221 12220
f 12274 12220 12277
f 12276 12275 12278
f 12276 12278 12279
f 12240 12276 12279
f 12240 12279 12242
f 12273 12246 12280
f 12273 12280 12281
f 12281 12280 12282
f 12281 12282 12283
f 12284 12285 12286
f 12284 12286 12222
f 12222 12286 12277
f 12222 12277 12220
f 12244 12242 12279
f 12244 12279 12287
f 12246 12244 12287
f 12246 12287 12280
f 12287 12279 12278
f 12287 12278 12288
f 12283 12282 12285
f 12283 12285 12284
f 12280 12287 12288
f 12280 12288 12282
f 12288 12286 12285
f 12288 12285 12282
f 12288 12278 12277
f 12288 12277 12286
f 12217 12218 12289
f 12217 12289 12290
f 12290 12291 12216
f 12290 12216 12217
f 12271 12273 12281
f 12271 12281 12292
f 12292 12281 12283
f 12292 12283 12293
f 12293 12283 12284
f 12293 12284 12294
f 12294 12284 12222
f 12294 12222 12224
f 12215 12214 12295
f 12215 12295 12296
f 12214 12216 12291
f 12214 12291 12295
f 12224 12223 12297
f 12224 12297 12294
f 12223 12215 12296
f 12223 12296 12297
f 12298 12299 12258
f 12298 12258 12256
f 12256 12254 12300
f 12256 12300 12298
f 12301 12302 12291
f 12301 12291 12290
f 12290 12289 12303
f 12290 12303 12301
f 12298 12300 12302
f 12298 12302 12301
f 12301 12303 12299
f 12301 12299 12298
f 12300 12254 12252
f 12300 12252 12304
f 12291 12302 12305
f 12291 12305 12295
f 12302 12300 12304
f 12302 12304 12305
f 12304 12252 12250
f 12304 12250 12306
f 12295 12305 12307
f 12295 12307 12296
f 12305 12304 12306
f 12305 12306 12307
f 12306 12250 12249
f 12306 12249 12308
f 12296 12307 12309
f 12296 12309 12297
f 12307 12306 12308
f 12307 12308 12309
f 12297 12309 12293
f 12297 12293 12294
f 12309 12308 12292
f 12309 12292 12293
f 12271 12292 12308
f 12271 12308 12249
f 12154 12153 11970
f 12154 11970 11971
f 12153 12156 11968
f 12153 11968 11970
f 12156 12158 11969
f 12156 11969 11968
f 12158 12159 11966
f 12158 11966 11969
f 12159 12160 11967
f 12159 11967 11966
f 12160 12161 11989
f 12160 11989 11967
f 12161 12162 11964
f 12161 11964 11989
f 12162 12163 11965
f 12162 11965 11964
f 12163 12164 11982
f 12163 11982 11965
f 12164 12165 12123
f 12164 12123 11982
f 12126 12123 12165
f 12126 12165 12166
f 12127 12126 12166
f 12127 12166 12167
f 12138 12127 12167
f 12138 12167 12168
f 12141 12138 12168
f 12141 12168 12169
f 12148 12141 12169
f 12148 12169 12170
f 12150 12148 12170
f 12150 12170 12171
f 12059 12063 12150
f 12059 12150 12171
f 12064 12063 12059
f 12064 12059 12060
f 12310 12311 12312
f 12310 12312 12313
f 6671 6673 12311
f 6671 12311 12310
f 12310 12314 6672
f 12310 6672 6671
f 12313 12315 12314
f 12313 12314 12310
f 12316 12312 12311
f 12316 12311 12317
f 12317 12318 12319
f 12317 12319 12316
f 6674 12318 12317
f 6674 12317 6675
f 12317 12311 6673
f 12317 6673 6675
f 12320 12321 12322
f 12320 12322 12323
f 12323 12322 6677
f 12323 6677 6676
f 11263 12322 12321
f 11263 12321 11264
f 6640 6677 12322
f 6640 12322 11263
f 12314 12324 6678
f 12314 6678 6672
f 12315 12325 12324
f 12315 12324 12314
f 12326 12327 12328
f 12326 12328 12329
f 12329 12328 6680
f 12329 6680 6679
f 12330 12319 12318
f 12330 12318 12331
f 12331 12318 6674
f 12331 6674 6681
f 12332 12333 12334
f 12332 12334 12335
f 12335 12334 6684
f 12335 6684 6683
f 12336 12332 12335
f 12336 12335 12337
f 12337 12335 6683
f 12337 6683 6682
f 12338 12339 12340
f 12338 12340 12341
f 12340 12342 12343
f 12340 12343 12341
f 12342 12340 6686
f 12342 6686 6685
f 6687 6686 12340
f 6687 12340 12339
f 12338 12344 12345
f 12338 12345 12339
f 12339 12345 6688
f 12339 6688 6687
f 12346 12347 12348
f 12346 12348 12349
f 12350 12346 12349
f 12350 12349 12351
f 12351 12349 6689
f 12351 6689 6691
f 12349 12348 6690
f 12349 6690 6689
f 12352 12353 12354
f 12352 12354 12355
f 6692 12353 12352
f 6692 12352 6693
f 12356 12357 12358
f 12356 12358 12359
f 12359 11302 11301
f 12359 11301 12356
f 6694 6658 11302
f 6694 11302 12359
f 12359 12358 6695
f 12359 6695 6694
f 12355 12360 12361
f 12355 12361 12352
f 12352 12361 6696
f 12352 6696 6693
f 12337 12361 12360
f 12337 12360 12336
f 12337 6682 6696
f 12337 6696 12361
f 12362 12363 12364
f 12362 12364 12365
f 12365 12364 6698
f 12365 6698 6697
f 12353 12364 12363
f 12353 12363 12354
f 12353 6692 6698
f 12353 6698 12364
f 12365 12348 12347
f 12365 12347 12362
f 6697 6690 12348
f 6697 12348 12365
f 12366 12334 12333
f 12366 12333 12367
f 6699 6684 12334
f 6699 12334 12366
f 12366 12368 6700
f 12366 6700 6699
f 12367 12369 12368
f 12367 12368 12366
f 12370 12330 12331
f 12370 12331 12371
f 12371 12331 6681
f 12371 6681 6701
f 12372 12373 12374
f 12372 12374 12375
f 6703 6702 12373
f 6703 12373 12372
f 12373 12368 12369
f 12373 12369 12374
f 6702 6700 12368
f 6702 12368 12373
f 12371 12376 12377
f 12371 12377 12370
f 6701 6704 12376
f 6701 12376 12371
f 12323 12378 12379
f 12323 12379 12320
f 6676 6705 12378
f 6676 12378 12323
f 12380 12381 12382
f 12380 12382 12383
f 12383 12382 12384
f 12383 12384 12385
f 12386 12384 12382
f 12386 12382 12387
f 12382 12381 12388
f 12382 12388 12387
f 12389 12390 12391
f 12389 12391 12392
f 12393 12394 12390
f 12393 12390 12389
f 12395 12396 12397
f 12395 12397 12398
f 12398 12397 12399
f 12398 12399 12400
f 12401 12402 12403
f 12401 12403 12404
f 12405 12406 12407
f 12405 12407 12408
f 12408 12407 12396
f 12408 12396 12395
f 12404 12403 12394
f 12404 12394 12393
f 12408 12409 12410
f 12408 12410 12405
f 12395 12411 12409
f 12395 12409 12408
f 12400 12412 12413
f 12400 12413 12398
f 12398 12413 12411
f 12398 12411 12395
f 12414 12415 12416
f 12414 12416 12417
f 12418 12419 12415
f 12418 12415 12414
f 12414 12420 12421
f 12414 12421 12418
f 12417 12422 12420
f 12417 12420 12414
f 12423 12424 12425
f 12423 12425 12426
f 12426 12427 12428
f 12426 12428 12423
f 12418 12421 12427
f 12418 12427 12426
f 12426 12425 12419
f 12426 12419 12418
f 12429 12430 12431
f 12429 12431 12432
f 12433 12434 12435
f 12433 12435 12436
f 12435 12437 12438
f 12435 12438 12436
f 12439 12440 12441
f 12439 12441 12442
f 12388 12443 12434
f 12388 12434 12433
f 12444 12445 12381
f 12444 12381 12380
f 12381 12445 12443
f 12381 12443 12388
f 12430 12446 12447
f 12430 12447 12431
f 12446 12384 12386
f 12446 12386 12447
f 12420 12448 12449
f 12420 12449 12421
f 12422 12450 12448
f 12422 12448 12420
f 12427 12451 12452
f 12427 12452 12428
f 12421 12449 12451
f 12421 12451 12427
f 12453 12454 12455
f 12453 12455 12456
f 12456 12457 12458
f 12456 12458 12453
f 12459 12460 12457
f 12459 12457 12456
f 12456 12455 12461
f 12456 12461 12459
f 12462 12463 12464
f 12462 12464 12465
f 12459 12463 12462
f 12459 12462 12460
f 12463 12466 12467
f 12463 12467 12464
f 12459 12461 12466
f 12459 12466 12463
f 12468 12469 12428
f 12468 12428 12452
f 12470 12471 12469
f 12470 12469 12468
f 12468 12472 12439
f 12468 12439 12470
f 12452 12473 12472
f 12452 12472 12468
f 12469 12474 12423
f 12469 12423 12428
f 12471 12475 12474
f 12471 12474 12469
f 12476 12477 12478
f 12476 12478 12479
f 12480 12481 12477
f 12480 12477 12476
f 12482 12483 12484
f 12482 12484 12485
f 12485 12484 12481
f 12485 12481 12480
f 12485 12486 12487
f 12485 12487 12482
f 12480 12488 12486
f 12480 12486 12485
f 12479 12489 12490
f 12479 12490 12476
f 12476 12490 12488
f 12476 12488 12480
f 12464 12467 12491
f 12464 12491 12492
f 12492 12493 12465
f 12492 12465 12464
f 12494 12495 12493
f 12494 12493 12492
f 12492 12491 12496
f 12492 12496 12494
f 12494 12497 12498
f 12494 12498 12495
f 12494 12496 12499
f 12494 12499 12497
f 12500 12501 12502
f 12500 12502 12503
f 12503 12504 12505
f 12503 12505 12500
f 12506 12507 12504
f 12506 12504 12503
f 12503 12502 12508
f 12503 12508 12506
f 12509 12510 12319
f 12509 12319 12330
f 12509 12507 12506
f 12509 12506 12510
f 12510 12511 12316
f 12510 12316 12319
f 12506 12508 12511
f 12506 12511 12510
f 12512 12513 12514
f 12512 12514 12515
f 12515 12514 12516
f 12515 12516 12517
f 12518 12519 12520
f 12518 12520 12521
f 12518 12517 12516
f 12518 12516 12519
f 12522 12523 12524
f 12522 12524 12525
f 12526 12527 12523
f 12526 12523 12522
f 12528 12529 12530
f 12528 12530 12531
f 12531 12526 12532
f 12531 12532 12533
f 12531 12530 12527
f 12531 12527 12526
f 12534 12535 12513
f 12534 12513 12512
f 12534 12536 12537
f 12534 12537 12535
f 12538 12539 12529
f 12538 12529 12528
f 12540 12541 12539
f 12540 12539 12538
f 12542 12543 12541
f 12542 12541 12540
f 12544 12545 12537
f 12544 12537 12536
f 12479 12546 12547
f 12479 12547 12489
f 12547 12546 12433
f 12547 12433 12436
f 12547 12548 12549
f 12547 12549 12489
f 12436 12438 12548
f 12436 12548 12547
f 12486 12550 12551
f 12486 12551 12487
f 12488 12552 12550
f 12488 12550 12486
f 12489 12549 12553
f 12489 12553 12490
f 12490 12553 12552
f 12490 12552 12488
f 12554 12555 12556
f 12554 12556 12557
f 12557 12556 12558
f 12557 12558 12559
f 12557 12560 12561
f 12557 12561 12554
f 12559 12562 12560
f 12559 12560 12557
f 12333 12563 12564
f 12333 12564 12367
f 12564 12563 12562
f 12564 12562 12559
f 12564 12565 12369
f 12564 12369 12367
f 12559 12558 12565
f 12559 12565 12564
f 12566 12472 12473
f 12566 12473 12567
f 12439 12472 12566
f 12439 12566 12440
f 12474 12568 12424
f 12474 12424 12423
f 12475 12569 12568
f 12475 12568 12474
f 12570 12571 12572
f 12570 12572 12573
f 12573 12572 12574
f 12573 12574 12575
f 12576 12577 12578
f 12576 12578 12579
f 12576 12575 12574
f 12576 12574 12577
f 12580 12578 12577
f 12580 12577 12581
f 12581 12577 12574
f 12581 12574 12582
f 12583 12572 12571
f 12583 12571 12584
f 12583 12582 12574
f 12583 12574 12572
f 12479 12478 12585
f 12479 12585 12546
f 12546 12585 12586
f 12546 12586 12433
f 12587 12461 12455
f 12587 12455 12588
f 12588 12455 12454
f 12588 12454 12589
f 12590 12467 12466
f 12590 12466 12591
f 12591 12466 12461
f 12591 12461 12587
f 12592 12593 12594
f 12592 12594 12595
f 12595 12594 12596
f 12595 12596 12597
f 12598 12599 12600
f 12598 12600 12601
f 12598 12597 12596
f 12598 12596 12599
f 12579 12602 12603
f 12579 12603 12576
f 12576 12603 12604
f 12576 12604 12575
f 12573 12605 12606
f 12573 12606 12570
f 12575 12604 12605
f 12575 12605 12573
f 12452 12451 12607
f 12452 12607 12473
f 12607 12451 12449
f 12607 12449 12608
f 12607 12609 12567
f 12607 12567 12473
f 12608 12610 12609
f 12608 12609 12607
f 12611 12612 12613
f 12611 12613 12614
f 12614 12613 12610
f 12614 12610 12608
f 12614 12448 12450
f 12614 12450 12611
f 12608 12449 12448
f 12608 12448 12614
f 12615 12616 12571
f 12615 12571 12570
f 12615 12617 12618
f 12615 12618 12616
f 12571 12616 12619
f 12571 12619 12584
f 12619 12616 12618
f 12619 12618 12620
f 12386 12620 12618
f 12386 12618 12447
f 12617 12431 12447
f 12617 12447 12618
f 12386 12387 12586
f 12386 12586 12620
f 12619 12585 12478
f 12619 12478 12584
f 12619 12620 12586
f 12619 12586 12585
f 12478 12477 12583
f 12478 12583 12584
f 12583 12477 12481
f 12583 12481 12582
f 12581 12484 12483
f 12581 12483 12580
f 12581 12582 12481
f 12581 12481 12484
f 12621 12549 12548
f 12621 12548 12622
f 12622 12548 12438
f 12622 12438 12623
f 12624 12621 12622
f 12624 12622 12625
f 12625 12622 12623
f 12625 12623 12626
f 12627 12553 12549
f 12627 12549 12621
f 12628 12552 12553
f 12628 12553 12627
f 12629 12551 12550
f 12629 12550 12630
f 12630 12550 12552
f 12630 12552 12628
f 12631 12629 12630
f 12631 12630 12632
f 12632 12630 12628
f 12632 12628 12633
f 12634 12627 12621
f 12634 12621 12624
f 12633 12628 12627
f 12633 12627 12634
f 12635 12636 12626
f 12635 12626 12623
f 12623 12438 12437
f 12623 12437 12635
f 12637 12615 12570
f 12637 12570 12606
f 12638 12617 12615
f 12638 12615 12637
f 12638 12432 12431
f 12638 12431 12617
f 12639 12640 12641
f 12639 12641 12642
f 12499 12643 12644
f 12499 12644 12497
f 12499 12645 12646
f 12499 12646 12643
f 12647 12648 12593
f 12647 12593 12592
f 12647 12649 12650
f 12647 12650 12648
f 12651 12496 12491
f 12651 12491 12652
f 12652 12491 12467
f 12652 12467 12590
f 12499 12496 12651
f 12499 12651 12645
f 12649 12639 12642
f 12649 12642 12650
f 12653 12498 12497
f 12653 12497 12644
f 12654 12655 12656
f 12654 12656 12657
f 12657 12658 12659
f 12657 12659 12654
f 12660 12661 12658
f 12660 12658 12657
f 12657 12656 12662
f 12657 12662 12660
f 12663 12664 12665
f 12663 12665 12666
f 12667 12668 12664
f 12667 12664 12663
f 12392 12391 12669
f 12392 12669 12670
f 12400 12399 12671
f 12400 12671 12672
f 12672 12671 12661
f 12672 12661 12660
f 12670 12669 12668
f 12670 12668 12667
f 12672 12673 12412
f 12672 12412 12400
f 12660 12662 12673
f 12660 12673 12672
f 12674 12675 12501
f 12674 12501 12500
f 12676 12677 12675
f 12676 12675 12674
f 12675 12678 12679
f 12675 12679 12501
f 12677 12680 12678
f 12677 12678 12675
f 12417 12416 12681
f 12417 12681 12682
f 12682 12683 12422
f 12682 12422 12417
f 12676 12683 12682
f 12676 12682 12677
f 12682 12681 12680
f 12682 12680 12677
f 12684 12674 12500
f 12684 12500 12505
f 12684 12685 12676
f 12684 12676 12674
f 12683 12686 12450
f 12683 12450 12422
f 12685 12686 12683
f 12685 12683 12676
f 12611 12450 12686
f 12611 12686 12687
f 12687 12686 12685
f 12687 12685 12688
f 12687 12689 12612
f 12687 12612 12611
f 12688 12690 12689
f 12688 12689 12687
f 12691 12692 12693
f 12691 12693 12694
f 12694 12693 12690
f 12694 12690 12688
f 12694 12684 12505
f 12694 12505 12691
f 12688 12685 12684
f 12688 12684 12694
f 12695 12555 12696
f 12695 12696 12697
f 12697 12696 12698
f 12697 12698 12699
f 12700 12695 12697
f 12700 12697 12701
f 12701 12697 12699
f 12701 12699 12702
f 12703 12704 12629
f 12703 12629 12631
f 12702 12699 12704
f 12702 12704 12703
f 12704 12705 12551
f 12704 12551 12629
f 12699 12698 12705
f 12699 12705 12704
f 12554 12561 12706
f 12554 12706 12707
f 12707 12706 12708
f 12707 12708 12709
f 12707 12696 12555
f 12707 12555 12554
f 12709 12698 12696
f 12709 12696 12707
f 12487 12551 12705
f 12487 12705 12710
f 12710 12705 12698
f 12710 12698 12709
f 12710 12711 12482
f 12710 12482 12487
f 12709 12708 12711
f 12709 12711 12710
f 12711 12712 12483
f 12711 12483 12482
f 12708 12713 12712
f 12708 12712 12711
f 12561 12714 12715
f 12561 12715 12706
f 12706 12715 12713
f 12706 12713 12708
f 12716 12715 12714
f 12716 12714 12717
f 12716 12718 12713
f 12716 12713 12715
f 12483 12712 12719
f 12483 12719 12580
f 12719 12712 12713
f 12719 12713 12718
f 12720 12721 12722
f 12720 12722 12723
f 12720 12724 12725
f 12720 12725 12721
f 12717 12722 12721
f 12717 12721 12716
f 12716 12721 12725
f 12716 12725 12718
f 12719 12726 12578
f 12719 12578 12580
f 12719 12718 12725
f 12719 12725 12726
f 12578 12726 12727
f 12578 12727 12579
f 12727 12726 12725
f 12727 12725 12724
f 12728 12720 12723
f 12728 12723 12729
f 12730 12724 12720
f 12730 12720 12728
f 12727 12731 12602
f 12727 12602 12579
f 12730 12731 12727
f 12730 12727 12724
f 12732 12733 12734
f 12732 12734 12735
f 12735 12736 12737
f 12735 12737 12732
f 12738 12739 12736
f 12738 12736 12735
f 12735 12734 12740
f 12735 12740 12738
f 12741 12742 12453
f 12741 12453 12458
f 12738 12742 12741
f 12738 12741 12739
f 12742 12743 12454
f 12742 12454 12453
f 12738 12740 12743
f 12738 12743 12742
f 12744 12745 12746
f 12744 12746 12747
f 12744 12748 12749
f 12744 12749 12745
f 12750 12740 12734
f 12750 12734 12751
f 12751 12734 12733
f 12751 12733 12752
f 12589 12454 12743
f 12589 12743 12753
f 12753 12743 12740
f 12753 12740 12750
f 12600 12754 12755
f 12600 12755 12601
f 12755 12754 12749
f 12755 12749 12748
f 12756 12757 12758
f 12756 12758 12759
f 12756 12760 12761
f 12756 12761 12757
f 12762 12763 12764
f 12762 12764 12765
f 12766 12767 12763
f 12766 12763 12762
f 12525 12524 12768
f 12525 12768 12769
f 12769 12766 12770
f 12769 12770 12771
f 12769 12768 12767
f 12769 12767 12766
f 12521 12520 12772
f 12521 12772 12773
f 12773 12772 12761
f 12773 12761 12760
f 12774 12775 12405
f 12774 12405 12410
f 12776 12777 12775
f 12776 12775 12774
f 12410 12424 12568
f 12410 12568 12774
f 12774 12568 12569
f 12774 12569 12776
f 12409 12425 12424
f 12409 12424 12410
f 12411 12419 12425
f 12411 12425 12409
f 12412 12416 12415
f 12412 12415 12413
f 12413 12415 12419
f 12413 12419 12411
f 12673 12681 12416
f 12673 12416 12412
f 12662 12680 12681
f 12662 12681 12673
f 12655 12679 12678
f 12655 12678 12656
f 12656 12678 12680
f 12656 12680 12662
f 12543 12778 12640
f 12543 12640 12639
f 12779 12778 12543
f 12779 12543 12542
f 12649 12541 12543
f 12649 12543 12639
f 12592 12529 12539
f 12592 12539 12647
f 12649 12647 12539
f 12649 12539 12541
f 12592 12595 12530
f 12592 12530 12529
f 12597 12527 12530
f 12597 12530 12595
f 12601 12524 12523
f 12601 12523 12598
f 12597 12598 12523
f 12597 12523 12527
f 12747 12764 12763
f 12747 12763 12744
f 12748 12744 12763
f 12748 12763 12767
f 12601 12755 12768
f 12601 12768 12524
f 12748 12767 12768
f 12748 12768 12755
f 11723 12780 12781
f 11723 12781 11724
f 11724 12781 12782
f 11724 12782 11727
f 12781 12783 12784
f 12781 12784 12782
f 12780 12785 12783
f 12780 12783 12781
f 12786 12787 12788
f 12786 12788 12789
f 12782 12784 12787
f 12782 12787 12786
f 12432 12790 12791
f 12432 12791 12429
f 12638 12792 12790
f 12638 12790 12432
f 12493 12793 12794
f 12493 12794 12465
f 12606 12794 12793
f 12606 12793 12637
f 12637 12793 12792
f 12637 12792 12638
f 12605 12795 12794
f 12605 12794 12606
f 12605 12604 12796
f 12605 12796 12795
f 12465 12794 12795
f 12465 12795 12462
f 12462 12795 12796
f 12462 12796 12460
f 12457 12797 12798
f 12457 12798 12458
f 12457 12460 12796
f 12457 12796 12797
f 12602 12798 12797
f 12602 12797 12603
f 12603 12797 12796
f 12603 12796 12604
f 12458 12798 12799
f 12458 12799 12741
f 12741 12799 12800
f 12741 12800 12739
f 12736 12801 12802
f 12736 12802 12737
f 12736 12739 12800
f 12736 12800 12801
f 12729 12802 12801
f 12729 12801 12728
f 12728 12801 12800
f 12728 12800 12730
f 12731 12799 12798
f 12731 12798 12602
f 12731 12730 12800
f 12731 12800 12799
f 12775 12803 12406
f 12775 12406 12405
f 12777 12804 12803
f 12777 12803 12775
f 12805 12806 12402
f 12805 12402 12401
f 12807 12808 12806
f 12807 12806 12805
f 12809 12810 12811
f 12809 12811 12812
f 12809 12813 12814
f 12809 12814 12810
f 11761 12811 12810
f 11761 12810 11762
f 11762 12810 12814
f 11762 12814 11763
f 11764 12815 12780
f 11764 12780 11723
f 12815 12816 12785
f 12815 12785 12780
f 12813 12816 12815
f 12813 12815 12814
f 11763 12814 12815
f 11763 12815 11764
f 11767 12817 12818
f 11767 12818 11768
f 11771 12819 12820
f 11771 12820 11772
f 11775 12821 12822
f 11775 12822 11776
f 12823 12824 12789
f 12823 12789 12788
f 12823 12825 12826
f 12823 12826 12824
f 12827 12828 12545
f 12827 12545 12544
f 11785 12827 12544
f 11785 12544 11786
f 11786 12544 12536
f 11786 12536 11787
f 11788 12534 12512
f 11788 12512 11789
f 11788 11787 12536
f 11788 12536 12534
f 12518 11791 11790
f 12518 11790 12517
f 12521 11792 11791
f 12521 11791 12518
f 12515 11793 11789
f 12515 11789 12512
f 12517 11790 11793
f 12517 11793 12515
f 12760 11795 11794
f 12760 11794 12773
f 12773 11794 11792
f 12773 11792 12521
f 12759 11797 11796
f 12759 11796 12756
f 12756 11796 11795
f 12756 11795 12760
f 12759 12758 12829
f 12759 12829 12830
f 12830 11800 11797
f 12830 11797 12759
f 12831 11802 11800
f 12831 11800 12830
f 12830 12829 12832
f 12830 12832 12831
f 12356 11301 11805
f 12356 11805 12833
f 12833 11805 11802
f 12833 11802 12831
f 12833 12834 12357
f 12833 12357 12356
f 12831 12832 12834
f 12831 12834 12833
f 12788 12835 12836
f 12788 12836 12823
f 12823 12836 12837
f 12823 12837 12825
f 12785 12838 12839
f 12785 12839 12783
f 12783 12839 12840
f 12783 12840 12784
f 12787 12841 12835
f 12787 12835 12788
f 12784 12840 12841
f 12784 12841 12787
f 12812 12842 12843
f 12812 12843 12809
f 12809 12843 12844
f 12809 12844 12813
f 12816 12845 12838
f 12816 12838 12785
f 12813 12844 12845
f 12813 12845 12816
f 12846 12847 12341
f 12846 12341 12343
f 12848 12849 12847
f 12848 12847 12846
f 12764 12850 12851
f 12764 12851 12765
f 12851 12848 12852
f 12851 12852 12853
f 12851 12850 12849
f 12851 12849 12848
f 12747 12854 12850
f 12747 12850 12764
f 12855 12849 12850
f 12855 12850 12854
f 12338 12341 12847
f 12338 12847 12856
f 12855 12856 12847
f 12855 12847 12849
f 12746 12857 12854
f 12746 12854 12747
f 12854 12857 12858
f 12854 12858 12855
f 12856 12859 12344
f 12856 12344 12338
f 12856 12855 12858
f 12856 12858 12859
f 12860 12861 12347
f 12860 12347 12346
f 12862 12863 12861
f 12862 12861 12860
f 12864 12862 12860
f 12864 12860 12865
f 12865 12860 12346
f 12865 12346 12350
f 12732 12866 12867
f 12732 12867 12733
f 12752 12733 12867
f 12752 12867 12868
f 12868 12867 12862
f 12868 12862 12864
f 12867 12866 12863
f 12867 12863 12862
f 12866 12869 12870
f 12866 12870 12863
f 12732 12737 12869
f 12732 12869 12866
f 12861 12871 12362
f 12861 12362 12347
f 12863 12870 12871
f 12863 12871 12861
f 12737 12802 12872
f 12737 12872 12869
f 12869 12872 12873
f 12869 12873 12870
f 12871 12874 12363
f 12871 12363 12362
f 12871 12870 12873
f 12871 12873 12874
f 12363 12874 12875
f 12363 12875 12354
f 12875 12874 12873
f 12875 12873 12876
f 12877 12872 12802
f 12877 12802 12729
f 12877 12876 12873
f 12877 12873 12872
f 12723 12878 12877
f 12723 12877 12729
f 12877 12878 12879
f 12877 12879 12876
f 12875 12880 12355
f 12875 12355 12354
f 12876 12879 12880
f 12876 12880 12875
f 12722 12881 12878
f 12722 12878 12723
f 12878 12881 12882
f 12878 12882 12879
f 12880 12883 12360
f 12880 12360 12355
f 12880 12879 12882
f 12880 12882 12883
f 12360 12883 12884
f 12360 12884 12336
f 12884 12883 12882
f 12884 12882 12885
f 12886 12881 12722
f 12886 12722 12717
f 12886 12885 12882
f 12886 12882 12881
f 12714 12887 12886
f 12714 12886 12717
f 12886 12887 12888
f 12886 12888 12885
f 12884 12889 12332
f 12884 12332 12336
f 12884 12885 12888
f 12884 12888 12889
f 12889 12563 12333
f 12889 12333 12332
f 12888 12562 12563
f 12888 12563 12889
f 12561 12560 12887
f 12561 12887 12714
f 12887 12560 12562
f 12887 12562 12888
f 12890 12556 12555
f 12890 12555 12695
f 12891 12558 12556
f 12891 12556 12890
f 12374 12369 12565
f 12374 12565 12892
f 12892 12565 12558
f 12892 12558 12891
f 12374 12892 12893
f 12374 12893 12375
f 12893 12892 12891
f 12893 12891 12894
f 12895 12890 12695
f 12895 12695 12700
f 12894 12891 12890
f 12894 12890 12895
f 12691 12896 12897
f 12691 12897 12692
f 12897 12896 12898
f 12897 12898 12899
f 12900 12901 12370
f 12900 12370 12377
f 12899 12898 12901
f 12899 12901 12900
f 12901 12509 12330
f 12901 12330 12370
f 12898 12507 12509
f 12898 12509 12901
f 12505 12504 12896
f 12505 12896 12691
f 12896 12504 12507
f 12896 12507 12898
f 12511 12902 12312
f 12511 12312 12316
f 12508 12903 12902
f 12508 12902 12511
f 12679 12904 12502
f 12679 12502 12501
f 12502 12904 12903
f 12502 12903 12508
f 12904 12905 12906
f 12904 12906 12903
f 12655 12905 12904
f 12655 12904 12679
f 12902 12907 12313
f 12902 12313 12312
f 12903 12906 12907
f 12903 12907 12902
f 12905 12908 12909
f 12905 12909 12906
f 12654 12908 12905
f 12654 12905 12655
f 12907 12910 12315
f 12907 12315 12313
f 12906 12909 12910
f 12906 12910 12907
f 12908 12911 12912
f 12908 12912 12909
f 12654 12659 12911
f 12654 12911 12908
f 12910 12913 12325
f 12910 12325 12315
f 12909 12912 12913
f 12909 12913 12910
f 12914 12915 12327
f 12914 12327 12326
f 12916 12917 12915
f 12916 12915 12914
f 12918 12919 12666
f 12918 12666 12665
f 12919 12918 12917
f 12919 12917 12916
f 12320 12379 12920
f 12320 12920 12921
f 12921 12920 12922
f 12921 12922 12923
f 12924 12925 12842
f 12924 12842 12812
f 12923 12922 12925
f 12923 12925 12924
f 12926 12924 12812
f 12926 12812 12811
f 12924 12926 12927
f 12924 12927 12923
f 12921 12928 12321
f 12921 12321 12320
f 12921 12923 12927
f 12921 12927 12928
f 11264 12321 12928
f 11264 12928 11901
f 11901 12928 12927
f 11901 12927 11902
f 11903 12926 12811
f 11903 12811 11761
f 11902 12927 12926
f 11902 12926 11903
f 11904 12929 12930
f 11904 12930 11905
f 12645 12642 12641
f 12645 12641 12646
f 12651 12650 12642
f 12651 12642 12645
f 12650 12651 12652
f 12650 12652 12648
f 12593 12648 12652
f 12593 12652 12590
f 12593 12590 12591
f 12593 12591 12594
f 12596 12594 12591
f 12596 12591 12587
f 12596 12587 12588
f 12596 12588 12599
f 12600 12599 12588
f 12600 12588 12589
f 12600 12589 12753
f 12600 12753 12754
f 12749 12754 12753
f 12749 12753 12750
f 12749 12750 12751
f 12749 12751 12745
f 12746 12745 12751
f 12746 12751 12752
f 12746 12752 12868
f 12746 12868 12857
f 12858 12857 12868
f 12858 12868 12864
f 12858 12864 12865
f 12858 12865 12859
f 12344 12859 12865
f 12344 12865 12350
f 12344 12350 12351
f 12344 12351 12345
f 6688 12345 12351
f 6688 12351 6691
f 12931 12932 12933
f 12931 12933 12934
f 12935 12936 12937
f 12935 12937 12938
f 12939 12932 12931
f 12939 12931 12940
f 12941 12942 12943
f 12941 12943 12944
f 12945 12946 12947
f 12945 12947 12948
f 12936 12949 12950
f 12936 12950 12937
f 12932 12951 12952
f 12932 12952 12933
f 12953 12951 12932
f 12953 12932 12939
f 12954 12955 12956
f 12954 12956 12957
f 11935 12958 12821
f 11935 12821 11775
f 12959 12960 12951
f 12959 12951 12953
f 11939 12961 12962
f 11939 12962 11940
f 12952 12951 12960
f 12952 12960 12963
f 12950 12949 12964
f 12950 12964 12965
f 12930 12929 12966
f 12930 12966 12967
f 12962 12961 12965
f 12962 12965 12964
f 12968 12969 12955
f 12968 12955 12954
f 11950 11953 12970
f 11950 12970 12971
f 12972 12973 12974
f 12972 12974 12975
f 12976 12977 12973
f 12976 12973 12972
f 12978 12979 12980
f 12978 12980 12981
f 12981 12980 12820
f 12981 12820 12819
f 12975 12974 12818
f 12975 12818 12817
f 12971 12970 12969
f 12971 12969 12968
f 12822 12821 12960
f 12822 12960 12959
f 12821 12958 12963
f 12821 12963 12960
f 12982 12957 12956
f 12982 12956 12983
f 12984 12977 12976
f 12984 12976 12985
f 12986 12980 12979
f 12986 12979 12987
f 12988 12820 12980
f 12988 12980 12986
f 11971 11772 12820
f 11971 12820 12988
f 12956 12955 12989
f 12956 12989 12990
f 12989 12955 12969
f 12989 12969 12991
f 12991 12969 12970
f 12991 12970 12992
f 12989 12993 12994
f 12989 12994 12990
f 12995 12993 12989
f 12995 12989 12991
f 12996 12995 12991
f 12996 12991 12992
f 12970 12997 12996
f 12970 12996 12992
f 12970 11953 11981
f 12970 11981 12997
f 12983 12956 12990
f 12983 12990 12998
f 12786 11983 11727
f 12786 11727 12782
f 12789 11984 11983
f 12789 11983 12786
f 12824 11985 11984
f 12824 11984 12789
f 12826 11986 11985
f 12826 11985 12824
f 12804 12807 12805
f 12804 12805 12803
f 12803 12805 12401
f 12803 12401 12406
f 12406 12401 12404
f 12406 12404 12407
f 12407 12404 12393
f 12407 12393 12396
f 12396 12393 12389
f 12396 12389 12397
f 12397 12389 12392
f 12397 12392 12399
f 12399 12392 12670
f 12399 12670 12671
f 12671 12670 12667
f 12671 12667 12661
f 12661 12667 12663
f 12661 12663 12658
f 12658 12663 12666
f 12658 12666 12659
f 12919 12911 12659
f 12919 12659 12666
f 12911 12919 12916
f 12911 12916 12912
f 12912 12916 12914
f 12912 12914 12913
f 12913 12914 12326
f 12913 12326 12325
f 12325 12326 12329
f 12325 12329 12324
f 12324 12329 6679
f 12324 6679 6678
f 12328 12378 6705
f 12328 6705 6680
f 12327 12379 12378
f 12327 12378 12328
f 12915 12920 12379
f 12915 12379 12327
f 12917 12922 12920
f 12917 12920 12915
f 12918 12925 12922
f 12918 12922 12917
f 12665 12842 12925
f 12665 12925 12918
f 12664 12843 12842
f 12664 12842 12665
f 12668 12844 12843
f 12668 12843 12664
f 12669 12845 12844
f 12669 12844 12668
f 12391 12838 12845
f 12391 12845 12669
f 12390 12839 12838
f 12390 12838 12391
f 12394 12840 12839
f 12394 12839 12390
f 12403 12841 12840
f 12403 12840 12394
f 12402 12835 12841
f 12402 12841 12403
f 12806 12836 12835
f 12806 12835 12402
f 12808 12837 12836
f 12808 12836 12806
f 11776 12822 12997
f 11776 12997 11981
f 12996 12997 12822
f 12996 12822 12959
f 12995 12996 12959
f 12995 12959 12953
f 12993 12995 12953
f 12993 12953 12939
f 12994 12993 12939
f 12994 12939 12940
f 12376 6704 6703
f 12376 6703 12372
f 12376 12372 12375
f 12376 12375 12377
f 12893 12900 12377
f 12893 12377 12375
f 12900 12893 12894
f 12900 12894 12899
f 12897 12899 12894
f 12897 12894 12895
f 12897 12895 12700
f 12897 12700 12692
f 12692 12700 12701
f 12692 12701 12693
f 12693 12701 12702
f 12693 12702 12690
f 12689 12690 12702
f 12689 12702 12703
f 12689 12703 12631
f 12689 12631 12612
f 12612 12631 12632
f 12612 12632 12613
f 12613 12632 12633
f 12613 12633 12610
f 12609 12610 12633
f 12609 12633 12634
f 12609 12634 12624
f 12609 12624 12567
f 12567 12624 12625
f 12567 12625 12566
f 12566 12625 12626
f 12566 12626 12440
f 12636 12441 12440
f 12636 12440 12626
f 12388 12433 12586
f 12388 12586 12387
f 12999 13000 12946
f 12999 12946 12945
f 12985 12976 13001
f 12985 13001 13002
f 13003 13001 12976
f 13003 12976 12972
f 13004 13003 12972
f 13004 12972 12975
f 13004 12975 12817
f 13004 12817 13005
f 11767 11994 13005
f 11767 13005 12817
f 11768 12818 12819
f 11768 12819 11771
f 12974 12981 12819
f 12974 12819 12818
f 12973 12978 12981
f 12973 12981 12974
f 12977 12979 12978
f 12977 12978 12973
f 12987 12979 12977
f 12987 12977 12984
f 12948 12947 13006
f 12948 13006 13007
f 13008 13009 13010
f 13008 13010 13011
f 13012 13009 13008
f 13012 13008 13013
f 13014 13015 13009
f 13014 13009 13012
f 13009 13015 13016
f 13009 13016 13010
f 13017 13018 13015
f 13017 13015 13014
f 13015 13018 13019
f 13015 13019 13016
f 12971 13005 11994
f 12971 11994 11950
f 13004 13005 12971
f 13004 12971 12968
f 13003 13004 12968
f 13003 12968 12954
f 13001 13003 12954
f 13001 12954 12957
f 13002 13001 12957
f 13002 12957 12982
f 12944 12943 13000
f 12944 13000 12999
f 13020 13021 13018
f 13020 13018 13017
f 13018 13021 12444
f 13018 12444 13019
f 13020 13022 13023
f 13020 13023 13021
f 13021 13023 12445
f 13021 12445 12444
f 13024 13025 12942
f 13024 12942 12941
f 13026 13027 13023
f 13026 13023 13022
f 13023 13027 12443
f 13023 12443 12445
f 13028 13029 12435
f 13028 12435 12434
f 13029 13030 12437
f 13029 12437 12435
f 12441 13031 13032
f 12441 13032 12442
f 12443 13027 13028
f 12443 13028 12434
f 12635 13033 13034
f 12635 13034 12636
f 12437 13030 13033
f 12437 13033 12635
f 12636 13034 13031
f 12636 13031 12441
f 13035 13036 13025
f 13035 13025 13024
f 13037 13038 13039
f 13037 13039 13040
f 13035 13039 13038
f 13035 13038 13036
f 13041 13028 13027
f 13041 13027 13026
f 13031 13037 13040
f 13031 13040 13032
f 13034 13042 13037
f 13034 13037 13031
f 13033 13043 13042
f 13033 13042 13034
f 13030 13044 13043
f 13030 13043 13033
f 13042 13045 13038
f 13042 13038 13037
f 13043 13046 13045
f 13043 13045 13042
f 13044 13047 13046
f 13044 13046 13043
f 13029 13047 13044
f 13029 13044 13030
f 13048 13049 13050
f 13048 13050 13051
f 13051 13050 13052
f 13051 13052 13053
f 13052 13054 13055
f 13052 13055 13053
f 13055 13054 13056
f 13055 13056 13057
f 13057 13056 13058
f 13057 13058 13059
f 13059 13058 13060
f 13059 13060 13061
f 13061 13060 13062
f 13061 13062 13063
f 13025 13036 13048
f 13025 13048 13051
f 12942 13025 13051
f 12942 13051 13053
f 13053 13055 12943
f 13053 12943 12942
f 13000 12943 13055
f 13000 13055 13057
f 12946 13000 13057
f 12946 13057 13059
f 12947 12946 13059
f 12947 13059 13061
f 13006 12947 13061
f 13006 13061 13063
f 13049 13041 13026
f 13049 13026 13050
f 13050 13026 13022
f 13050 13022 13052
f 13020 13054 13052
f 13020 13052 13022
f 13054 13020 13017
f 13054 13017 13056
f 13056 13017 13014
f 13056 13014 13058
f 13058 13014 13012
f 13058 13012 13060
f 13060 13012 13013
f 13060 13013 13062
f 13036 13038 13045
f 13036 13045 13048
f 13049 13046 13047
f 13049 13047 13041
f 13048 13045 13046
f 13048 13046 13049
f 13041 13047 13029
f 13041 13029 13028
f 13064 13065 12470
f 13064 12470 12439
f 13066 13067 13065
f 13066 13065 13064
f 13065 13068 12471
f 13065 12471 12470
f 13067 13069 13068
f 13067 13068 13065
f 13070 13071 13067
f 13070 13067 13066
f 13071 13072 13069
f 13071 13069 13067
f 13073 13074 13075
f 13073 13075 12938
f 13073 13076 13071
f 13073 13071 13074
f 13076 13077 13072
f 13076 13072 13071
f 13073 13078 13079
f 13073 13079 13076
f 13079 13080 13077
f 13079 13077 13076
f 13078 13081 13082
f 13078 13082 13079
f 13082 13083 13080
f 13082 13080 13079
f 13081 13084 13085
f 13081 13085 13082
f 13085 13086 13083
f 13085 13083 13082
f 13084 13087 13088
f 13084 13088 13085
f 13088 13089 13086
f 13088 13086 13085
f 13087 13090 13091
f 13087 13091 13088
f 13091 13092 13089
f 13091 13089 13088
f 13090 13093 13094
f 13090 13094 13091
f 13094 13095 13092
f 13094 13092 13091
f 13093 12086 12085
f 13093 12085 13094
f 12085 12087 13095
f 12085 13095 13094
f 12087 12089 13096
f 12087 13096 13095
f 13095 13096 13097
f 13095 13097 13092
f 13092 13097 13098
f 13092 13098 13089
f 13068 13099 12475
f 13068 12475 12471
f 13069 13100 13099
f 13069 13099 13068
f 13072 13101 13100
f 13072 13100 13069
f 13077 13102 13101
f 13077 13101 13072
f 13080 13103 13102
f 13080 13102 13077
f 13083 13104 13103
f 13083 13103 13080
f 13086 13105 13104
f 13086 13104 13083
f 13098 13105 13086
f 13098 13086 13089
f 13097 13106 13107
f 13097 13107 13098
f 13096 13108 13106
f 13096 13106 13097
f 12089 12102 13108
f 12089 13108 13096
f 13099 13109 12569
f 13099 12569 12475
f 13100 13110 13109
f 13100 13109 13099
f 13101 13111 13110
f 13101 13110 13100
f 13102 13112 13111
f 13102 13111 13101
f 13103 13113 13112
f 13103 13112 13102
f 13104 13114 13113
f 13104 13113 13103
f 13105 13115 13114
f 13105 13114 13104
f 13098 13107 13115
f 13098 13115 13105
f 13109 13116 12776
f 13109 12776 12569
f 13110 13111 13116
f 13110 13116 13109
f 13115 13107 13117
f 13115 13117 13118
f 13107 13106 13119
f 13107 13119 13117
f 13108 13120 13119
f 13108 13119 13106
f 13108 12102 12115
f 13108 12115 13120
f 13118 13117 12837
f 13118 12837 12808
f 13117 13119 12825
f 13117 12825 12837
f 13120 12826 12825
f 13120 12825 13119
f 13120 12115 11986
f 13120 11986 12826
f 13121 13114 13115
f 13121 13115 13118
f 13122 13113 13114
f 13122 13114 13121
f 13122 13123 13112
f 13122 13112 13113
f 13123 13116 13111
f 13123 13111 13112
f 13123 12777 12776
f 13123 12776 13116
f 13122 12804 12777
f 13122 12777 13123
f 12804 13122 13121
f 12804 13121 12807
f 12807 13121 13118
f 12807 13118 12808
f 12442 13124 13064
f 12442 13064 12439
f 13032 13125 13124
f 13032 13124 12442
f 13024 13126 13127
f 13024 13127 13035
f 12998 12990 12994
f 12998 12994 13128
f 13127 13129 13039
f 13127 13039 13035
f 13129 13130 13040
f 13129 13040 13039
f 12931 13131 13132
f 12931 13132 12940
f 12940 13132 13128
f 12940 13128 12994
f 13133 12934 12933
f 13133 12933 13134
f 13134 12933 12952
f 13134 12952 13135
f 13135 12952 12963
f 13135 12963 13136
f 13136 12963 12958
f 13136 12958 13137
f 13137 12958 11935
f 13137 11935 12133
f 12937 13138 13073
f 12937 13073 12938
f 12950 13139 13138
f 12950 13138 12937
f 12967 13139 12950
f 12967 12950 12965
f 12961 12930 12967
f 12961 12967 12965
f 11939 11905 12930
f 11939 12930 12961
f 13040 13130 13125
f 13040 13125 13032
f 13126 13140 13141
f 13126 13141 13127
f 12934 13142 13131
f 12934 13131 12931
f 13141 13143 13129
f 13141 13129 13127
f 13143 13144 13130
f 13143 13130 13129
f 12934 13133 13145
f 12934 13145 13142
f 13134 13146 13147
f 13134 13147 13133
f 13135 13148 13146
f 13135 13146 13134
f 13148 13135 13136
f 13148 13136 13149
f 13137 13150 13149
f 13137 13149 13136
f 13137 12133 12147
f 13137 12147 13150
f 13146 12936 12935
f 13146 12935 13147
f 13148 12949 12936
f 13148 12936 13146
f 12964 12949 13148
f 12964 13148 13149
f 13150 12962 12964
f 13150 12964 13149
f 13150 12147 11940
f 13150 11940 12962
f 13133 13147 13151
f 13133 13151 13145
f 13144 13152 13125
f 13144 13125 13130
f 12935 13153 13151
f 12935 13151 13147
f 13152 13154 13124
f 13152 13124 13125
f 13153 12935 12938
f 13153 12938 13075
f 13154 13066 13064
f 13154 13064 13124
f 13155 12155 12154
f 13155 12154 13156
f 13157 13158 13155
f 13157 13155 13156
f 13158 13157 13159
f 13158 13159 13007
f 13007 13159 13160
f 13007 13160 12948
f 13161 12945 12948
f 13161 12948 13160
f 13162 12999 12945
f 13162 12945 13161
f 12999 13162 13163
f 12999 13163 12944
f 13163 13164 12941
f 13163 12941 12944
f 12941 13164 13165
f 12941 13165 13024
f 13166 13126 13024
f 13166 13024 13165
f 13167 13140 13126
f 13167 13126 13166
f 13140 13167 13168
f 13140 13168 13141
f 13169 13143 13141
f 13169 13141 13168
f 13170 13144 13143
f 13170 13143 13169
f 13171 13152 13144
f 13171 13144 13170
f 13172 13154 13152
f 13172 13152 13171
f 13070 13066 13154
f 13070 13154 13172
f 13138 13173 13078
f 13138 13078 13073
f 13139 13174 13173
f 13139 13173 13138
f 12967 12966 13174
f 12967 13174 13139
f 12929 13175 13176
f 12929 13176 12966
f 11904 12176 13175
f 11904 13175 12929
f 12966 13176 13177
f 12966 13177 13174
f 13174 13177 13178
f 13174 13178 13173
f 13173 13178 13081
f 13173 13081 13078
f 13178 13179 13084
f 13178 13084 13081
f 13177 13180 13179
f 13177 13179 13178
f 13176 13181 13180
f 13176 13180 13177
f 13175 13182 13181
f 13175 13181 13176
f 13175 12176 12183
f 13175 12183 13182
f 13179 13183 13087
f 13179 13087 13084
f 13180 13184 13183
f 13180 13183 13179
f 13181 13185 13184
f 13181 13184 13180
f 13182 13186 13185
f 13182 13185 13181
f 12183 12188 13186
f 12183 13186 13182
f 13183 13187 13090
f 13183 13090 13087
f 13184 13188 13187
f 13184 13187 13183
f 13185 13189 13188
f 13185 13188 13184
f 12192 13190 13186
f 12192 13186 12188
f 13186 13190 13189
f 13186 13189 13185
f 12194 13191 13190
f 12194 13190 12192
f 13190 13191 13192
f 13190 13192 13189
f 13189 13192 13193
f 13189 13193 13188
f 13188 13193 13194
f 13188 13194 13187
f 13187 13194 13093
f 13187 13093 13090
f 13194 12199 12086
f 13194 12086 13093
f 13193 12200 12199
f 13193 12199 13194
f 13192 12201 12200
f 13192 12200 13193
f 13191 12194 12201
f 13191 12201 13192
f 13010 12383 12385
f 13010 12385 13011
f 13016 12380 12383
f 13016 12383 13010
f 13019 12444 12380
f 13019 12380 13016
f 13195 12545 12828
f 13195 12828 13196
f 13197 12537 12545
f 13197 12545 13195
f 12537 13197 13198
f 12537 13198 12535
f 12513 12535 13198
f 12513 13198 13199
f 12513 13199 12533
f 12513 12533 12514
f 12516 12514 12533
f 12516 12533 12532
f 12516 12532 13200
f 12516 13200 12519
f 12520 12519 13200
f 12520 13200 13201
f 12520 13201 12771
f 12520 12771 12772
f 12761 12772 12771
f 12761 12771 12770
f 12761 12770 13202
f 12761 13202 12757
f 12758 12757 13202
f 12758 13202 13203
f 12758 13203 12853
f 12758 12853 12829
f 12832 12829 12853
f 12832 12853 12852
f 12832 12852 13204
f 12832 13204 12834
f 12357 12834 13204
f 12357 13204 13205
f 12357 13205 13206
f 12357 13206 12358
f 6695 12358 13206
f 6695 13206 6706
f 13195 13196 12779
f 13195 12779 12542
f 13197 13195 12542
f 13197 12542 12540
f 13198 13197 12540
f 13198 12540 12538
f 13199 13198 12538
f 13199 12538 12528
f 12531 12533 13199
f 12531 13199 12528
f 13200 12532 12526
f 13200 12526 12522
f 12525 13201 13200
f 12525 13200 12522
f 12769 12771 13201
f 12769 13201 12525
f 13202 12770 12766
f 13202 12766 12762
f 12765 13203 13202
f 12765 13202 12762
f 12851 12853 13203
f 12851 13203 12765
f 13204 12852 12848
f 13204 12848 12846
f 13205 13204 12846
f 13205 12846 12343
f 12342 13206 13205
f 12342 13205 12343
f 6706 13206 12342
f 6706 12342 6685
f 13006 13207 13208
f 13006 13208 13007
f 13007 13208 13209
f 13007 13209 13158
f 13158 13209 13210
f 13158 13210 13155
f 13155 13210 12218
f 13155 12218 12155
f 12384 12446 13211
f 12384 13211 12385
f 13011 13212 13213
f 13011 13213 13008
f 13008 13213 13214
f 13008 13214 13013
f 13062 13215 13216
f 13062 13216 13063
f 13063 13216 13207
f 13063 13207 13006
f 13013 13214 13215
f 13013 13215 13062
f 12385 13211 13212
f 12385 13212 13011
f 12429 13217 13218
f 12429 13218 12430
f 12430 13218 13211
f 12430 13211 12446
f 12640 13219 13220
f 12640 13220 12641
f 12643 13221 13222
f 12643 13222 12644
f 12646 13223 13221
f 12646 13221 12643
f 12644 13222 13224
f 12644 13224 12653
f 12778 13225 13219
f 12778 13219 12640
f 12779 13226 13225
f 12779 13225 12778
f 12791 13227 13217
f 12791 13217 12429
f 12827 13228 13229
f 12827 13229 12828
f 11785 12238 13228
f 11785 13228 12827
f 12641 13220 13223
f 12641 13223 12646
f 12828 13229 13230
f 12828 13230 13196
f 13196 13230 13226
f 13196 13226 12779
f 12493 12495 12792
f 12493 12792 12793
f 13222 13231 13232
f 13222 13232 13224
f 13231 13233 13234
f 13231 13234 13232
f 13233 13235 13236
f 13233 13236 13234
f 13235 13237 13238
f 13235 13238 13236
f 13239 13240 13241
f 13239 13241 13242
f 13240 13243 13244
f 13240 13244 13241
f 13243 13245 13246
f 13243 13246 13244
f 13245 13247 13248
f 13245 13248 13246
f 13247 12259 12258
f 13247 12258 13248
f 13221 13249 13231
f 13221 13231 13222
f 13223 13250 13249
f 13223 13249 13221
f 13220 13251 13250
f 13220 13250 13223
f 13219 13252 13251
f 13219 13251 13220
f 13225 13253 13252
f 13225 13252 13219
f 13226 13254 13253
f 13226 13253 13225
f 13228 13255 13256
f 13228 13256 13229
f 12238 12268 13255
f 12238 13255 13228
f 13229 13256 13257
f 13229 13257 13230
f 13230 13257 13254
f 13230 13254 13226
f 13233 13231 13249
f 13233 13249 13235
f 12268 12259 13247
f 12268 13247 13255
f 13245 13256 13255
f 13245 13255 13247
f 13243 13257 13256
f 13243 13256 13245
f 13240 13254 13257
f 13240 13257 13243
f 13239 13253 13254
f 13239 13254 13240
f 13258 13239 13242
f 13258 13242 13259
f 13258 13252 13253
f 13258 13253 13239
f 13260 13258 13259
f 13260 13259 13261
f 13237 13260 13261
f 13237 13261 13238
f 13260 13251 13252
f 13260 13252 13258
f 13237 13250 13251
f 13237 13251 13260
f 13235 13249 13250
f 13235 13250 13237
f 12495 12498 12790
f 12495 12790 12792
f 12790 12498 12653
f 12790 12653 12791
f 13224 13227 12791
f 13224 12791 12653
f 13217 13262 13263
f 13217 13263 13218
f 13218 13263 13212
f 13218 13212 13211
f 13227 13264 13262
f 13227 13262 13217
f 13224 13232 13264
f 13224 13264 13227
f 13262 13265 13266
f 13262 13266 13263
f 13263 13266 13213
f 13263 13213 13212
f 13264 13267 13265
f 13264 13265 13262
f 13232 13234 13267
f 13232 13267 13264
f 13261 13268 13269
f 13261 13269 13238
f 13268 13270 13271
f 13268 13271 13269
f 13272 13214 13273
f 13272 13273 13274
f 13214 13213 13266
f 13214 13266 13273
f 13236 13275 13267
f 13236 13267 13234
f 13238 13269 13275
f 13238 13275 13236
f 13275 13276 13265
f 13275 13265 13267
f 13270 13272 13274
f 13270 13274 13271
f 13269 13271 13276
f 13269 13276 13275
f 13276 13271 13274
f 13276 13274 13273
f 13276 13273 13266
f 13276 13266 13265
f 13210 13277 12289
f 13210 12289 12218
f 13277 13210 13209
f 13277 13209 13278
f 13259 13279 13268
f 13259 13268 13261
f 13279 13280 13270
f 13279 13270 13268
f 13280 13281 13272
f 13280 13272 13270
f 13281 13215 13214
f 13281 13214 13272
f 13207 13282 13283
f 13207 13283 13208
f 13208 13283 13278
f 13208 13278 13209
f 13215 13281 13284
f 13215 13284 13216
f 13216 13284 13282
f 13216 13282 13207
f 13285 13248 12258
f 13285 12258 12299
f 13248 13285 13286
f 13248 13286 13246
f 13287 13277 13278
f 13287 13278 13288
f 13277 13287 12303
f 13277 12303 12289
f 13285 13287 13288
f 13285 13288 13286
f 13287 13285 12299
f 13287 12299 12303
f 13286 13289 13244
f 13286 13244 13246
f 13278 13283 13290
f 13278 13290 13288
f 13288 13290 13289
f 13288 13289 13286
f 13289 13291 13241
f 13289 13241 13244
f 13283 13282 13292
f 13283 13292 13290
f 13290 13292 13291
f 13290 13291 13289
f 13291 13293 13242
f 13291 13242 13241
f 13282 13284 13294
f 13282 13294 13292
f 13292 13294 13293
f 13292 13293 13291
f 13284 13281 13280
f 13284 13280 13294
f 13294 13280 13279
f 13294 13279 13293
f 13259 13242 13293
f 13259 13293 13279
f 12154 11971 12988
f 12154 12988 13156
f 13156 12988 12986
f 13156 12986 13157
f 13157 12986 12987
f 13157 12987 13159
f 13159 12987 12984
f 13159 12984 13160
f 13160 12984 12985
f 13160 12985 13161
f 13161 12985 13002
f 13161 13002 13162
f 13162 13002 12982
f 13162 12982 13163
f 13163 12982 12983
f 13163 12983 13164
f 13164 12983 12998
f 13164 12998 13165
f 13165 12998 13128
f 13165 13128 13166
f 13132 13167 13166
f 13132 13166 13128
f 13131 13168 13167
f 13131 13167 13132
f 13142 13169 13168
f 13142 13168 13131
f 13145 13170 13169
f 13145 13169 13142
f 13151 13171 13170
f 13151 13170 13145
f 13153 13172 13171
f 13153 13171 13151
f 13070 13172 13153
f 13070 13153 13075
f 13074 13071 13070
f 13074 13070 13075
f 6561 6579 13295
f 6561 13295 13296
f 13295 6579 6558
f 13295 6558 13297
f 13296 13298 13299
f 13296 13299 13300
f 13295 13301 13298
f 13295 13298 13296
f 13301 13295 13297
f 13301 13297 13302
f 13303 13304 13302
f 13303 13302 13297
f 13305 13304 13303
f 13305 13303 13306
f 13307 13308 13305
f 13307 13305 13306
f 13308 13307 13309
f 13308 13309 13310
f 13311 13312 13310
f 13311 13310 13309
f 13313 13314 13312
f 13313 13312 13311
f 13315 13316 13317
f 13315 13317 13318
f 13319 13320 13321
f 13319 13321 13322
f 13323 13324 13322
f 13323 13322 13321
f 13325 13326 13327
f 13325 13327 13328
f 13329 13330 13328
f 13329 13328 13327
f 13330 13329 13331
f 13330 13331 13332
f 13333 13334 13335
f 13333 13335 13336
f 13337 13338 13339
f 13337 13339 13340
f 13341 13342 13337
f 13341 13337 13340
f 13341 13343 13344
f 13341 13344 13342
f 13345 13346 13347
f 13345 13347 13348
f 13348 13347 13349
f 13348 13349 13350
f 13351 13352 13353
f 13351 13353 13354
f 13349 13355 13356
f 13349 13356 13350
f 13357 13358 13300
f 13357 13300 13299
f 13359 13360 13358
f 13359 13358 13357
f 13359 13352 13351
f 13359 13351 13360
f 13344 13343 13356
f 13344 13356 13355
f 13314 13313 13318
f 13314 13318 13317
f 13319 13316 13315
f 13319 13315 13320
f 13323 13361 13362
f 13323 13362 13324
f 13363 13354 13353
f 13363 13353 13364
f 6557 13303 13297
f 6557 13297 6558
f 6578 13306 13303
f 6578 13303 6557
f 6578 6560 13307
f 6578 13307 13306
f 6560 6559 13309
f 6560 13309 13307
f 6559 6556 13311
f 6559 13311 13309
f 6556 6555 13313
f 6556 13313 13311
f 6555 6554 13318
f 6555 13318 13313
f 6554 6553 13315
f 6554 13315 13318
f 6553 6564 13320
f 6553 13320 13315
f 6564 6552 13321
f 6564 13321 13320
f 6552 6551 13323
f 6552 13323 13321
f 13361 13323 6551
f 13361 6551 6590
f 6550 6549 13327
f 6550 13327 13326
f 6549 6565 13329
f 6549 13329 13327
f 6565 6566 13331
f 6565 13331 13329
f 6584 6575 13335
f 6584 13335 13334
f 6569 6573 13340
f 6569 13340 13339
f 6573 6572 13341
f 6573 13341 13340
f 6572 6571 13343
f 6572 13343 13341
f 6571 6587 13356
f 6571 13356 13343
f 6587 6581 13350
f 6587 13350 13356
f 6581 6580 13348
f 6581 13348 13350
f 6580 6585 13345
f 6580 13345 13348
f 13354 13363 6589
f 13354 6589 6577
f 6577 6576 13351
f 6577 13351 13354
f 6576 6588 13360
f 6576 13360 13351
f 6588 6563 13358
f 6588 13358 13360
f 6563 6562 13300
f 6563 13300 13358
f 6562 6561 13296
f 6562 13296 13300
f 13302 13365 13366
f 13302 13366 13301
f 13301 13366 13367
f 13301 13367 13298
f 13298 13367 13368
f 13298 13368 13299
f 13299 13368 13369
f 13299 13369 13357
f 13357 13369 13370
f 13357 13370 13359
f 13371 13352 13359
f 13371 13359 13370
f 13352 13371 13372
f 13352 13372 13353
f 6567 13373 13374
f 6567 13374 6568
f 6569 13339 13375
f 6569 13375 6570
f 6574 13376 13335
f 6574 13335 6575
f 6582 13377 13378
f 6582 13378 6583
f 13379 13377 6582
f 13379 6582 6586
f 6583 13378 13376
f 6583 13376 6574
f 13339 13338 13380
f 13339 13380 13375
f 13373 13381 13382
f 13373 13382 13374
f 13383 13384 13377
f 13383 13377 13379
f 13377 13384 13385
f 13377 13385 13378
f 13378 13385 13386
f 13378 13386 13376
f 13335 13376 13386
f 13335 13386 13336
f 13375 13373 6567
f 13375 6567 6570
f 13380 13381 13373
f 13380 13373 13375
f 13331 13334 13333
f 13331 13333 13332
f 6566 6584 13334
f 6566 13334 13331
f 13374 13382 13383
f 13374 13383 13379
f 6568 13374 13379
f 6568 13379 6586
f 13387 13388 13324
f 13387 13324 13362
f 13304 13389 13365
f 13304 13365 13302
f 13305 13390 13389
f 13305 13389 13304
f 13308 13391 13390
f 13308 13390 13305
f 13310 13392 13391
f 13310 13391 13308
f 13312 13393 13392
f 13312 13392 13310
f 13314 13394 13393
f 13314 13393 13312
f 13316 13395 13396
f 13316 13396 13317
f 13322 13397 13398
f 13322 13398 13319
f 13324 13388 13397
f 13324 13397 13322
f 13317 13396 13394
f 13317 13394 13314
f 13319 13398 13395
f 13319 13395 13316
f 13349 13399 13400
f 13349 13400 13355
f 13346 13401 13402
f 13346 13402 13347
f 13347 13402 13399
f 13347 13399 13349
f 13353 13372 13403
f 13353 13403 13364
f 13336 13404 13405
f 13336 13405 13333
f 13385 13406 13407
f 13385 13407 13386
f 13384 13408 13406
f 13384 13406 13385
f 13386 13407 13404
f 13386 13404 13336
f 13328 13409 13410
f 13328 13410 13325
f 13330 13411 13409
f 13330 13409 13328
f 13332 13412 13411
f 13332 13411 13330
f 13332 13333 13405
f 13332 13405 13412
f 13380 13413 13414
f 13380 13414 13381
f 13381 13414 13415
f 13381 13415 13382
f 13383 13416 13408
f 13383 13408 13384
f 13382 13415 13416
f 13382 13416 13383
f 13344 13417 13418
f 13344 13418 13342
f 13342 13418 13419
f 13342 13419 13337
f 13337 13419 13420
f 13337 13420 13338
f 13420 13413 13380
f 13420 13380 13338
f 13400 13417 13344
f 13400 13344 13355
f 13388 13421 13422
f 13388 13422 13397
f 13372 13423 13424
f 13372 13424 13403
f 13365 13425 13426
f 13365 13426 13366
f 13366 13426 13427
f 13366 13427 13367
f 13367 13427 13428
f 13367 13428 13368
f 13368 13428 13429
f 13368 13429 13369
f 13369 13429 13430
f 13369 13430 13370
f 13370 13430 13431
f 13370 13431 13371
f 13371 13431 13423
f 13371 13423 13372
f 13389 13432 13425
f 13389 13425 13365
f 13390 13433 13432
f 13390 13432 13389
f 13391 13434 13433
f 13391 13433 13390
f 13392 13435 13434
f 13392 13434 13391
f 13393 13436 13435
f 13393 13435 13392
f 13394 13437 13436
f 13394 13436 13393
f 13395 13438 13439
f 13395 13439 13396
f 13397 13422 13440
f 13397 13440 13398
f 13396 13439 13437
f 13396 13437 13394
f 13398 13440 13438
f 13398 13438 13395
f 13421 13441 13442
f 13421 13442 13422
f 13423 13443 13444
f 13423 13444 13424
f 13425 13445 13446
f 13425 13446 13426
f 13426 13446 13447
f 13426 13447 13427
f 13427 13447 13448
f 13427 13448 13428
f 13428 13448 13449
f 13428 13449 13429
f 13429 13449 13450
f 13429 13450 13430
f 13430 13450 13451
f 13430 13451 13431
f 13431 13451 13443
f 13431 13443 13423
f 13432 13452 13445
f 13432 13445 13425
f 13433 13453 13452
f 13433 13452 13432
f 13434 13454 13453
f 13434 13453 13433
f 13435 13455 13454
f 13435 13454 13434
f 13436 13456 13455
f 13436 13455 13435
f 13437 13457 13456
f 13437 13456 13436
f 13438 13458 13459
f 13438 13459 13439
f 13422 13442 13460
f 13422 13460 13440
f 13439 13459 13457
f 13439 13457 13437
f 13440 13460 13458
f 13440 13458 13438
f 13441 13461 13462
f 13441 13462 13442
f 13443 13463 13464
f 13443 13464 13444
f 13445 13465 13466
f 13445 13466 13446
f 13446 13466 13467
f 13446 13467 13447
f 13447 13467 13468
f 13447 13468 13448
f 13448 13468 13469
f 13448 13469 13449
f 13449 13469 13470
f 13449 13470 13450
f 13450 13470 13471
f 13450 13471 13451
f 13451 13471 13463
f 13451 13463 13443
f 13452 13472 13465
f 13452 13465 13445
f 13453 13473 13472
f 13453 13472 13452
f 13454 13474 13473
f 13454 13473 13453
f 13455 13475 13474
f 13455 13474 13454
f 13456 13476 13475
f 13456 13475 13455
f 13457 13477 13476
f 13457 13476 13456
f 13458 13478 13479
f 13458 13479 13459
f 13442 13462 13480
f 13442 13480 13460
f 13459 13479 13477
f 13459 13477 13457
f 13460 13480 13478
f 13460 13478 13458
f 13481 13421 13388
f 13481 13388 13387
f 13399 13482 13483
f 13399 13483 13400
f 13401 13484 13485
f 13401 13485 13402
f 13402 13485 13482
f 13402 13482 13399
f 13404 13486 13487
f 13404 13487 13405
f 13406 13488 13489
f 13406 13489 13407
f 13408 13490 13488
f 13408 13488 13406
f 13407 13489 13486
f 13407 13486 13404
f 13409 13491 13492
f 13409 13492 13410
f 13411 13493 13491
f 13411 13491 13409
f 13412 13494 13493
f 13412 13493 13411
f 13405 13487 13494
f 13405 13494 13412
f 13413 13495 13496
f 13413 13496 13414
f 13414 13496 13497
f 13414 13497 13415
f 13416 13498 13490
f 13416 13490 13408
f 13415 13497 13498
f 13415 13498 13416
f 13417 13499 13500
f 13417 13500 13418
f 13418 13500 13501
f 13418 13501 13419
f 13419 13501 13502
f 13419 13502 13420
f 13420 13502 13495
f 13420 13495 13413
f 13400 13483 13499
f 13400 13499 13417
f 13503 13441 13421
f 13503 13421 13481
f 13482 13504 13505
f 13482 13505 13483
f 13484 13506 13507
f 13484 13507 13485
f 13485 13507 13504
f 13485 13504 13482
f 13486 13508 13509
f 13486 13509 13487
f 13488 13510 13511
f 13488 13511 13489
f 13490 13512 13510
f 13490 13510 13488
f 13489 13511 13508
f 13489 13508 13486
f 13491 13513 13514
f 13491 13514 13492
f 13493 13515 13513
f 13493 13513 13491
f 13494 13516 13515
f 13494 13515 13493
f 13487 13509 13516
f 13487 13516 13494
f 13495 13517 13518
f 13495 13518 13496
f 13496 13518 13519
f 13496 13519 13497
f 13498 13520 13512
f 13498 13512 13490
f 13497 13519 13520
f 13497 13520 13498
f 13499 13521 13522
f 13499 13522 13500
f 13500 13522 13523
f 13500 13523 13501
f 13501 13523 13524
f 13501 13524 13502
f 13502 13524 13517
f 13502 13517 13495
f 13483 13505 13521
f 13483 13521 13499
f 13525 13461 13441
f 13525 13441 13503
f 13513 13526 13527
f 13513 13527 13514
f 13515 13528 13526
f 13515 13526 13513
f 13516 13529 13528
f 13516 13528 13515
f 13509 13530 13529
f 13509 13529 13516
f 13508 13531 13530
f 13508 13530 13509
f 13506 13532 13533
f 13506 13533 13507
f 13507 13533 13534
f 13507 13534 13504
f 13504 13534 13535
f 13504 13535 13505
f 13505 13535 13536
f 13505 13536 13521
f 13521 13536 13537
f 13521 13537 13522
f 13522 13537 13538
f 13522 13538 13523
f 13510 13539 13540
f 13510 13540 13511
f 13512 13541 13539
f 13512 13539 13510
f 13511 13540 13531
f 13511 13531 13508
f 13517 13542 13543
f 13517 13543 13518
f 13518 13543 13544
f 13518 13544 13519
f 13520 13545 13541
f 13520 13541 13512
f 13519 13544 13545
f 13519 13545 13520
f 13523 13538 13546
f 13523 13546 13524
f 13524 13546 13542
f 13524 13542 13517
f 13547 13548 13549
f 13547 13549 13550
f 13551 13552 13553
f 13551 13553 13554
f 13555 13556 13557
f 13555 13557 13558
f 13559 13560 13561
f 13559 13561 13562
f 13563 13564 13565
f 13563 13565 13566
f 13567 13568 13569
f 13567 13569 13570
f 13571 13572 13573
f 13571 13573 13574
f 13575 13576 13577
f 13575 13577 13578
f 13579 13580 13581
f 13579 13581 13582
f 13583 13584 13585
f 13583 13585 13586
f 13556 13579 13582
f 13556 13582 13557
f 13560 13583 13586
f 13560 13586 13561
f 13587 13588 13589
f 13587 13589 13590
f 13590 13589 13591
f 13590 13591 13592
f 13593 13594 13595
f 13593 13595 13596
f 13596 13595 13597
f 13596 13597 13598
f 13599 13600 13601
f 13599 13601 13602
f 13603 13604 13605
f 13603 13605 13606
f 13607 13608 13609
f 13607 13609 13610
f 13611 13612 13608
f 13611 13608 13607
f 13613 13614 13615
f 13613 13615 13616
f 13611 13617 13618
f 13611 13618 13612
f 13619 13620 13621
f 13619 13621 13622
f 13623 13594 13593
f 13623 13593 13624
f 13625 13626 13627
f 13625 13627 13628
f 13629 13630 13626
f 13629 13626 13625
f 13631 13632 13633
f 13631 13633 13634
f 13635 13636 13637
f 13635 13637 13638
f 13639 13640 13628
f 13639 13628 13627
f 13641 13642 13643
f 13641 13643 13644
f 13645 13592 13591
f 13645 13591 13646
f 13647 13648 13649
f 13647 13649 13650
f 13651 13652 13653
f 13651 13653 13654
f 13655 13656 13657
f 13655 13657 13658
f 13659 13660 13661
f 13659 13661 13662
f 13663 13664 13665
f 13663 13665 13666
f 13363 13345 6585
f 13363 6585 6589
f 13345 13363 13364
f 13345 13364 13346
f 13403 13401 13346
f 13403 13346 13364
f 13424 13484 13401
f 13424 13401 13403
f 13444 13506 13484
f 13444 13484 13424
f 13464 13532 13506
f 13464 13506 13444
f 13549 13552 13551
f 13549 13551 13550
f 13557 13560 13559
f 13557 13559 13558
f 13582 13583 13560
f 13582 13560 13557
f 13581 13584 13583
f 13581 13583 13582
f 13565 13568 13567
f 13565 13567 13566
f 13573 13576 13575
f 13573 13575 13574
f 13514 13527 13525
f 13514 13525 13503
f 13492 13514 13503
f 13492 13503 13481
f 13410 13492 13481
f 13410 13481 13387
f 13325 13410 13387
f 13325 13387 13362
f 13361 13326 13325
f 13361 13325 13362
f 13326 13361 6590
f 13326 6590 6550
f 13543 13593 13596
f 13543 13596 13544
f 13544 13596 13598
f 13544 13598 13545
f 13667 13668 13658
f 13667 13658 13657
f 13669 13670 13642
f 13669 13642 13641
f 13671 13547 13550
f 13671 13550 13672
f 13551 13673 13672
f 13551 13672 13550
f 13673 13551 13554
f 13673 13554 13674
f 13606 13605 13675
f 13606 13675 13676
f 13664 13677 13678
f 13664 13678 13665
f 13600 13599 13662
f 13600 13662 13661
f 13614 13613 13620
f 13614 13620 13619
f 13595 13607 13610
f 13595 13610 13597
f 13594 13611 13607
f 13594 13607 13595
f 13617 13611 13594
f 13617 13594 13623
f 13665 13605 13604
f 13665 13604 13666
f 13678 13675 13605
f 13678 13605 13665
f 13649 13648 13652
f 13649 13652 13651
f 13638 13637 13632
f 13638 13632 13631
f 13564 13571 13574
f 13564 13574 13565
f 13575 13568 13565
f 13575 13565 13574
f 13568 13575 13578
f 13568 13578 13569
f 13600 13613 13616
f 13600 13616 13601
f 13620 13613 13600
f 13620 13600 13661
f 13660 13621 13620
f 13660 13620 13661
f 13642 13670 13667
f 13642 13667 13657
f 13656 13643 13642
f 13656 13642 13657
f 13646 13591 13628
f 13646 13628 13640
f 13589 13625 13628
f 13589 13628 13591
f 13588 13629 13625
f 13588 13625 13589
f 13650 13649 13637
f 13650 13637 13636
f 13632 13637 13649
f 13632 13649 13651
f 13633 13632 13651
f 13633 13651 13654
f 13537 13677 13664
f 13537 13664 13538
f 13536 13678 13677
f 13536 13677 13537
f 13538 13664 13663
f 13538 13663 13546
f 13656 13655 13645
f 13656 13645 13646
f 13643 13656 13646
f 13643 13646 13640
f 13644 13643 13640
f 13644 13640 13639
f 13548 13555 13558
f 13548 13558 13549
f 13559 13552 13549
f 13559 13549 13558
f 13552 13559 13562
f 13552 13562 13553
f 13617 13604 13603
f 13617 13603 13618
f 13666 13604 13617
f 13666 13617 13623
f 13663 13666 13623
f 13663 13623 13624
f 13588 13587 13647
f 13588 13647 13650
f 13629 13588 13650
f 13629 13650 13636
f 13630 13629 13636
f 13630 13636 13635
f 13580 13563 13566
f 13580 13566 13581
f 13567 13584 13581
f 13567 13581 13566
f 13584 13567 13570
f 13584 13570 13585
f 13614 13610 13609
f 13614 13609 13615
f 13597 13610 13614
f 13597 13614 13619
f 13598 13597 13619
f 13598 13619 13622
f 13540 13660 13659
f 13540 13659 13531
f 13531 13659 13662
f 13531 13662 13530
f 13660 13540 13539
f 13660 13539 13621
f 13541 13622 13621
f 13541 13621 13539
f 13545 13598 13622
f 13545 13622 13541
f 13542 13624 13593
f 13542 13593 13543
f 13546 13663 13624
f 13546 13624 13542
f 13590 13473 13474
f 13590 13474 13587
f 13592 13472 13473
f 13592 13473 13590
f 13645 13465 13472
f 13645 13472 13592
f 13655 13466 13465
f 13655 13465 13645
f 13658 13467 13466
f 13658 13466 13655
f 13668 13468 13467
f 13668 13467 13658
f 13667 13469 13468
f 13667 13468 13668
f 13670 13470 13469
f 13670 13469 13667
f 13587 13474 13475
f 13587 13475 13647
f 13647 13475 13476
f 13647 13476 13648
f 13648 13476 13477
f 13648 13477 13652
f 13652 13477 13479
f 13652 13479 13653
f 13653 13479 13478
f 13653 13478 13654
f 13654 13478 13480
f 13654 13480 13633
f 13547 13671 13669
f 13547 13669 13641
f 13548 13547 13641
f 13548 13641 13644
f 13555 13548 13644
f 13555 13644 13639
f 13556 13555 13639
f 13556 13639 13627
f 13626 13579 13556
f 13626 13556 13627
f 13630 13580 13579
f 13630 13579 13626
f 13563 13580 13630
f 13563 13630 13635
f 13564 13563 13635
f 13564 13635 13638
f 13571 13564 13638
f 13571 13638 13631
f 13572 13571 13631
f 13572 13631 13634
f 13462 13634 13633
f 13462 13633 13480
f 13470 13670 13669
f 13470 13669 13471
f 13471 13669 13671
f 13471 13671 13463
f 13634 13462 13461
f 13634 13461 13572
f 13525 13573 13572
f 13525 13572 13461
f 13599 13529 13530
f 13599 13530 13662
f 13601 13578 13577
f 13601 13577 13602
f 13616 13569 13578
f 13616 13578 13601
f 13615 13570 13569
f 13615 13569 13616
f 13609 13585 13570
f 13609 13570 13615
f 13608 13586 13585
f 13608 13585 13609
f 13612 13561 13586
f 13612 13586 13608
f 13618 13562 13561
f 13618 13561 13612
f 13603 13553 13562
f 13603 13562 13618
f 13554 13553 13603
f 13554 13603 13606
f 13674 13554 13606
f 13674 13606 13676
f 13602 13528 13529
f 13602 13529 13599
f 13577 13526 13528
f 13577 13528 13602
f 13576 13527 13526
f 13576 13526 13577
f 13573 13525 13527
f 13573 13527 13576
f 13678 13536 13535
f 13678 13535 13675
f 13675 13535 13534
f 13675 13534 13676
f 13676 13534 13533
f 13676 13533 13674
f 13673 13532 13464
f 13673 13464 13672
f 13674 13533 13532
f 13674 13532 13673
f 13672 13464 13463
f 13672 13463 13671
f 6603 13679 13680
f 6603 13680 6621
f 13680 13681 6599
f 13680 6599 6621
f 13679 13682 13683
f 13679 13683 13684
f 13680 13679 13684
f 13680 13684 13685
f 13685 13686 13681
f 13685 13681 13680
f 13687 13681 13686
f 13687 13686 13688
f 13689 13690 13687
f 13689 13687 13688
f 13691 13690 13689
f 13691 13689 13692
f 13692 13693 13694
f 13692 13694 13691
f 13695 13694 13693
f 13695 13693 13696
f 13697 13695 13696
f 13697 13696 13698
f 13699 13700 13701
f 13699 13701 13702
f 13703 13704 13705
f 13703 13705 13706
f 13707 13705 13704
f 13707 13704 13708
f 13709 13710 13711
f 13709 13711 13712
f 13713 13711 13710
f 13713 13710 13714
f 13714 13715 13716
f 13714 13716 13713
f 13717 13718 13719
f 13717 13719 13720
f 13721 13722 13723
f 13721 13723 13724
f 13725 13722 13721
f 13725 13721 13726
f 13725 13726 13727
f 13725 13727 13728
f 13729 13730 13731
f 13729 13731 13732
f 13730 13733 13734
f 13730 13734 13731
f 13735 13736 13737
f 13735 13737 13738
f 13734 13733 13739
f 13734 13739 13740
f 13741 13683 13682
f 13741 13682 13742
f 13743 13741 13742
f 13743 13742 13744
f 13743 13744 13735
f 13743 13735 13738
f 13727 13740 13739
f 13727 13739 13728
f 13698 13701 13700
f 13698 13700 13697
f 13703 13706 13699
f 13703 13699 13702
f 13707 13708 13745
f 13707 13745 13746
f 13747 13748 13737
f 13747 13737 13736
f 6600 6599 13681
f 6600 13681 13687
f 6620 6600 13687
f 6620 13687 13690
f 6620 13690 13691
f 6620 13691 6602
f 6602 13691 13694
f 6602 13694 6601
f 6601 13694 13695
f 6601 13695 6597
f 6597 13695 13697
f 6597 13697 6598
f 6598 13697 13700
f 6598 13700 6595
f 6595 13700 13699
f 6595 13699 6596
f 6596 13699 13706
f 6596 13706 6606
f 6606 13706 13705
f 6606 13705 6594
f 6594 13705 13707
f 6594 13707 6593
f 13746 6632 6593
f 13746 6593 13707
f 6592 13712 13711
f 6592 13711 6591
f 6591 13711 13713
f 6591 13713 6607
f 6607 13713 13716
f 6607 13716 6608
f 6626 13720 13719
f 6626 13719 6616
f 6612 13723 13722
f 6612 13722 6615
f 6615 13722 13725
f 6615 13725 6613
f 6613 13725 13728
f 6613 13728 6614
f 6614 13728 13739
f 6614 13739 6629
f 6629 13739 13733
f 6629 13733 6622
f 6622 13733 13730
f 6622 13730 6623
f 6623 13730 13729
f 6623 13729 6627
f 13736 6618 6631
f 13736 6631 13747
f 6618 13736 13735
f 6618 13735 6619
f 6619 13735 13744
f 6619 13744 6630
f 6630 13744 13742
f 6630 13742 6605
f 6605 13742 13682
f 6605 13682 6604
f 6604 13682 13679
f 6604 13679 6603
f 13686 13685 13749
f 13686 13749 13750
f 13685 13684 13751
f 13685 13751 13749
f 13684 13683 13752
f 13684 13752 13751
f 13683 13741 13753
f 13683 13753 13752
f 13741 13743 13754
f 13741 13754 13753
f 13755 13754 13743
f 13755 13743 13738
f 13738 13737 13756
f 13738 13756 13755
f 6610 6609 13757
f 6610 13757 13758
f 6612 6611 13759
f 6612 13759 13723
f 6617 6616 13719
f 6617 13719 13760
f 6625 6624 13761
f 6625 13761 13762
f 13763 6628 6625
f 13763 6625 13762
f 6624 6617 13760
f 6624 13760 13761
f 13723 13759 13764
f 13723 13764 13724
f 13758 13757 13765
f 13758 13765 13766
f 13767 13763 13762
f 13767 13762 13768
f 13762 13761 13769
f 13762 13769 13768
f 13761 13760 13770
f 13761 13770 13769
f 13719 13718 13770
f 13719 13770 13760
f 13759 6611 6610
f 13759 6610 13758
f 13764 13759 13758
f 13764 13758 13766
f 13716 13715 13717
f 13716 13717 13720
f 6608 13716 13720
f 6608 13720 6626
f 13757 13763 13767
f 13757 13767 13765
f 6609 6628 13763
f 6609 13763 13757
f 13771 13745 13708
f 13771 13708 13772
f 13688 13686 13750
f 13688 13750 13773
f 13689 13688 13773
f 13689 13773 13774
f 13692 13689 13774
f 13692 13774 13775
f 13693 13692 13775
f 13693 13775 13776
f 13696 13693 13776
f 13696 13776 13777
f 13698 13696 13777
f 13698 13777 13778
f 13702 13701 13779
f 13702 13779 13780
f 13704 13703 13781
f 13704 13781 13782
f 13708 13704 13782
f 13708 13782 13772
f 13701 13698 13778
f 13701 13778 13779
f 13703 13702 13780
f 13703 13780 13781
f 13734 13740 13783
f 13734 13783 13784
f 13732 13731 13785
f 13732 13785 13786
f 13731 13734 13784
f 13731 13784 13785
f 13737 13748 13787
f 13737 13787 13756
f 13718 13717 13788
f 13718 13788 13789
f 13769 13770 13790
f 13769 13790 13791
f 13768 13769 13791
f 13768 13791 13792
f 13770 13718 13789
f 13770 13789 13790
f 13710 13709 13793
f 13710 13793 13794
f 13714 13710 13794
f 13714 13794 13795
f 13715 13714 13795
f 13715 13795 13796
f 13715 13796 13788
f 13715 13788 13717
f 13764 13766 13797
f 13764 13797 13798
f 13766 13765 13799
f 13766 13799 13797
f 13767 13768 13792
f 13767 13792 13800
f 13765 13767 13800
f 13765 13800 13799
f 13727 13726 13801
f 13727 13801 13802
f 13726 13721 13803
f 13726 13803 13801
f 13721 13724 13804
f 13721 13804 13803
f 13804 13724 13764
f 13804 13764 13798
f 13783 13740 13727
f 13783 13727 13802
f 13772 13782 13805
f 13772 13805 13806
f 13756 13787 13807
f 13756 13807 13808
f 13750 13749 13809
f 13750 13809 13810
f 13749 13751 13811
f 13749 13811 13809
f 13751 13752 13812
f 13751 13812 13811
f 13752 13753 13813
f 13752 13813 13812
f 13753 13754 13814
f 13753 13814 13813
f 13754 13755 13815
f 13754 13815 13814
f 13755 13756 13808
f 13755 13808 13815
f 13773 13750 13810
f 13773 13810 13816
f 13774 13773 13816
f 13774 13816 13817
f 13775 13774 13817
f 13775 13817 13818
f 13776 13775 13818
f 13776 13818 13819
f 13777 13776 13819
f 13777 13819 13820
f 13778 13777 13820
f 13778 13820 13821
f 13780 13779 13822
f 13780 13822 13823
f 13782 13781 13824
f 13782 13824 13805
f 13779 13778 13821
f 13779 13821 13822
f 13781 13780 13823
f 13781 13823 13824
f 13806 13805 13825
f 13806 13825 13826
f 13808 13807 13827
f 13808 13827 13828
f 13810 13809 13829
f 13810 13829 13830
f 13809 13811 13831
f 13809 13831 13829
f 13811 13812 13832
f 13811 13832 13831
f 13812 13813 13833
f 13812 13833 13832
f 13813 13814 13834
f 13813 13834 13833
f 13814 13815 13835
f 13814 13835 13834
f 13815 13808 13828
f 13815 13828 13835
f 13816 13810 13830
f 13816 13830 13836
f 13817 13816 13836
f 13817 13836 13837
f 13818 13817 13837
f 13818 13837 13838
f 13819 13818 13838
f 13819 13838 13839
f 13820 13819 13839
f 13820 13839 13840
f 13821 13820 13840
f 13821 13840 13841
f 13823 13822 13842
f 13823 13842 13843
f 13805 13824 13844
f 13805 13844 13825
f 13822 13821 13841
f 13822 13841 13842
f 13824 13823 13843
f 13824 13843 13844
f 13826 13825 13845
f 13826 13845 13846
f 13828 13827 13847
f 13828 13847 13848
f 13830 13829 13849
f 13830 13849 13850
f 13829 13831 13851
f 13829 13851 13849
f 13831 13832 13852
f 13831 13852 13851
f 13832 13833 13853
f 13832 13853 13852
f 13833 13834 13854
f 13833 13854 13853
f 13834 13835 13855
f 13834 13855 13854
f 13835 13828 13848
f 13835 13848 13855
f 13836 13830 13850
f 13836 13850 13856
f 13837 13836 13856
f 13837 13856 13857
f 13838 13837 13857
f 13838 13857 13858
f 13839 13838 13858
f 13839 13858 13859
f 13840 13839 13859
f 13840 13859 13860
f 13841 13840 13860
f 13841 13860 13861
f 13843 13842 13862
f 13843 13862 13863
f 13825 13844 13864
f 13825 13864 13845
f 13842 13841 13861
f 13842 13861 13862
f 13844 13843 13863
f 13844 13863 13864
f 13865 13771 13772
f 13865 13772 13806
f 13784 13783 13866
f 13784 13866 13867
f 13786 13785 13868
f 13786 13868 13869
f 13785 13784 13867
f 13785 13867 13868
f 13789 13788 13870
f 13789 13870 13871
f 13791 13790 13872
f 13791 13872 13873
f 13792 13791 13873
f 13792 13873 13874
f 13790 13789 13871
f 13790 13871 13872
f 13794 13793 13875
f 13794 13875 13876
f 13795 13794 13876
f 13795 13876 13877
f 13796 13795 13877
f 13796 13877 13878
f 13788 13796 13878
f 13788 13878 13870
f 13798 13797 13879
f 13798 13879 13880
f 13797 13799 13881
f 13797 13881 13879
f 13800 13792 13874
f 13800 13874 13882
f 13799 13800 13882
f 13799 13882 13881
f 13802 13801 13883
f 13802 13883 13884
f 13801 13803 13885
f 13801 13885 13883
f 13803 13804 13886
f 13803 13886 13885
f 13804 13798 13880
f 13804 13880 13886
f 13783 13802 13884
f 13783 13884 13866
f 13887 13865 13806
f 13887 13806 13826
f 13867 13866 13888
f 13867 13888 13889
f 13869 13868 13890
f 13869 13890 13891
f 13868 13867 13889
f 13868 13889 13890
f 13871 13870 13892
f 13871 13892 13893
f 13873 13872 13894
f 13873 13894 13895
f 13874 13873 13895
f 13874 13895 13896
f 13872 13871 13893
f 13872 13893 13894
f 13876 13875 13897
f 13876 13897 13898
f 13877 13876 13898
f 13877 13898 13899
f 13878 13877 13899
f 13878 13899 13900
f 13870 13878 13900
f 13870 13900 13892
f 13880 13879 13901
f 13880 13901 13902
f 13879 13881 13903
f 13879 13903 13901
f 13882 13874 13896
f 13882 13896 13904
f 13881 13882 13904
f 13881 13904 13903
f 13884 13883 13905
f 13884 13905 13906
f 13883 13885 13907
f 13883 13907 13905
f 13885 13886 13908
f 13885 13908 13907
f 13886 13880 13902
f 13886 13902 13908
f 13866 13884 13906
f 13866 13906 13888
f 13909 13887 13826
f 13909 13826 13846
f 13898 13897 13910
f 13898 13910 13911
f 13899 13898 13911
f 13899 13911 13912
f 13900 13899 13912
f 13900 13912 13913
f 13892 13900 13913
f 13892 13913 13914
f 13893 13892 13914
f 13893 13914 13915
f 13891 13890 13916
f 13891 13916 13917
f 13890 13889 13918
f 13890 13918 13916
f 13889 13888 13919
f 13889 13919 13918
f 13888 13906 13920
f 13888 13920 13919
f 13906 13905 13921
f 13906 13921 13920
f 13905 13907 13922
f 13905 13922 13921
f 13895 13894 13923
f 13895 13923 13924
f 13896 13895 13924
f 13896 13924 13925
f 13894 13893 13915
f 13894 13915 13923
f 13902 13901 13926
f 13902 13926 13927
f 13901 13903 13928
f 13901 13928 13926
f 13904 13896 13925
f 13904 13925 13929
f 13903 13904 13929
f 13903 13929 13928
f 13907 13908 13930
f 13907 13930 13922
f 13908 13902 13927
f 13908 13927 13930
f 13931 13932 13933
f 13931 13933 13934
f 13935 13936 13937
f 13935 13937 13938
f 13939 13940 13941
f 13939 13941 13942
f 13943 13944 13945
f 13943 13945 13946
f 13947 13948 13949
f 13947 13949 13950
f 13951 13952 13953
f 13951 13953 13954
f 13955 13956 13957
f 13955 13957 13958
f 13959 13960 13961
f 13959 13961 13962
f 13963 13964 13965
f 13963 13965 13966
f 13967 13968 13969
f 13967 13969 13970
f 13942 13941 13964
f 13942 13964 13963
f 13946 13945 13968
f 13946 13968 13967
f 13971 13972 13973
f 13971 13973 13974
f 13972 13975 13976
f 13972 13976 13973
f 13977 13978 13979
f 13977 13979 13980
f 13978 13981 13982
f 13978 13982 13979
f 13983 13984 13985
f 13983 13985 13986
f 13987 13988 13989
f 13987 13989 13990
f 13991 13992 13993
f 13991 13993 13994
f 13995 13991 13994
f 13995 13994 13996
f 13997 13998 13999
f 13997 13999 14000
f 13995 13996 14001
f 13995 14001 14002
f 14003 14004 14005
f 14003 14005 14006
f 14007 14008 13977
f 14007 13977 13980
f 14009 14010 14011
f 14009 14011 14012
f 14013 14009 14012
f 14013 14012 14014
f 14015 14016 14017
f 14015 14017 14018
f 14019 14020 14021
f 14019 14021 14022
f 14023 14011 14010
f 14023 14010 14024
f 14025 14026 14027
f 14025 14027 14028
f 14029 14030 13976
f 14029 13976 13975
f 14031 14032 14033
f 14031 14033 14034
f 14035 14036 14037
f 14035 14037 14038
f 14039 14040 14041
f 14039 14041 14042
f 14043 14044 14045
f 14043 14045 14046
f 14047 14048 14049
f 14047 14049 14050
f 13747 6631 6627
f 13747 6627 13729
f 13729 13732 13748
f 13729 13748 13747
f 13787 13748 13732
f 13787 13732 13786
f 13807 13787 13786
f 13807 13786 13869
f 13827 13807 13869
f 13827 13869 13891
f 13847 13827 13891
f 13847 13891 13917
f 13933 13932 13935
f 13933 13935 13938
f 13941 13940 13943
f 13941 13943 13946
f 13964 13941 13946
f 13964 13946 13967
f 13965 13964 13967
f 13965 13967 13970
f 13949 13948 13951
f 13949 13951 13954
f 13957 13956 13959
f 13957 13959 13962
f 13897 13887 13909
f 13897 13909 13910
f 13875 13865 13887
f 13875 13887 13897
f 13793 13771 13865
f 13793 13865 13875
f 13709 13745 13771
f 13709 13771 13793
f 13746 13745 13709
f 13746 13709 13712
f 13712 6592 6632
f 13712 6632 13746
f 13926 13928 13978
f 13926 13978 13977
f 13928 13929 13981
f 13928 13981 13978
f 14051 14041 14040
f 14051 14040 14052
f 14053 14025 14028
f 14053 14028 14054
f 14055 14056 13932
f 14055 13932 13931
f 13935 13932 14056
f 13935 14056 14057
f 14057 14058 13936
f 14057 13936 13935
f 13988 14059 14060
f 13988 14060 13989
f 14050 14049 14061
f 14050 14061 14062
f 13986 14045 14044
f 13986 14044 13983
f 14000 14003 14006
f 14000 14006 13997
f 13979 13982 13992
f 13979 13992 13991
f 13980 13979 13991
f 13980 13991 13995
f 14002 14007 13980
f 14002 13980 13995
f 14049 14048 13990
f 14049 13990 13989
f 14061 14049 13989
f 14061 13989 14060
f 14033 14035 14038
f 14033 14038 14034
f 14020 14015 14018
f 14020 14018 14021
f 13950 13949 13956
f 13950 13956 13955
f 13959 13956 13949
f 13959 13949 13954
f 13954 13953 13960
f 13954 13960 13959
f 13986 13985 13998
f 13986 13998 13997
f 14006 14045 13986
f 14006 13986 13997
f 14046 14045 14006
f 14046 14006 14005
f 14028 14041 14051
f 14028 14051 14054
f 14042 14041 14028
f 14042 14028 14027
f 14030 14024 14010
f 14030 14010 13976
f 13973 13976 14010
f 13973 14010 14009
f 13974 13973 14009
f 13974 14009 14013
f 14032 14022 14021
f 14032 14021 14033
f 14018 14035 14033
f 14018 14033 14021
f 14017 14036 14035
f 14017 14035 14018
f 13921 13922 14050
f 13921 14050 14062
f 13920 13921 14062
f 13920 14062 14061
f 13922 13930 14047
f 13922 14047 14050
f 14042 14030 14029
f 14042 14029 14039
f 14027 14024 14030
f 14027 14030 14042
f 14026 14023 14024
f 14026 14024 14027
f 13934 13933 13940
f 13934 13940 13939
f 13943 13940 13933
f 13943 13933 13938
f 13938 13937 13944
f 13938 13944 13943
f 14002 14001 13987
f 14002 13987 13990
f 14048 14007 14002
f 14048 14002 13990
f 14047 14008 14007
f 14047 14007 14048
f 13974 14032 14031
f 13974 14031 13971
f 14013 14022 14032
f 14013 14032 13974
f 14014 14019 14022
f 14014 14022 14013
f 13966 13965 13948
f 13966 13948 13947
f 13951 13948 13965
f 13951 13965 13970
f 13970 13969 13952
f 13970 13952 13951
f 14000 13999 13993
f 14000 13993 13992
f 13982 14003 14000
f 13982 14000 13992
f 13981 14004 14003
f 13981 14003 13982
f 13923 13915 14043
f 13923 14043 14046
f 13915 13914 14044
f 13915 14044 14043
f 14046 14005 13924
f 14046 13924 13923
f 13925 13924 14005
f 13925 14005 14004
f 13929 13925 14004
f 13929 14004 13981
f 13927 13926 13977
f 13927 13977 14008
f 13930 13927 14008
f 13930 14008 14047
f 13972 13971 13858
f 13972 13858 13857
f 13975 13972 13857
f 13975 13857 13856
f 14029 13975 13856
f 14029 13856 13850
f 14039 14029 13850
f 14039 13850 13849
f 14040 14039 13849
f 14040 13849 13851
f 14052 14040 13851
f 14052 13851 13852
f 14051 14052 13852
f 14051 13852 13853
f 14054 14051 13853
f 14054 13853 13854
f 13971 14031 13859
f 13971 13859 13858
f 14031 14034 13860
f 14031 13860 13859
f 14034 14038 13861
f 14034 13861 13860
f 14038 14037 13862
f 14038 13862 13861
f 14037 14036 13863
f 14037 13863 13862
f 14036 14017 13864
f 14036 13864 13863
f 13931 14025 14053
f 13931 14053 14055
f 13934 14026 14025
f 13934 14025 13931
f 13939 14023 14026
f 13939 14026 13934
f 13942 14011 14023
f 13942 14023 13939
f 14012 14011 13942
f 14012 13942 13963
f 14014 14012 13963
f 14014 13963 13966
f 13947 14019 14014
f 13947 14014 13966
f 13950 14020 14019
f 13950 14019 13947
f 13955 14015 14020
f 13955 14020 13950
f 13958 14016 14015
f 13958 14015 13955
f 13845 13864 14017
f 13845 14017 14016
f 13854 13855 14053
f 13854 14053 14054
f 13855 13848 14055
f 13855 14055 14053
f 14016 13958 13846
f 14016 13846 13845
f 13909 13846 13958
f 13909 13958 13957
f 13983 14044 13914
f 13983 13914 13913
f 13985 13984 13961
f 13985 13961 13960
f 13998 13985 13960
f 13998 13960 13953
f 13999 13998 13953
f 13999 13953 13952
f 13993 13999 13952
f 13993 13952 13969
f 13994 13993 13969
f 13994 13969 13968
f 13996 13994 13968
f 13996 13968 13945
f 14001 13996 13945
f 14001 13945 13944
f 13987 14001 13944
f 13987 13944 13937
f 13936 13988 13987
f 13936 13987 13937
f 14058 14059 13988
f 14058 13988 13936
f 13984 13983 13913
f 13984 13913 13912
f 13961 13984 13912
f 13961 13912 13911
f 13962 13961 13911
f 13962 13911 13910
f 13957 13962 13910
f 13957 13910 13909
f 14061 14060 13919
f 14061 13919 13920
f 14060 14059 13918
f 14060 13918 13919
f 14059 14058 13916
f 14059 13916 13918
f 14057 14056 13847
f 14057 13847 13917
f 14058 14057 13917
f 14058 13917 13916
f 14056 14055 13848
f 14056 13848 13847
g sclera
f 14063 14064 14065
f 14063 14065 14066
f 14066 14065 14067
f 14066 14067 14068
f 14068 14067 14069
f 14068 14069 14070
f 14070 14069 14071
f 14070 14071 14072
f 14072 14071 14073
f 14072 14073 14074
f 14074 14073 14075
f 14074 14075 14076
f 14077 14078 14076
f 14077 14076 14075
f 14079 14080 14078
f 14079 14078 14077
f 14081 14082 14080
f 14081 14080 14079
f 14083 14084 14082
f 14083 14082 14081
f 14084 14083 14085
f 14084 14085 14086
f 14086 14085 14087
f 14086 14087 14088
f 14088 14087 14089
f 14088 14089 14090
f 14090 14089 14091
f 14090 14091 14092
f 14092 14091 14093
f 14092 14093 14094
f 14095 14096 14094
f 14095 14094 14093
f 14095 14097 14098
f 14095 14098 14096
f 14097 14099 14100
f 14097 14100 14098
f 14099 14101 14102
f 14099 14102 14100
f 14101 14103 14104
f 14101 14104 14102
f 14105 14104 14103
f 14105 14103 14106
f 14107 14105 14106
f 14107 14106 14108
f 14109 14107 14108
f 14109 14108 14110
f 14111 14109 14110
f 14111 14110 14112
f 14113 14111 14112
f 14113 14112 14114
f 14115 14113 14114
f 14115 14114 14116
f 14116 14117 14118
f 14116 14118 14115
f 14117 14119 14120
f 14117 14120 14118
f 14119 14121 14122
f 14119 14122 14120
f 14121 14123 14124
f 14121 14124 14122
f 14123 14125 14126
f 14123 14126 14124
f 14063 14126 14125
f 14063 14125 14064
f 14127 14128 14129
f 14127 14129 14130
f 14131 14127 14130
f 14131 14130 14132
f 14133 14131 14132
f 14133 14132 14134
f 14135 14133 14134
f 14135 14134 14136
f 14137 14135 14136
f 14137 14136 14138
f 14138 14139 14140
f 14138 14140 14137
f 14141 14142 14140
f 14141 14140 14139
f 14141 14143 14144
f 14141 14144 14142
f 14145 14146 14144
f 14145 14144 14143
f 14145 14147 14148
f 14145 14148 14146
f 14148 14147 14149
f 14148 14149 14150
f 14150 14149 14151
f 14150 14151 14152
f 14152 14151 14153
f 14152 14153 14154
f 14154 14153 14155
f 14154 14155 14156
f 14156 14155 14157
f 14156 14157 14158
f 14158 14157 14159
f 14158 14159 14160
f 14159 14161 14162
f 14159 14162 14160
f 14161 14163 14164
f 14161 14164 14162
f 14163 14165 14166
f 14163 14166 14164
f 14167 14168 14166
f 14167 14166 14165
f 14168 14167 14169
f 14168 14169 14170
f 14170 14169 14171
f 14170 14171 14172
f 14172 14171 14173
f 14172 14173 14174
f 14175 14176 14174
f 14175 14174 14173
f 14175 14177 14178
f 14175 14178 14176
f 14177 14179 14180
f 14177 14180 14178
f 14179 14181 14182
f 14179 14182 14180
f 14181 14183 14184
f 14181 14184 14182
f 14183 14185 14186
f 14183 14186 14184
f 14185 14187 14188
f 14185 14188 14186
f 14187 14189 14190
f 14187 14190 14188
f 14189 14129 14128
f 14189 14128 14190
f 14191 14192 14193
f 14191 14193 14194
f 14192 14195 14196
f 14192 14196 14193
f 14195 14197 14198
f 14195 14198 14196
f 14197 14199 14200
f 14197 14200 14198
f 14200 14199 14201
f 14200 14201 14202
f 14202 14201 14203
f 14202 14203 14204
f 14204 14203 14205
f 14204 14205 14206
f 14206 14205 14207
f 14206 14207 14208
f 14207 14209 14210
f 14207 14210 14208
f 14209 14211 14212
f 14209 14212 14210
f 14211 14213 14214
f 14211 14214 14212
f 14214 14213 14215
f 14214 14215 14216
f 14216 14215 14217
f 14216 14217 14218
f 14218 14217 14219
f 14218 14219 14220
f 14220 14219 14221
f 14220 14221 14222
f 14222 14221 14223
f 14222 14223 14224
f 14223 14225 14226
f 14223 14226 14224
f 14225 14227 14228
f 14225 14228 14226
f 14227 14229 14230
f 14227 14230 14228
f 14230 14229 14231
f 14230 14231 14232
f 14232 14231 14233
f 14232 14233 14234
f 14234 14233 14235
f 14234 14235 14236
f 14236 14235 14237
f 14236 14237 14238
f 14238 14237 14239
f 14238 14239 14240
f 14239 14241 14242
f 14239 14242 14240
f 14241 14243 14244
f 14241 14244 14242
f 14243 14245 14246
f 14243 14246 14244
f 14245 14247 14248
f 14245 14248 14246
f 14248 14247 14249
f 14248 14249 14250
f 14250 14249 14251
f 14250 14251 14252
f 14252 14251 14253
f 14252 14253 14254
f 14254 14253 14191
f 14254 14191 14194
f 14255 14256 14192
f 14255 14192 14191
f 14256 14257 14195
f 14256 14195 14192
f 14257 14258 14197
f 14257 14197 14195
f 14258 14259 14199
f 14258 14199 14197
f 14199 14259 14260
f 14199 14260 14201
f 14201 14260 14261
f 14201 14261 14203
f 14203 14261 14262
f 14203 14262 14205
f 14205 14262 14263
f 14205 14263 14207
f 14263 14264 14209
f 14263 14209 14207
f 14264 14265 14211
f 14264 14211 14209
f 14265 14266 14213
f 14265 14213 14211
f 14266 14267 14215
f 14266 14215 14213
f 14215 14267 14268
f 14215 14268 14217
f 14217 14268 14269
f 14217 14269 14219
f 14219 14269 14270
f 14219 14270 14221
f 14221 14270 14271
f 14221 14271 14223
f 14271 14272 14225
f 14271 14225 14223
f 14272 14273 14227
f 14272 14227 14225
f 14273 14274 14229
f 14273 14229 14227
f 14229 14274 14275
f 14229 14275 14231
f 14231 14275 14276
f 14231 14276 14233
f 14233 14276 14277
f 14233 14277 14235
f 14235 14277 14278
f 14235 14278 14237
f 14237 14278 14279
f 14237 14279 14239
f 14239 14279 14280
f 14239 14280 14241
f 14280 14281 14243
f 14280 14243 14241
f 14281 14282 14245
f 14281 14245 14243
f 14282 14283 14247
f 14282 14247 14245
f 14247 14283 14284
f 14247 14284 14249
f 14249 14284 14285
f 14249 14285 14251
f 14251 14285 14286
f 14251 14286 14253
f 14253 14286 14255
f 14253 14255 14191
f 14287 14288 14256
f 14287 14256 14255
f 14288 14289 14257
f 14288 14257 14256
f 14289 14290 14258
f 14289 14258 14257
f 14290 14291 14259
f 14290 14259 14258
f 14259 14291 14292
f 14259 14292 14260
f 14260 14292 14293
f 14260 14293 14261
f 14261 14293 14294
f 14261 14294 14262
f 14262 14294 14295
f 14262 14295 14263
f 14295 14296 14264
f 14295 14264 14263
f 14296 14297 14265
f 14296 14265 14264
f 14297 14298 14266
f 14297 14266 14265
f 14298 14299 14267
f 14298 14267 14266
f 14267 14299 14300
f 14267 14300 14268
f 14268 14300 14301
f 14268 14301 14269
f 14269 14301 14302
f 14269 14302 14270
f 14270 14302 14303
f 14270 14303 14271
f 14271 14303 14304
f 14271 14304 14272
f 14272 14304 14305
f 14272 14305 14273
f 14273 14305 14306
f 14273 14306 14274
f 14274 14306 14307
f 14274 14307 14275
f 14275 14307 14308
f 14275 14308 14276
f 14276 14308 14309
f 14276 14309 14277
f 14277 14309 14310
f 14277 14310 14278
f 14278 14310 14311
f 14278 14311 14279
f 14279 14311 14312
f 14279 14312 14280
f 14312 14313 14281
f 14312 14281 14280
f 14313 14314 14282
f 14313 14282 14281
f 14314 14315 14283
f 14314 14283 14282
f 14283 14315 14316
f 14283 14316 14284
f 14284 14316 14317
f 14284 14317 14285
f 14285 14317 14318
f 14285 14318 14286
f 14318 14287 14255
f 14318 14255 14286
f 14319 14320 14288
f 14319 14288 14287
f 14320 14321 14289
f 14320 14289 14288
f 14321 14322 14290
f 14321 14290 14289
f 14322 14323 14291
f 14322 14291 14290
f 14291 14323 14324
f 14291 14324 14292
f 14324 14325 14293
f 14324 14293 14292
f 14325 14326 14294
f 14325 14294 14293
f 14326 14327 14295
f 14326 14295 14294
f 14327 14328 14296
f 14327 14296 14295
f 14328 14329 14297
f 14328 14297 14296
f 14329 14330 14298
f 14329 14298 14297
f 14330 14331 14299
f 14330 14299 14298
f 14331 14332 14300
f 14331 14300 14299
f 14300 14332 14333
f 14300 14333 14301
f 14301 14333 14334
f 14301 14334 14302
f 14302 14334 14335
f 14302 14335 14303
f 14303 14335 14336
f 14303 14336 14304
f 14304 14336 14337
f 14304 14337 14305
f 14305 14337 14338
f 14305 14338 14306
f 14338 14339 14307
f 14338 14307 14306
f 14307 14339 14340
f 14307 14340 14308
f 14308 14340 14341
f 14308 14341 14309
f 14309 14341 14342
f 14309 14342 14310
f 14310 14342 14343
f 14310 14343 14311
f 14311 14343 14344
f 14311 14344 14312
f 14312 14344 14345
f 14312 14345 14313
f 14313 14345 14346
f 14313 14346 14314
f 14314 14346 14347
f 14314 14347 14315
f 14315 14347 14348
f 14315 14348 14316
f 14348 14349 14317
f 14348 14317 14316
f 14349 14350 14318
f 14349 14318 14317
f 14350 14319 14287
f 14350 14287 14318
f 14351 14352 14353
f 14351 14353 14354
f 14354 14353 14355
f 14356 14357 14358
f 14357 14359 14360
f 14357 14360 14358
f 14359 14361 14362
f 14359 14362 14360
f 14361 14363 14364
f 14361 14364 14362
f 14365 14364 14363
f 14365 14363 14366
f 14367 14365 14366
f 14367 14366 14368
f 14369 14367 14368
f 14369 14368 14370
f 14371 14369 14370
f 14371 14370 14372
f 14373 14371 14372
f 14373 14372 14374
f 14374 14375 14376
f 14374 14376 14373
f 14375 14377 14378
f 14375 14378 14376
f 14377 14379 14380
f 14377 14380 14378
f 14379 14381 14382
f 14379 14382 14380
f 14383 14384 14382
f 14383 14382 14381
f 14385 14386 14384
f 14385 14384 14383
f 14386 14385 14352
f 14386 14352 14351
f 14065 14064 14128
f 14065 14128 14127
f 14067 14065 14127
f 14067 14127 14131
f 14069 14067 14131
f 14069 14131 14133
f 14071 14069 14133
f 14071 14133 14135
f 14073 14071 14135
f 14073 14135 14137
f 14140 14075 14073
f 14140 14073 14137
f 14142 14077 14075
f 14142 14075 14140
f 14142 14144 14079
f 14142 14079 14077
f 14146 14081 14079
f 14146 14079 14144
f 14148 14083 14081
f 14148 14081 14146
f 14083 14148 14150
f 14083 14150 14085
f 14085 14150 14152
f 14085 14152 14087
f 14087 14152 14154
f 14087 14154 14089
f 14089 14154 14156
f 14089 14156 14091
f 14091 14156 14158
f 14091 14158 14093
f 14093 14158 14160
f 14093 14160 14095
f 14160 14162 14097
f 14160 14097 14095
f 14164 14099 14097
f 14164 14097 14162
f 14166 14101 14099
f 14166 14099 14164
f 14168 14103 14101
f 14168 14101 14166
f 14106 14103 14168
f 14106 14168 14170
f 14108 14106 14170
f 14108 14170 14172
f 14108 14172 14174
f 14108 14174 14110
f 14176 14112 14110
f 14176 14110 14174
f 14176 14178 14114
f 14176 14114 14112
f 14178 14180 14116
f 14178 14116 14114
f 14180 14182 14117
f 14180 14117 14116
f 14182 14184 14119
f 14182 14119 14117
f 14184 14186 14121
f 14184 14121 14119
f 14186 14188 14123
f 14186 14123 14121
f 14188 14190 14125
f 14188 14125 14123
f 14064 14125 14190
f 14064 14190 14128
f 14352 14063 14066
f 14352 14066 14353
f 14353 14066 14068
f 14353 14068 14355
f 14355 14068 14070
f 14355 14070 14387
f 14387 14070 14072
f 14387 14072 14388
f 14388 14072 14074
f 14388 14074 14389
f 14389 14074 14076
f 14389 14076 14390
f 14078 14391 14390
f 14078 14390 14076
f 14080 14391 14078
f 14392 14086 14088
f 14392 14088 14393
f 14393 14088 14090
f 14393 14090 14394
f 14395 14394 14090
f 14395 14090 14092
f 14396 14395 14092
f 14396 14092 14094
f 14094 14096 14356
f 14094 14356 14396
f 14096 14098 14357
f 14096 14357 14356
f 14098 14100 14359
f 14098 14359 14357
f 14100 14102 14361
f 14100 14361 14359
f 14102 14104 14363
f 14102 14363 14361
f 14104 14105 14366
f 14104 14366 14363
f 14368 14366 14105
f 14368 14105 14107
f 14370 14368 14107
f 14370 14107 14109
f 14372 14370 14109
f 14372 14109 14111
f 14374 14372 14111
f 14374 14111 14113
f 14113 14115 14375
f 14113 14375 14374
f 14115 14118 14377
f 14115 14377 14375
f 14118 14120 14379
f 14118 14379 14377
f 14120 14122 14381
f 14120 14381 14379
f 14122 14124 14383
f 14122 14383 14381
f 14126 14385 14383
f 14126 14383 14124
f 14385 14126 14063
f 14385 14063 14352
f 14194 14193 14130
f 14194 14130 14129
f 14132 14130 14193
f 14132 14193 14196
f 14134 14132 14196
f 14134 14196 14198
f 14136 14134 14198
f 14136 14198 14200
f 14138 14136 14200
f 14138 14200 14202
f 14202 14204 14139
f 14202 14139 14138
f 14139 14204 14206
f 14139 14206 14141
f 14206 14208 14143
f 14206 14143 14141
f 14210 14145 14143
f 14210 14143 14208
f 14210 14212 14147
f 14210 14147 14145
f 14214 14149 14147
f 14214 14147 14212
f 14149 14214 14216
f 14149 14216 14151
f 14151 14216 14218
f 14151 14218 14153
f 14153 14218 14220
f 14153 14220 14155
f 14155 14220 14222
f 14155 14222 14157
f 14157 14222 14224
f 14157 14224 14159
f 14224 14226 14161
f 14224 14161 14159
f 14226 14228 14163
f 14226 14163 14161
f 14228 14230 14165
f 14228 14165 14163
f 14165 14230 14232
f 14165 14232 14167
f 14167 14232 14234
f 14167 14234 14169
f 14169 14234 14236
f 14169 14236 14171
f 14238 14173 14171
f 14238 14171 14236
f 14240 14175 14173
f 14240 14173 14238
f 14240 14242 14177
f 14240 14177 14175
f 14242 14244 14179
f 14242 14179 14177
f 14244 14246 14181
f 14244 14181 14179
f 14246 14248 14183
f 14246 14183 14181
f 14183 14248 14250
f 14183 14250 14185
f 14185 14250 14252
f 14185 14252 14187
f 14187 14252 14254
f 14187 14254 14189
f 14194 14129 14189
f 14194 14189 14254
f 14397 14398 14320
f 14397 14320 14319
f 14398 14399 14321
f 14398 14321 14320
f 14399 14400 14322
f 14399 14322 14321
f 14322 14400 14401
f 14322 14401 14323
f 14401 14402 14324
f 14401 14324 14323
f 14402 14403 14325
f 14402 14325 14324
f 14403 14404 14326
f 14403 14326 14325
f 14404 14405 14327
f 14404 14327 14326
f 14327 14405 14406
f 14327 14406 14328
f 14328 14406 14407
f 14328 14407 14329
f 14329 14407 14408
f 14329 14408 14330
f 14330 14408 14409
f 14330 14409 14331
f 14409 14410 14332
f 14409 14332 14331
f 14410 14411 14333
f 14410 14333 14332
f 14411 14412 14334
f 14411 14334 14333
f 14334 14412 14413
f 14334 14413 14335
f 14335 14413 14414
f 14335 14414 14336
f 14336 14414 14415
f 14336 14415 14337
f 14337 14415 14416
f 14337 14416 14338
f 14416 14417 14339
f 14416 14339 14338
f 14417 14418 14340
f 14417 14340 14339
f 14418 14419 14341
f 14418 14341 14340
f 14341 14419 14420
f 14341 14420 14342
f 14342 14420 14421
f 14342 14421 14343
f 14343 14421 14422
f 14343 14422 14344
f 14344 14422 14423
f 14344 14423 14345
f 14345 14423 14424
f 14345 14424 14346
f 14346 14424 14425
f 14346 14425 14347
f 14425 14426 14348
f 14425 14348 14347
f 14426 14427 14349
f 14426 14349 14348
f 14427 14428 14350
f 14427 14350 14349
f 14428 14397 14319
f 14428 14319 14350
f 14429 14430 14398
f 14429 14398 14397
f 14398 14430 14431
f 14398 14431 14399
f 14399 14431 14432
f 14399 14432 14400
f 14400 14432 14433
f 14400 14433 14401
f 14433 14434 14402
f 14433 14402 14401
f 14434 14435 14403
f 14434 14403 14402
f 14435 14436 14404
f 14435 14404 14403
f 14436 14437 14405
f 14436 14405 14404
f 14405 14437 14438
f 14405 14438 14406
f 14406 14438 14439
f 14406 14439 14407
f 14407 14439 14440
f 14407 14440 14408
f 14408 14440 14441
f 14408 14441 14409
f 14441 14442 14410
f 14441 14410 14409
f 14442 14443 14411
f 14442 14411 14410
f 14443 14444 14412
f 14443 14412 14411
f 14412 14444 14445
f 14412 14445 14413
f 14413 14445 14446
f 14413 14446 14414
f 14414 14446 14447
f 14414 14447 14415
f 14415 14447 14448
f 14415 14448 14416
f 14448 14449 14417
f 14448 14417 14416
f 14449 14450 14418
f 14449 14418 14417
f 14450 14451 14419
f 14450 14419 14418
f 14451 14452 14420
f 14451 14420 14419
f 14420 14452 14453
f 14420 14453 14421
f 14421 14453 14454
f 14421 14454 14422
f 14422 14454 14455
f 14422 14455 14423
f 14423 14455 14456
f 14423 14456 14424
f 14424 14456 14457
f 14424 14457 14425
f 14457 14458 14426
f 14457 14426 14425
f 14458 14459 14427
f 14458 14427 14426
f 14459 14460 14428
f 14459 14428 14427
f 14460 14429 14397
f 14460 14397 14428
f 14429 14461 14462
f 14429 14462 14430
f 14430 14462 14463
f 14430 14463 14431
f 14431 14463 14464
f 14431 14464 14432
f 14432 14464 14465
f 14432 14465 14433
f 14465 14466 14434
f 14465 14434 14433
f 14466 14467 14435
f 14466 14435 14434
f 14467 14468 14436
f 14467 14436 14435
f 14468 14469 14437
f 14468 14437 14436
f 14437 14469 14470
f 14437 14470 14438
f 14438 14470 14471
f 14438 14471 14439
f 14439 14471 14472
f 14439 14472 14440
f 14440 14472 14473
f 14440 14473 14441
f 14473 14474 14442
f 14473 14442 14441
f 14474 14475 14443
f 14474 14443 14442
f 14475 14476 14444
f 14475 14444 14443
f 14476 14477 14445
f 14476 14445 14444
f 14445 14477 14478
f 14445 14478 14446
f 14446 14478 14479
f 14446 14479 14447
f 14447 14479 14480
f 14447 14480 14448
f 14480 14481 14449
f 14480 14449 14448
f 14481 14482 14450
f 14481 14450 14449
f 14482 14483 14451
f 14482 14451 14450
f 14483 14484 14452
f 14483 14452 14451
f 14484 14485 14453
f 14484 14453 14452
f 14453 14485 14486
f 14453 14486 14454
f 14454 14486 14487
f 14454 14487 14455
f 14455 14487 14488
f 14455 14488 14456
f 14456 14488 14489
f 14456 14489 14457
f 14489 14490 14458
f 14489 14458 14457
f 14490 14491 14459
f 14490 14459 14458
f 14491 14492 14460
f 14491 14460 14459
f 14492 14461 14429
f 14492 14429 14460
f 14461 14493 14494
f 14461 14494 14462
f 14462 14494 14495
f 14462 14495 14463
f 14463 14495 14496
f 14463 14496 14464
f 14464 14496 14497
f 14464 14497 14465
f 14497 14498 14466
f 14497 14466 14465
f 14498 14499 14467
f 14498 14467 14466
f 14499 14500 14468
f 14499 14468 14467
f 14500 14501 14469
f 14500 14469 14468
f 14469 14501 14502
f 14469 14502 14470
f 14470 14502 14503
f 14470 14503 14471
f 14471 14503 14504
f 14471 14504 14472
f 14505 14473 14472
f 14505 14472 14504
f 14506 14474 14473
f 14506 14473 14505
f 14507 14475 14474
f 14507 14474 14506
f 14507 14508 14476
f 14507 14476 14475
f 14508 14509 14477
f 14508 14477 14476
f 14477 14509 14510
f 14477 14510 14478
f 14478 14510 14511
f 14478 14511 14479
f 14511 14512 14480
f 14511 14480 14479
f 14481 14480 14512
f 14481 14512 14513
f 14482 14481 14513
f 14482 14513 14514
f 14514 14515 14483
f 14514 14483 14482
f 14515 14516 14484
f 14515 14484 14483
f 14516 14517 14485
f 14516 14485 14484
f 14485 14517 14518
f 14485 14518 14486
f 14486 14518 14519
f 14486 14519 14487
f 14487 14519 14520
f 14487 14520 14488
f 14520 14521 14489
f 14520 14489 14488
f 14521 14522 14490
f 14521 14490 14489
f 14522 14523 14491
f 14522 14491 14490
f 14523 14524 14492
f 14523 14492 14491
f 14524 14493 14461
f 14524 14461 14492
f 14494 14493 14525
f 14494 14525 14526
f 14495 14494 14526
f 14495 14526 14527
f 14496 14495 14527
f 14496 14527 14528
f 14496 14528 14529
f 14496 14529 14497
f 14497 14529 14530
f 14497 14530 14498
f 14498 14530 14531
f 14498 14531 14499
f 14499 14531 14532
f 14499 14532 14500
f 14500 14532 14533
f 14500 14533 14501
f 14501 14533 14534
f 14501 14534 14502
f 14535 14503 14502
f 14535 14502 14534
f 14536 14504 14503
f 14536 14503 14535
f 14537 14505 14504
f 14537 14504 14536
f 14538 14506 14505
f 14538 14505 14537
f 14539 14507 14506
f 14539 14506 14538
f 14507 14539 14540
f 14507 14540 14508
f 14508 14540 14541
f 14508 14541 14509
f 14509 14541 14542
f 14509 14542 14510
f 14510 14542 14543
f 14510 14543 14511
f 14543 14544 14512
f 14543 14512 14511
f 14513 14512 14544
f 14513 14544 14545
f 14514 14513 14545
f 14514 14545 14546
f 14515 14514 14546
f 14515 14546 14547
f 14516 14515 14547
f 14516 14547 14548
f 14517 14516 14548
f 14517 14548 14549
f 14518 14517 14549
f 14518 14549 14550
f 14550 14551 14519
f 14550 14519 14518
f 14551 14552 14520
f 14551 14520 14519
f 14552 14553 14521
f 14552 14521 14520
f 14553 14554 14522
f 14553 14522 14521
f 14554 14555 14523
f 14554 14523 14522
f 14524 14523 14555
f 14524 14555 14556
f 14493 14524 14556
f 14493 14556 14525
f 14526 14525 14557
f 14526 14557 14558
f 14527 14526 14558
f 14527 14558 14559
f 14560 14528 14527
f 14560 14527 14559
f 14528 14560 14561
f 14528 14561 14529
f 14529 14561 14562
f 14529 14562 14530
f 14530 14562 14563
f 14530 14563 14531
f 14531 14563 14564
f 14531 14564 14532
f 14532 14564 14565
f 14532 14565 14533
f 14566 14534 14533
f 14566 14533 14565
f 14567 14535 14534
f 14567 14534 14566
f 14568 14536 14535
f 14568 14535 14567
f 14569 14537 14536
f 14569 14536 14568
f 14570 14538 14537
f 14570 14537 14569
f 14571 14539 14538
f 14571 14538 14570
f 14539 14571 14572
f 14539 14572 14540
f 14540 14572 14573
f 14540 14573 14541
f 14541 14573 14574
f 14541 14574 14542
f 14542 14574 14575
f 14542 14575 14543
f 14544 14543 14575
f 14544 14575 14576
f 14545 14544 14576
f 14545 14576 14577
f 14546 14545 14577
f 14546 14577 14578
f 14547 14546 14578
f 14547 14578 14579
f 14548 14547 14579
f 14548 14579 14580
f 14549 14548 14580
f 14549 14580 14581
f 14550 14549 14581
f 14550 14581 14582
f 14582 14583 14551
f 14582 14551 14550
f 14583 14584 14552
f 14583 14552 14551
f 14584 14585 14553
f 14584 14553 14552
f 14585 14586 14554
f 14585 14554 14553
f 14555 14554 14586
f 14555 14586 14587
f 14556 14555 14587
f 14556 14587 14588
f 14525 14556 14588
f 14525 14588 14557
f 14558 14557 14589
f 14558 14589 14590
f 14559 14558 14590
f 14559 14590 14591
f 14560 14559 14591
f 14560 14591 14592
f 14593 14561 14560
f 14593 14560 14592
f 14561 14593 14594
f 14561 14594 14562
f 14562 14594 14595
f 14562 14595 14563
f 14563 14595 14596
f 14563 14596 14564
f 14597 14565 14564
f 14597 14564 14596
f 14598 14566 14565
f 14598 14565 14597
f 14599 14567 14566
f 14599 14566 14598
f 14600 14568 14567
f 14600 14567 14599
f 14601 14569 14568
f 14601 14568 14600
f 14602 14570 14569
f 14602 14569 14601
f 14603 14571 14570
f 14603 14570 14602
f 14571 14603 14604
f 14571 14604 14572
f 14572 14604 14605
f 14572 14605 14573
f 14573 14605 14606
f 14573 14606 14574
f 14607 14575 14574
f 14607 14574 14606
f 14576 14575 14607
f 14576 14607 14608
f 14577 14576 14608
f 14577 14608 14609
f 14578 14577 14609
f 14578 14609 14610
f 14579 14578 14610
f 14579 14610 14611
f 14580 14579 14611
f 14580 14611 14612
f 14581 14580 14612
f 14581 14612 14613
f 14582 14581 14613
f 14582 14613 14614
f 14614 14615 14583
f 14614 14583 14582
f 14615 14616 14584
f 14615 14584 14583
f 14616 14617 14585
f 14616 14585 14584
f 14586 14585 14617
f 14586 14617 14618
f 14587 14586 14618
f 14587 14618 14619
f 14588 14587 14619
f 14588 14619 14620
f 14557 14588 14620
f 14557 14620 14589
f 14621 14590 14589
f 14621 14591 14590
f 14621 14592 14591
f 14621 14593 14592
f 14621 14594 14593
f 14621 14595 14594
f 14621 14596 14595
f 14621 14597 14596
f 14621 14598 14597
f 14621 14599 14598
f 14621 14600 14599
f 14621 14601 14600
f 14621 14602 14601
f 14621 14603 14602
f 14621 14604 14603
f 14621 14605 14604
f 14621 14606 14605
f 14621 14607 14606
f 14621 14608 14607
f 14621 14609 14608
f 14621 14610 14609
f 14621 14611 14610
f 14621 14612 14611
f 14621 14613 14612
f 14621 14614 14613
f 14621 14615 14614
f 14621 14616 14615
f 14621 14617 14616
f 14621 14618 14617
f 14621 14619 14618
f 14621 14620 14619
f 14621 14589 14620
f 14622 14623 14624
f 14622 14624 14625
f 14623 14626 14627
f 14623 14627 14624
f 14626 14628 14629
f 14626 14629 14627
f 14628 14630 14631
f 14628 14631 14629
f 14630 14632 14633
f 14630 14633 14631
f 14632 14634 14635
f 14632 14635 14633
f 14636 14635 14634
f 14636 14634 14637
f 14638 14636 14637
f 14638 14637 14639
f 14640 14638 14639
f 14640 14639 14641
f 14642 14640 14641
f 14642 14641 14643
f 14643 14644 14645
f 14643 14645 14642
f 14644 14646 14647
f 14644 14647 14645
f 14646 14648 14649
f 14646 14649 14647
f 14648 14650 14651
f 14648 14651 14649
f 14650 14652 14653
f 14650 14653 14651
f 14654 14653 14652
f 14654 14652 14655
f 14654 14655 14656
f 14654 14656 14657
f 14657 14656 14658
f 14657 14658 14659
f 14659 14658 14660
f 14659 14660 14661
f 14661 14660 14662
f 14661 14662 14663
f 14664 14665 14663
f 14664 14663 14662
f 14666 14667 14665
f 14666 14665 14664
f 14668 14669 14667
f 14668 14667 14666
f 14670 14671 14669
f 14670 14669 14668
f 14672 14673 14671
f 14672 14671 14670
f 14674 14675 14673
f 14674 14673 14672
f 14675 14674 14676
f 14675 14676 14677
f 14677 14676 14678
f 14677 14678 14679
f 14679 14678 14680
f 14679 14680 14681
f 14681 14680 14682
f 14681 14682 14683
f 14683 14682 14684
f 14683 14684 14685
f 14622 14625 14685
f 14622 14685 14684
f 14686 14687 14688
f 14686 14688 14689
f 14690 14691 14687
f 14690 14687 14686
f 14692 14693 14691
f 14692 14691 14690
f 14694 14695 14693
f 14694 14693 14692
f 14696 14697 14695
f 14696 14695 14694
f 14697 14696 14698
f 14697 14698 14699
f 14700 14699 14698
f 14700 14698 14701
f 14700 14701 14702
f 14700 14702 14703
f 14704 14703 14702
f 14704 14702 14705
f 14704 14705 14706
f 14704 14706 14707
f 14706 14708 14709
f 14706 14709 14707
f 14708 14710 14711
f 14708 14711 14709
f 14710 14712 14713
f 14710 14713 14711
f 14712 14714 14715
f 14712 14715 14713
f 14714 14716 14717
f 14714 14717 14715
f 14716 14718 14719
f 14716 14719 14717
f 14719 14718 14720
f 14719 14720 14721
f 14721 14720 14722
f 14721 14722 14723
f 14723 14722 14724
f 14723 14724 14725
f 14726 14725 14724
f 14726 14724 14727
f 14727 14728 14729
f 14727 14729 14726
f 14728 14730 14731
f 14728 14731 14729
f 14730 14732 14733
f 14730 14733 14731
f 14734 14733 14732
f 14734 14732 14735
f 14734 14735 14736
f 14734 14736 14737
f 14737 14736 14738
f 14737 14738 14739
f 14739 14738 14740
f 14739 14740 14741
f 14741 14740 14742
f 14741 14742 14743
f 14743 14742 14744
f 14743 14744 14745
f 14745 14744 14746
f 14745 14746 14747
f 14747 14746 14748
f 14747 14748 14749
f 14749 14748 14689
f 14749 14689 14688
f 14750 14751 14752
f 14750 14752 14753
f 14753 14752 14754
f 14753 14754 14755
f 14755 14754 14756
f 14755 14756 14757
f 14757 14756 14758
f 14757 14758 14759
f 14758 14760 14761
f 14758 14761 14759
f 14760 14762 14763
f 14760 14763 14761
f 14762 14764 14765
f 14762 14765 14763
f 14764 14766 14767
f 14764 14767 14765
f 14767 14766 14768
f 14767 14768 14769
f 14769 14768 14770
f 14769 14770 14771
f 14771 14770 14772
f 14771 14772 14773
f 14772 14774 14775
f 14772 14775 14773
f 14774 14776 14777
f 14774 14777 14775
f 14776 14778 14779
f 14776 14779 14777
f 14778 14780 14781
f 14778 14781 14779
f 14780 14782 14783
f 14780 14783 14781
f 14783 14782 14784
f 14783 14784 14785
f 14785 14784 14786
f 14785 14786 14787
f 14787 14786 14788
f 14787 14788 14789
f 14788 14790 14791
f 14788 14791 14789
f 14790 14792 14793
f 14790 14793 14791
f 14792 14794 14795
f 14792 14795 14793
f 14794 14796 14797
f 14794 14797 14795
f 14796 14798 14799
f 14796 14799 14797
f 14799 14798 14800
f 14799 14800 14801
f 14801 14800 14802
f 14801 14802 14803
f 14803 14802 14804
f 14803 14804 14805
f 14805 14804 14806
f 14805 14806 14807
f 14806 14808 14809
f 14806 14809 14807
f 14808 14810 14811
f 14808 14811 14809
f 14810 14812 14813
f 14810 14813 14811
f 14812 14751 14750
f 14812 14750 14813
f 14814 14750 14753
f 14814 14753 14815
f 14815 14753 14755
f 14815 14755 14816
f 14816 14755 14757
f 14816 14757 14817
f 14817 14757 14759
f 14817 14759 14818
f 14759 14761 14819
f 14759 14819 14818
f 14761 14763 14820
f 14761 14820 14819
f 14763 14765 14821
f 14763 14821 14820
f 14765 14767 14822
f 14765 14822 14821
f 14822 14767 14769
f 14822 14769 14823
f 14823 14769 14771
f 14823 14771 14824
f 14824 14771 14773
f 14824 14773 14825
f 14825 14773 14775
f 14825 14775 14826
f 14775 14777 14827
f 14775 14827 14826
f 14777 14779 14828
f 14777 14828 14827
f 14779 14781 14829
f 14779 14829 14828
f 14781 14783 14830
f 14781 14830 14829
f 14830 14783 14785
f 14830 14785 14831
f 14831 14785 14787
f 14831 14787 14832
f 14832 14787 14789
f 14832 14789 14833
f 14789 14791 14834
f 14789 14834 14833
f 14791 14793 14835
f 14791 14835 14834
f 14793 14795 14836
f 14793 14836 14835
f 14795 14797 14837
f 14795 14837 14836
f 14797 14799 14838
f 14797 14838 14837
f 14799 14801 14839
f 14799 14839 14838
f 14839 14801 14803
f 14839 14803 14840
f 14840 14803 14805
f 14840 14805 14841
f 14841 14805 14807
f 14841 14807 14842
f 14807 14809 14843
f 14807 14843 14842
f 14809 14811 14844
f 14809 14844 14843
f 14811 14813 14845
f 14811 14845 14844
f 14813 14750 14814
f 14813 14814 14845
f 14846 14814 14815
f 14846 14815 14847
f 14847 14815 14816
f 14847 14816 14848
f 14848 14816 14817
f 14848 14817 14849
f 14849 14817 14818
f 14849 14818 14850
f 14818 14819 14851
f 14818 14851 14850
f 14819 14820 14852
f 14819 14852 14851
f 14820 14821 14853
f 14820 14853 14852
f 14821 14822 14854
f 14821 14854 14853
f 14854 14822 14823
f 14854 14823 14855
f 14855 14823 14824
f 14855 14824 14856
f 14856 14824 14825
f 14856 14825 14857
f 14857 14825 14826
f 14857 14826 14858
f 14826 14827 14859
f 14826 14859 14858
f 14827 14828 14860
f 14827 14860 14859
f 14828 14829 14861
f 14828 14861 14860
f 14829 14830 14862
f 14829 14862 14861
f 14830 14831 14863
f 14830 14863 14862
f 14831 14832 14864
f 14831 14864 14863
f 14832 14833 14865
f 14832 14865 14864
f 14833 14834 14866
f 14833 14866 14865
f 14834 14835 14867
f 14834 14867 14866
f 14835 14836 14868
f 14835 14868 14867
f 14836 14837 14869
f 14836 14869 14868
f 14837 14838 14870
f 14837 14870 14869
f 14838 14839 14871
f 14838 14871 14870
f 14871 14839 14840
f 14871 14840 14872
f 14872 14840 14841
f 14872 14841 14873
f 14873 14841 14842
f 14873 14842 14874
f 14842 14843 14875
f 14842 14875 14874
f 14843 14844 14876
f 14843 14876 14875
f 14844 14845 14877
f 14844 14877 14876
f 14877 14845 14814
f 14877 14814 14846
f 14878 14846 14847
f 14878 14847 14879
f 14879 14847 14848
f 14879 14848 14880
f 14880 14848 14849
f 14880 14849 14881
f 14881 14849 14850
f 14881 14850 14882
f 14850 14851 14883
f 14850 14883 14882
f 14883 14851 14852
f 14883 14852 14884
f 14884 14852 14853
f 14884 14853 14885
f 14885 14853 14854
f 14885 14854 14886
f 14886 14854 14855
f 14886 14855 14887
f 14887 14855 14856
f 14887 14856 14888
f 14888 14856 14857
f 14888 14857 14889
f 14889 14857 14858
f 14889 14858 14890
f 14890 14858 14859
f 14890 14859 14891
f 14859 14860 14892
f 14859 14892 14891
f 14860 14861 14893
f 14860 14893 14892
f 14861 14862 14894
f 14861 14894 14893
f 14862 14863 14895
f 14862 14895 14894
f 14863 14864 14896
f 14863 14896 14895
f 14864 14865 14897
f 14864 14897 14896
f 14897 14865 14866
f 14897 14866 14898
f 14866 14867 14899
f 14866 14899 14898
f 14867 14868 14900
f 14867 14900 14899
f 14868 14869 14901
f 14868 14901 14900
f 14869 14870 14902
f 14869 14902 14901
f 14870 14871 14903
f 14870 14903 14902
f 14871 14872 14904
f 14871 14904 14903
f 14872 14873 14905
f 14872 14905 14904
f 14873 14874 14906
f 14873 14906 14905
f 14874 14875 14907
f 14874 14907 14906
f 14907 14875 14876
f 14907 14876 14908
f 14908 14876 14877
f 14908 14877 14909
f 14909 14877 14846
f 14909 14846 14878
f 14910 14911 14912
f 14910 14912 14913
f 14911 14914 14912
f 14915 14916 14917
f 14917 14916 14918
f 14917 14918 14919
f 14919 14918 14920
f 14919 14920 14921
f 14921 14920 14922
f 14921 14922 14923
f 14924 14925 14923
f 14924 14923 14922
f 14926 14927 14925
f 14926 14925 14924
f 14928 14929 14927
f 14928 14927 14926
f 14930 14931 14929
f 14930 14929 14928
f 14932 14933 14931
f 14932 14931 14930
f 14933 14932 14934
f 14933 14934 14935
f 14935 14934 14936
f 14935 14936 14937
f 14937 14936 14938
f 14937 14938 14939
f 14939 14938 14940
f 14939 14940 14941
f 14942 14941 14940
f 14942 14940 14943
f 14944 14942 14943
f 14944 14943 14945
f 14945 14910 14913
f 14945 14913 14944
f 14624 14686 14689
f 14624 14689 14625
f 14627 14690 14686
f 14627 14686 14624
f 14629 14692 14690
f 14629 14690 14627
f 14631 14694 14692
f 14631 14692 14629
f 14633 14696 14694
f 14633 14694 14631
f 14698 14696 14633
f 14698 14633 14635
f 14701 14698 14635
f 14701 14635 14636
f 14701 14636 14638
f 14701 14638 14702
f 14705 14702 14638
f 14705 14638 14640
f 14706 14705 14640
f 14706 14640 14642
f 14642 14645 14708
f 14642 14708 14706
f 14645 14647 14710
f 14645 14710 14708
f 14647 14649 14712
f 14647 14712 14710
f 14649 14651 14714
f 14649 14714 14712
f 14651 14653 14716
f 14651 14716 14714
f 14653 14654 14718
f 14653 14718 14716
f 14718 14654 14657
f 14718 14657 14720
f 14722 14720 14657
f 14722 14657 14659
f 14724 14722 14659
f 14724 14659 14661
f 14727 14724 14661
f 14727 14661 14663
f 14665 14728 14727
f 14665 14727 14663
f 14667 14730 14728
f 14667 14728 14665
f 14667 14669 14732
f 14667 14732 14730
f 14735 14732 14669
f 14735 14669 14671
f 14735 14671 14673
f 14735 14673 14736
f 14736 14673 14675
f 14736 14675 14738
f 14738 14675 14677
f 14738 14677 14740
f 14740 14677 14679
f 14740 14679 14742
f 14742 14679 14681
f 14742 14681 14744
f 14744 14681 14683
f 14744 14683 14746
f 14746 14683 14685
f 14746 14685 14748
f 14625 14689 14748
f 14625 14748 14685
f 14913 14912 14623
f 14913 14623 14622
f 14912 14914 14626
f 14912 14626 14623
f 14914 14946 14628
f 14914 14628 14626
f 14946 14947 14630
f 14946 14630 14628
f 14947 14948 14632
f 14947 14632 14630
f 14948 14949 14634
f 14948 14634 14632
f 14637 14634 14949
f 14637 14949 14950
f 14639 14637 14950
f 14951 14952 14646
f 14951 14646 14644
f 14952 14953 14648
f 14952 14648 14646
f 14954 14650 14648
f 14954 14648 14953
f 14955 14652 14650
f 14955 14650 14954
f 14652 14955 14915
f 14652 14915 14655
f 14655 14915 14917
f 14655 14917 14656
f 14656 14917 14919
f 14656 14919 14658
f 14658 14919 14921
f 14658 14921 14660
f 14660 14921 14923
f 14660 14923 14662
f 14662 14923 14925
f 14662 14925 14664
f 14927 14666 14664
f 14927 14664 14925
f 14929 14668 14666
f 14929 14666 14927
f 14931 14670 14668
f 14931 14668 14929
f 14933 14672 14670
f 14933 14670 14931
f 14672 14933 14935
f 14672 14935 14674
f 14674 14935 14937
f 14674 14937 14676
f 14676 14937 14939
f 14676 14939 14678
f 14678 14939 14941
f 14678 14941 14680
f 14680 14941 14942
f 14680 14942 14682
f 14684 14682 14942
f 14684 14942 14944
f 14944 14913 14622
f 14944 14622 14684
f 14751 14688 14687
f 14751 14687 14752
f 14691 14754 14752
f 14691 14752 14687
f 14693 14756 14754
f 14693 14754 14691
f 14695 14758 14756
f 14695 14756 14693
f 14697 14760 14758
f 14697 14758 14695
f 14760 14697 14699
f 14760 14699 14762
f 14699 14700 14764
f 14699 14764 14762
f 14764 14700 14703
f 14764 14703 14766
f 14768 14766 14703
f 14768 14703 14704
f 14768 14704 14707
f 14768 14707 14770
f 14772 14770 14707
f 14772 14707 14709
f 14709 14711 14774
f 14709 14774 14772
f 14711 14713 14776
f 14711 14776 14774
f 14713 14715 14778
f 14713 14778 14776
f 14715 14717 14780
f 14715 14780 14778
f 14717 14719 14782
f 14717 14782 14780
f 14782 14719 14721
f 14782 14721 14784
f 14784 14721 14723
f 14784 14723 14786
f 14786 14723 14725
f 14786 14725 14788
f 14725 14726 14790
f 14725 14790 14788
f 14726 14729 14792
f 14726 14792 14790
f 14729 14731 14794
f 14729 14794 14792
f 14796 14794 14731
f 14796 14731 14733
f 14798 14796 14733
f 14798 14733 14734
f 14798 14734 14737
f 14798 14737 14800
f 14800 14737 14739
f 14800 14739 14802
f 14802 14739 14741
f 14802 14741 14804
f 14804 14741 14743
f 14804 14743 14806
f 14743 14745 14808
f 14743 14808 14806
f 14745 14747 14810
f 14745 14810 14808
f 14747 14749 14812
f 14747 14812 14810
f 14751 14812 14749
f 14751 14749 14688
f 14956 14878 14879
f 14956 14879 14957
f 14957 14879 14880
f 14957 14880 14958
f 14958 14880 14881
f 14958 14881 14959
f 14881 14882 14960
f 14881 14960 14959
f 14960 14882 14883
f 14960 14883 14961
f 14961 14883 14884
f 14961 14884 14962
f 14962 14884 14885
f 14962 14885 14963
f 14963 14885 14886
f 14963 14886 14964
f 14886 14887 14965
f 14886 14965 14964
f 14887 14888 14966
f 14887 14966 14965
f 14888 14889 14967
f 14888 14967 14966
f 14889 14890 14968
f 14889 14968 14967
f 14968 14890 14891
f 14968 14891 14969
f 14969 14891 14892
f 14969 14892 14970
f 14970 14892 14893
f 14970 14893 14971
f 14893 14894 14972
f 14893 14972 14971
f 14894 14895 14973
f 14894 14973 14972
f 14895 14896 14974
f 14895 14974 14973
f 14896 14897 14975
f 14896 14975 14974
f 14975 14897 14898
f 14975 14898 14976
f 14976 14898 14899
f 14976 14899 14977
f 14977 14899 14900
f 14977 14900 14978
f 14900 14901 14979
f 14900 14979 14978
f 14901 14902 14980
f 14901 14980 14979
f 14902 14903 14981
f 14902 14981 14980
f 14903 14904 14982
f 14903 14982 14981
f 14904 14905 14983
f 14904 14983 14982
f 14905 14906 14984
f 14905 14984 14983
f 14984 14906 14907
f 14984 14907 14985
f 14985 14907 14908
f 14985 14908 14986
f 14986 14908 14909
f 14986 14909 14987
f 14987 14909 14878
f 14987 14878 14956
f 14988 14956 14957
f 14988 14957 14989
f 14957 14958 14990
f 14957 14990 14989
f 14958 14959 14991
f 14958 14991 14990
f 14959 14960 14992
f 14959 14992 14991
f 14992 14960 14961
f 14992 14961 14993
f 14993 14961 14962
f 14993 14962 14994
f 14994 14962 14963
f 14994 14963 14995
f 14995 14963 14964
f 14995 14964 14996
f 14964 14965 14997
f 14964 14997 14996
f 14965 14966 14998
f 14965 14998 14997
f 14966 14967 14999
f 14966 14999 14998
f 14967 14968 15000
f 14967 15000 14999
f 15000 14968 14969
f 15000 14969 15001
f 15001 14969 14970
f 15001 14970 15002
f 15002 14970 14971
f 15002 14971 15003
f 14971 14972 15004
f 14971 15004 15003
f 14972 14973 15005
f 14972 15005 15004
f 14973 14974 15006
f 14973 15006 15005
f 14974 14975 15007
f 14974 15007 15006
f 15007 14975 14976
f 15007 14976 15008
f 15008 14976 14977
f 15008 14977 15009
f 15009 14977 14978
f 15009 14978 15010
f 15010 14978 14979
f 15010 14979 15011
f 14979 14980 15012
f 14979 15012 15011
f 14980 14981 15013
f 14980 15013 15012
f 14981 14982 15014
f 14981 15014 15013
f 14982 14983 15015
f 14982 15015 15014
f 14983 14984 15016
f 14983 15016 15015
f 15016 14984 14985
f 15016 14985 15017
f 15017 14985 14986
f 15017 14986 15018
f 15018 14986 14987
f 15018 14987 15019
f 15019 14987 14956
f 15019 14956 14988
f 14988 14989 15020
f 14988 15020 15021
f 14989 14990 15022
f 14989 15022 15020
f 14990 14991 15023
f 14990 15023 15022
f 14991 14992 15024
f 14991 15024 15023
f 15024 14992 14993
f 15024 14993 15025
f 15025 14993 14994
f 15025 14994 15026
f 15026 14994 14995
f 15026 14995 15027
f 15027 14995 14996
f 15027 14996 15028
f 14996 14997 15029
f 14996 15029 15028
f 14997 14998 15030
f 14997 15030 15029
f 14998 14999 15031
f 14998 15031 15030
f 14999 15000 15032
f 14999 15032 15031
f 15032 15000 15001
f 15032 15001 15033
f 15033 15001 15002
f 15033 15002 15034
f 15034 15002 15003
f 15034 15003 15035
f 15035 15003 15004
f 15035 15004 15036
f 15004 15005 15037
f 15004 15037 15036
f 15005 15006 15038
f 15005 15038 15037
f 15006 15007 15039
f 15006 15039 15038
f 15039 15007 15008
f 15039 15008 15040
f 15040 15008 15009
f 15040 15009 15041
f 15041 15009 15010
f 15041 15010 15042
f 15042 15010 15011
f 15042 15011 15043
f 15043 15011 15012
f 15043 15012 15044
f 15012 15013 15045
f 15012 15045 15044
f 15013 15014 15046
f 15013 15046 15045
f 15014 15015 15047
f 15014 15047 15046
f 15015 15016 15048
f 15015 15048 15047
f 15048 15016 15017
f 15048 15017 15049
f 15049 15017 15018
f 15049 15018 15050
f 15050 15018 15019
f 15050 15019 15051
f 15051 15019 14988
f 15051 14988 15021
f 15021 15020 15052
f 15021 15052 15053
f 15020 15022 15054
f 15020 15054 15052
f 15022 15023 15055
f 15022 15055 15054
f 15023 15024 15056
f 15023 15056 15055
f 15056 15024 15025
f 15056 15025 15057
f 15057 15025 15026
f 15057 15026 15058
f 15058 15026 15027
f 15058 15027 15059
f 15059 15027 15028
f 15059 15028 15060
f 15028 15029 15061
f 15028 15061 15060
f 15029 15030 15062
f 15029 15062 15061
f 15030 15031 15063
f 15030 15063 15062
f 15064 15063 15031
f 15064 15031 15032
f 15065 15064 15032
f 15065 15032 15033
f 15066 15065 15033
f 15066 15033 15034
f 15066 15034 15035
f 15066 15035 15067
f 15067 15035 15036
f 15067 15036 15068
f 15036 15037 15069
f 15036 15069 15068
f 15037 15038 15070
f 15037 15070 15069
f 15070 15038 15039
f 15070 15039 15071
f 15040 15072 15071
f 15040 15071 15039
f 15041 15073 15072
f 15041 15072 15040
f 15073 15041 15042
f 15073 15042 15074
f 15074 15042 15043
f 15074 15043 15075
f 15075 15043 15044
f 15075 15044 15076
f 15044 15045 15077
f 15044 15077 15076
f 15045 15046 15078
f 15045 15078 15077
f 15046 15047 15079
f 15046 15079 15078
f 15079 15047 15048
f 15079 15048 15080
f 15080 15048 15049
f 15080 15049 15081
f 15081 15049 15050
f 15081 15050 15082
f 15082 15050 15051
f 15082 15051 15083
f 15083 15051 15021
f 15083 15021 15053
f 15052 15084 15085
f 15052 15085 15053
f 15054 15086 15084
f 15054 15084 15052
f 15055 15087 15086
f 15055 15086 15054
f 15055 15056 15088
f 15055 15088 15087
f 15056 15057 15089
f 15056 15089 15088
f 15057 15058 15090
f 15057 15090 15089
f 15058 15059 15091
f 15058 15091 15090
f 15059 15060 15092
f 15059 15092 15091
f 15060 15061 15093
f 15060 15093 15092
f 15094 15093 15061
f 15094 15061 15062
f 15095 15094 15062
f 15095 15062 15063
f 15096 15095 15063
f 15096 15063 15064
f 15097 15096 15064
f 15097 15064 15065
f 15098 15097 15065
f 15098 15065 15066
f 15066 15067 15099
f 15066 15099 15098
f 15067 15068 15100
f 15067 15100 15099
f 15068 15069 15101
f 15068 15101 15100
f 15069 15070 15102
f 15069 15102 15101
f 15102 15070 15071
f 15102 15071 15103
f 15072 15104 15103
f 15072 15103 15071
f 15073 15105 15104
f 15073 15104 15072
f 15074 15106 15105
f 15074 15105 15073
f 15075 15107 15106
f 15075 15106 15074
f 15076 15108 15107
f 15076 15107 15075
f 15077 15109 15108
f 15077 15108 15076
f 15109 15077 15078
f 15109 15078 15110
f 15110 15078 15079
f 15110 15079 15111
f 15111 15079 15080
f 15111 15080 15112
f 15112 15080 15081
f 15112 15081 15113
f 15113 15081 15082
f 15113 15082 15114
f 15083 15115 15114
f 15083 15114 15082
f 15053 15085 15115
f 15053 15115 15083
f 15084 15116 15117
f 15084 15117 15085
f 15086 15118 15116
f 15086 15116 15084
f 15119 15118 15086
f 15119 15086 15087
f 15087 15088 15120
f 15087 15120 15119
f 15088 15089 15121
f 15088 15121 15120
f 15089 15090 15122
f 15089 15122 15121
f 15090 15091 15123
f 15090 15123 15122
f 15091 15092 15124
f 15091 15124 15123
f 15125 15124 15092
f 15125 15092 15093
f 15126 15125 15093
f 15126 15093 15094
f 15127 15126 15094
f 15127 15094 15095
f 15128 15127 15095
f 15128 15095 15096
f 15129 15128 15096
f 15129 15096 15097
f 15130 15129 15097
f 15130 15097 15098
f 15098 15099 15131
f 15098 15131 15130
f 15099 15100 15132
f 15099 15132 15131
f 15100 15101 15133
f 15100 15133 15132
f 15101 15102 15134
f 15101 15134 15133
f 15103 15135 15134
f 15103 15134 15102
f 15104 15136 15135
f 15104 15135 15103
f 15105 15137 15136
f 15105 15136 15104
f 15106 15138 15137
f 15106 15137 15105
f 15107 15139 15138
f 15107 15138 15106
f 15108 15140 15139
f 15108 15139 15107
f 15109 15141 15140
f 15109 15140 15108
f 15141 15109 15110
f 15141 15110 15142
f 15142 15110 15111
f 15142 15111 15143
f 15143 15111 15112
f 15143 15112 15144
f 15144 15112 15113
f 15144 15113 15145
f 15114 15146 15145
f 15114 15145 15113
f 15115 15147 15146
f 15115 15146 15114
f 15085 15117 15147
f 15085 15147 15115
f 15116 15148 15149
f 15116 15149 15117
f 15118 15150 15148
f 15118 15148 15116
f 15119 15151 15150
f 15119 15150 15118
f 15152 15151 15119
f 15152 15119 15120
f 15120 15121 15153
f 15120 15153 15152
f 15121 15122 15154
f 15121 15154 15153
f 15122 15123 15155
f 15122 15155 15154
f 15156 15155 15123
f 15156 15123 15124
f 15157 15156 15124
f 15157 15124 15125
f 15158 15157 15125
f 15158 15125 15126
f 15159 15158 15126
f 15159 15126 15127
f 15160 15159 15127
f 15160 15127 15128
f 15161 15160 15128
f 15161 15128 15129
f 15162 15161 15129
f 15162 15129 15130
f 15130 15131 15163
f 15130 15163 15162
f 15131 15132 15164
f 15131 15164 15163
f 15132 15133 15165
f 15132 15165 15164
f 15166 15165 15133
f 15166 15133 15134
f 15135 15167 15166
f 15135 15166 15134
f 15136 15168 15167
f 15136 15167 15135
f 15137 15169 15168
f 15137 15168 15136
f 15138 15170 15169
f 15138 15169 15137
f 15139 15171 15170
f 15139 15170 15138
f 15140 15172 15171
f 15140 15171 15139
f 15141 15173 15172
f 15141 15172 15140
f 15173 15141 15142
f 15173 15142 15174
f 15174 15142 15143
f 15174 15143 15175
f 15175 15143 15144
f 15175 15144 15176
f 15145 15177 15176
f 15145 15176 15144
f 15146 15178 15177
f 15146 15177 15145
f 15147 15179 15178
f 15147 15178 15146
f 15117 15149 15179
f 15117 15179 15147
f 15180 15149 15148
f 15180 15148 15150
f 15180 15150 15151
f 15180 15151 15152
f 15180 15152 15153
f 15180 15153 15154
f 15180 15154 15155
f 15180 15155 15156
f 15180 15156 15157
f 15180 15157 15158
f 15180 15158 15159
f 15180 15159 15160
f 15180 15160 15161
f 15180 15161 15162
f 15180 15162 15163
f 15180 15163 15164
f 15180 15164 15165
f 15180 15165 15166
f 15180 15166 15167
f 15180 15167 15168
f 15180 15168 15169
f 15180 15169 15170
f 15180 15170 15171
f 15180 15171 15172
f 15180 15172 15173
f 15180 15173 15174
f 15180 15174 15175
f 15180 15175 15176
f 15180 15176 15177
f 15180 15177 15178
f 15180 15178 15179
f 15180 15179 15149
g iris
f 15181 15182 15183
f 15181 15183 15184
f 15184 15183 15185
f 15184 15185 15186
f 15186 15185 15187
f 15186 15187 15188
f 15188 15187 15189
f 15188 15189 15190
f 15190 15189 15191
f 15190 15191 15192
f 15192 15191 15193
f 15192 15193 15194
f 15194 15193 15195
f 15194 15195 15196
f 15196 15195 15197
f 15196 15197 15198
f 15198 15197 15199
f 15198 15199 15200
f 15200 15199 15201
f 15200 15201 15202
f 15202 15201 15203
f 15202 15203 15204
f 15204 15203 15205
f 15204 15205 15206
f 15206 15205 15207
f 15206 15207 15208
f 15208 15207 15209
f 15208 15209 15210
f 15210 15209 15211
f 15210 15211 15212
f 15212 15211 15213
f 15212 15213 15214
f 15214 15213 15215
f 15214 15215 15216
f 15216 15215 15217
f 15216 15217 15218
f 15218 15217 15219
f 15218 15219 15220
f 15220 15219 15182
f 15220 15182 15181
f 15182 15221 15222
f 15182 15222 15183
f 15183 15222 15223
f 15183 15223 15185
f 15185 15223 15224
f 15185 15224 15187
f 15187 15224 15225
f 15187 15225 15189
f 15189 15225 15226
f 15189 15226 15191
f 15191 15226 15227
f 15191 15227 15193
f 15193 15227 15228
f 15193 15228 15195
f 15195 15228 15229
f 15195 15229 15197
f 15197 15229 15230
f 15197 15230 15199
f 15199 15230 15231
f 15199 15231 15201
f 15201 15231 15232
f 15201 15232 15203
f 15203 15232 15233
f 15203 15233 15205
f 15205 15233 15234
f 15205 15234 15207
f 15207 15234 15235
f 15207 15235 15209
f 15209 15235 15236
f 15209 15236 15211
f 15211 15236 15237
f 15211 15237 15213
f 15213 15237 15238
f 15213 15238 15215
f 15215 15238 15239
f 15215 15239 15217
f 15217 15239 15240
f 15217 15240 15219
f 15219 15240 15221
f 15219 15221 15182
f 15221 15241 15242
f 15221 15242 15222
f 15222 15242 15243
f 15222 15243 15223
f 15223 15243 15244
f 15223 15244 15224
f 15224 15244 15245
f 15224 15245 15225
f 15225 15245 15246
f 15225 15246 15226
f 15226 15246 15247
f 15226 15247 15227
f 15227 15247 15248
f 15227 15248 15228
f 15228 15248 15249
f 15228 15249 15229
f 15229 15249 15250
f 15229 15250 15230
f 15230 15250 15251
f 15230 15251 15231
f 15231 15251 15252
f 15231 15252 15232
f 15232 15252 15253
f 15232 15253 15233
f 15233 15253 15254
f 15233 15254 15234
f 15234 15254 15255
f 15234 15255 15235
f 15235 15255 15256
f 15235 15256 15236
f 15236 15256 15257
f 15236 15257 15237
f 15237 15257 15258
f 15237 15258 15238
f 15238 15258 15259
f 15238 15259 15239
f 15239 15259 15260
f 15239 15260 15240
f 15240 15260 15241
f 15240 15241 15221
f 15241 15261 15262
f 15241 15262 15242
f 15242 15262 15263
f 15242 15263 15243
f 15243 15263 15264
f 15243 15264 15244
f 15244 15264 15265
f 15244 15265 15245
f 15245 15265 15266
f 15245 15266 15246
f 15246 15266 15267
f 15246 15267 15247
f 15247 15267 15268
f 15247 15268 15248
f 15248 15268 15269
f 15248 15269 15249
f 15249 15269 15270
f 15249 15270 15250
f 15250 15270 15271
f 15250 15271 15251
f 15251 15271 15272
f 15251 15272 15252
f 15252 15272 15273
f 15252 15273 15253
f 15253 15273 15274
f 15253 15274 15254
f 15254 15274 15275
f 15254 15275 15255
f 15255 15275 15276
f 15255 15276 15256
f 15256 15276 15277
f 15256 15277 15257
f 15257 15277 15278
f 15257 15278 15258
f 15258 15278 15279
f 15258 15279 15259
f 15259 15279 15280
f 15259 15280 15260
f 15260 15280 15261
f 15260 15261 15241
f 15261 15281 15282
f 15261 15282 15262
f 15262 15282 15283
f 15262 15283 15263
f 15263 15283 15284
f 15263 15284 15264
f 15264 15284 15285
f 15264 15285 15265
f 15265 15285 15286
f 15265 15286 15266
f 15266 15286 15287
f 15266 15287 15267
f 15267 15287 15288
f 15267 15288 15268
f 15268 15288 15289
f 15268 15289 15269
f 15269 15289 15290
f 15269 15290 15270
f 15270 15290 15291
f 15270 15291 15271
f 15271 15291 15292
f 15271 15292 15272
f 15272 15292 15293
f 15272 15293 15273
f 15273 15293 15294
f 15273 15294 15274
f 15274 15294 15295
f 15274 15295 15275
f 15275 15295 15296
f 15275 15296 15276
f 15276 15296 15297
f 15276 15297 15277
f 15277 15297 15298
f 15277 15298 15278
f 15278 15298 15299
f 15278 15299 15279
f 15279 15299 15300
f 15279 15300 15280
f 15280 15300 15281
f 15280 15281 15261
f 15281 15301 15302
f 15281 15302 15282
f 15282 15302 15303
f 15282 15303 15283
f 15283 15303 15304
f 15283 15304 15284
f 15284 15304 15305
f 15284 15305 15285
f 15285 15305 15306
f 15285 15306 15286
f 15286 15306 15307
f 15286 15307 15287
f 15287 15307 15308
f 15287 15308 15288
f 15288 15308 15309
f 15288 15309 15289
f 15289 15309 15310
f 15289 15310 15290
f 15290 15310 15311
f 15290 15311 15291
f 15291 15311 15312
f 15291 15312 15292
f 15292 15312 15313
f 15292 15313 15293
f 15293 15313 15314
f 15293 15314 15294
f 15294 15314 15315
f 15294 15315 15295
f 15295 15315 15316
f 15295 15316 15296
f 15296 15316 15317
f 15296 15317 15297
f 15297 15317 15318
f 15297 15318 15298
f 15298 15318 15319
f 15298 15319 15299
f 15299 15319 15320
f 15299 15320 15300
f 15300 15320 15301
f 15300 15301 15281
f 15301 15321 15322
f 15301 15322 15302
f 15302 15322 15323
f 15302 15323 15303
f 15303 15323 15324
f 15303 15324 15304
f 15304 15324 15325
f 15304 15325 15305
f 15305 15325 15326
f 15305 15326 15306
f 15306 15326 15327
f 15306 15327 15307
f 15307 15327 15328
f 15307 15328 15308
f 15308 15328 15329
f 15308 15329 15309
f 15309 15329 15330
f 15309 15330 15310
f 15310 15330 15331
f 15310 15331 15311
f 15311 15331 15332
f 15311 15332 15312
f 15312 15332 15333
f 15312 15333 15313
f 15313 15333 15334
f 15313 15334 15314
f 15314 15334 15335
f 15314 15335 15315
f 15315 15335 15336
f 15315 15336 15316
f 15316 15336 15337
f 15316 15337 15317
f 15317 15337 15338
f 15317 15338 15318
f 15318 15338 15339
f 15318 15339 15319
f 15319 15339 15340
f 15319 15340 15320
f 15320 15340 15321
f 15320 15321 15301
f 15321 15341 15342
f 15321 15342 15322
f 15322 15342 15343
f 15322 15343 15323
f 15323 15343 15344
f 15323 15344 15324
f 15324 15344 15345
f 15324 15345 15325
f 15325 15345 15346
f 15325 15346 15326
f 15326 15346 15347
f 15326 15347 15327
f 15327 15347 15348
f 15327 15348 15328
f 15328 15348 15349
f 15328 15349 15329
f 15329 15349 15350
f 15329 15350 15330
f 15330 15350 15351
f 15330 15351 15331
f 15331 15351 15352
f 15331 15352 15332
f 15332 15352 15353
f 15332 15353 15333
f 15333 15353 15354
f 15333 15354 15334
f 15334 15354 15355
f 15334 15355 15335
f 15335 15355 15356
f 15335 15356 15336
f 15336 15356 15357
f 15336 15357 15337
f 15337 15357 15358
f 15337 15358 15338
f 15338 15358 15359
f 15338 15359 15339
f 15339 15359 15360
f 15339 15360 15340
f 15340 15360 15341
f 15340 15341 15321
f 15341 15361 15362
f 15341 15362 15342
f 15342 15362 15363
f 15342 15363 15343
f 15343 15363 15364
f 15343 15364 15344
f 15344 15364 15365
f 15344 15365 15345
f 15345 15365 15366
f 15345 15366 15346
f 15346 15366 15367
f 15346 15367 15347
f 15347 15367 15368
f 15347 15368 15348
f 15348 15368 15369
f 15348 15369 15349
f 15349 15369 15370
f 15349 15370 15350
f 15350 15370 15371
f 15350 15371 15351
f 15351 15371 15372
f 15351 15372 15352
f 15352 15372 15373
f 15352 15373 15353
f 15353 15373 15374
f 15353 15374 15354
f 15354 15374 15375
f 15354 15375 15355
f 15355 15375 15376
f 15355 15376 15356
f 15356 15376 15377
f 15356 15377 15357
f 15357 15377 15378
f 15357 15378 15358
f 15358 15378 15379
f 15358 15379 15359
f 15359 15379 15380
f 15359 15380 15360
f 15360 15380 15361
f 15360 15361 15341
f 15361 15381 15382
f 15361 15382 15362
f 15362 15382 15383
f 15362 15383 15363
f 15363 15383 15384
f 15363 15384 15364
f 15364 15384 15385
f 15364 15385 15365
f 15365 15385 15386
f 15365 15386 15366
f 15366 15386 15387
f 15366 15387 15367
f 15367 15387 15388
f 15367 15388 15368
f 15368 15388 15389
f 15368 15389 15369
f 15369 15389 15390
f 15369 15390 15370
f 15370 15390 15391
f 15370 15391 15371
f 15371 15391 15392
f 15371 15392 15372
f 15372 15392 15393
f 15372 15393 15373
f 15373 15393 15394
f 15373 15394 15374
f 15374 15394 15395
f 15374 15395 15375
f 15375 15395 15396
f 15375 15396 15376
f 15376 15396 15397
f 15376 15397 15377
f 15377 15397 15398
f 15377 15398 15378
f 15378 15398 15399
f 15378 15399 15379
f 15379 15399 15400
f 15379 15400 15380
f 15380 15400 15381
f 15380 15381 15361
f 15381 15401 15402
f 15381 15402 15382
f 15382 15402 15403
f 15382 15403 15383
f 15383 15403 15404
f 15383 15404 15384
f 15384 15404 15405
f 15384 15405 15385
f 15385 15405 15406
f 15385 15406 15386
f 15386 15406 15407
f 15386 15407 15387
f 15387 15407 15408
f 15387 15408 15388
f 15388 15408 15409
f 15388 15409 15389
f 15389 15409 15410
f 15389 15410 15390
f 15390 15410 15411
f 15390 15411 15391
f 15391 15411 15412
f 15391 15412 15392
f 15392 15412 15413
f 15392 15413 15393
f 15393 15413 15414
f 15393 15414 15394
f 15394 15414 15415
f 15394 15415 15395
f 15395 15415 15416
f 15395 15416 15396
f 15396 15416 15417
f 15396 15417 15397
f 15397 15417 15418
f 15397 15418 15398
f 15398 15418 15419
f 15398 15419 15399
f 15399 15419 15420
f 15399 15420 15400
f 15400 15420 15401
f 15400 15401 15381
f 15401 15421 15422
f 15401 15422 15402
f 15402 15422 15423
f 15402 15423 15403
f 15403 15423 15424
f 15403 15424 15404
f 15404 15424 15425
f 15404 15425 15405
f 15405 15425 15426
f 15405 15426 15406
f 15406 15426 15427
f 15406 15427 15407
f 15407 15427 15428
f 15407 15428 15408
f 15408 15428 15429
f 15408 15429 15409
f 15409 15429 15430
f 15409 15430 15410
f 15410 15430 15431
f 15410 15431 15411
f 15411 15431 15432
f 15411 15432 15412
f 15412 15432 15433
f 15412 15433 15413
f 15413 15433 15434
f 15413 15434 15414
f 15414 15434 15435
f 15414 15435 15415
f 15415 15435 15436
f 15415 15436 15416
f 15416 15436 15437
f 15416 15437 15417
f 15417 15437 15438
f 15417 15438 15418
f 15418 15438 15439
f 15418 15439 15419
f 15419 15439 15440
f 15419 15440 15420
f 15420 15440 15421
f 15420 15421 15401
f 15421 15441 15442
f 15421 15442 15422
f 15422 15442 15443
f 15422 15443 15423
f 15423 15443 15444
f 15423 15444 15424
f 15424 15444 15445
f 15424 15445 15425
f 15425 15445 15446
f 15425 15446 15426
f 15426 15446 15447
f 15426 15447 15427
f 15427 15447 15448
f 15427 15448 15428
f 15428 15448 15449
f 15428 15449 15429
f 15429 15449 15450
f 15429 15450 15430
f 15430 15450 15451
f 15430 15451 15431
f 15431 15451 15452
f 15431 15452 15432
f 15432 15452 15453
f 15432 15453 15433
f 15433 15453 15454
f 15433 15454 15434
f 15434 15454 15455
f 15434 15455 15435
f 15435 15455 15456
f 15435 15456 15436
f 15436 15456 15457
f 15436 15457 15437
f 15437 15457 15458
f 15437 15458 15438
f 15438 15458 15459
f 15438 15459 15439
f 15439 15459 15460
f 15439 15460 15440
f 15440 15460 15441
f 15440 15441 15421
f 15441 15461 15462
f 15441 15462 15442
f 15442 15462 15463
f 15442 15463 15443
f 15443 15463 15464
f 15443 15464 15444
f 15444 15464 15465
f 15444 15465 15445
f 15445 15465 15466
f 15445 15466 15446
f 15446 15466 15467
f 15446 15467 15447
f 15447 15467 15468
f 15447 15468 15448
f 15448 15468 15469
f 15448 15469 15449
f 15449 15469 15470
f 15449 15470 15450
f 15450 15470 15471
f 15450 15471 15451
f 15451 15471 15472
f 15451 15472 15452
f 15452 15472 15473
f 15452 15473 15453
f 15453 15473 15474
f 15453 15474 15454
f 15454 15474 15475
f 15454 15475 15455
f 15455 15475 15476
f 15455 15476 15456
f 15456 15476 15477
f 15456 15477 15457
f 15457 15477 15478
f 15457 15478 15458
f 15458 15478 15479
f 15458 15479 15459
f 15459 15479 15480
f 15459 15480 15460
f 15460 15480 15461
f 15460 15461 15441
f 15461 15481 15482
f 15461 15482 15462
f 15462 15482 15483
f 15462 15483 15463
f 15463 15483 15484
f 15463 15484 15464
f 15464 15484 15485
f 15464 15485 15465
f 15465 15485 15486
f 15465 15486 15466
f 15466 15486 15487
f 15466 15487 15467
f 15467 15487 15488
f 15467 15488 15468
f 15468 15488 15489
f 15468 15489 15469
f 15469 15489 15490
f 15469 15490 15470
f 15470 15490 15491
f 15470 15491 15471
f 15471 15491 15492
f 15471 15492 15472
f 15472 15492 15493
f 15472 15493 15473
f 15473 15493 15494
f 15473 15494 15474
f 15474 15494 15495
f 15474 15495 15475
f 15475 15495 15496
f 15475 15496 15476
f 15476 15496 15497
f 15476 15497 15477
f 15477 15497 15498
f 15477 15498 15478
f 15478 15498 15499
f 15478 15499 15479
f 15479 15499 15500
f 15479 15500 15480
f 15480 15500 15481
f 15480 15481 15461
f 15501 15502 15503
f 15501 15503 15504
f 15504 15503 15505
f 15504 15505 15506
f 15506 15505 15507
f 15506 15507 15508
f 15508 15507 15509
f 15508 15509 15510
f 15510 15509 15511
f 15510 15511 15512
f 15512 15511 15513
f 15512 15513 15514
f 15514 15513 15515
f 15514 15515 15516
f 15516 15515 15517
f 15516 15517 15518
f 15518 15517 15519
f 15518 15519 15520
f 15520 15519 15521
f 15520 15521 15522
f 15522 15521 15523
f 15522 15523 15524
f 15524 15523 15525
f 15524 15525 15526
f 15526 15525 15527
f 15526 15527 15528
f 15528 15527 15529
f 15528 15529 15530
f 15530 15529 15531
f 15530 15531 15532
f 15532 15531 15533
f 15532 15533 15534
f 15534 15533 15535
f 15534 15535 15536
f 15536 15535 15537
f 15536 15537 15538
f 15538 15537 15539
f 15538 15539 15540
f 15540 15539 15502
f 15540 15502 15501
f 15502 15541 15542
f 15502 15542 15503
f 15503 15542 15543
f 15503 15543 15505
f 15505 15543 15544
f 15505 15544 15507
f 15507 15544 15545
f 15507 15545 15509
f 15509 15545 15546
f 15509 15546 15511
f 15511 15546 15547
f 15511 15547 15513
f 15513 15547 15548
f 15513 15548 15515
f 15515 15548 15549
f 15515 15549 15517
f 15517 15549 15550
f 15517 15550 15519
f 15519 15550 15551
f 15519 15551 15521
f 15521 15551 15552
f 15521 15552 15523
f 15523 15552 15553
f 15523 15553 15525
f 15525 15553 15554
f 15525 15554 15527
f 15527 15554 15555
f 15527 15555 15529
f 15529 15555 15556
f 15529 15556 15531
f 15531 15556 15557
f 15531 15557 15533
f 15533 15557 15558
f 15533 15558 15535
f 15535 15558 15559
f 15535 15559 15537
f 15537 15559 15560
f 15537 15560 15539
f 15539 15560 15541
f 15539 15541 15502
f 15561 15562 15563
f 15561 15563 15564
f 15564 15563 15565
f 15564 15565 15566
f 15566 15565 15567
f 15566 15567 15568
f 15568 15567 15569
f 15568 15569 15570
f 15570 15569 15571
f 15570 15571 15572
f 15572 15571 15573
f 15572 15573 15574
f 15574 15573 15575
f 15574 15575 15576
f 15576 15575 15577
f 15576 15577 15578
f 15578 15577 15579
f 15578 15579 15580
f 15580 15579 15581
f 15580 15581 15582
f 15582 15581 15583
f 15582 15583 15584
f 15584 15583 15585
f 15584 15585 15586
f 15586 15585 15587
f 15586 15587 15588
f 15588 15587 15589
f 15588 15589 15590
f 15590 15589 15591
f 15590 15591 15592
f 15592 15591 15593
f 15592 15593 15594
f 15594 15593 15595
f 15594 15595 15596
f 15596 15595 15597
f 15596 15597 15598
f 15598 15597 15599
f 15598 15599 15600
f 15600 15599 15562
f 15600 15562 15561
f 15601 15602 15603
f 15601 15603 15604
f 15605 15606 15602
f 15605 15602 15601
f 15607 15608 15606
f 15607 15606 15605
f 15609 15610 15608
f 15609 15608 15607
f 15611 15612 15610
f 15611 15610 15609
f 15613 15614 15612
f 15613 15612 15611
f 15615 15616 15614
f 15615 15614 15613
f 15617 15618 15616
f 15617 15616 15615
f 15619 15620 15618
f 15619 15618 15617
f 15621 15622 15620
f 15621 15620 15619
f 15623 15624 15622
f 15623 15622 15621
f 15625 15626 15624
f 15625 15624 15623
f 15627 15628 15626
f 15627 15626 15625
f 15629 15630 15628
f 15629 15628 15627
f 15631 15632 15630
f 15631 15630 15629
f 15633 15634 15632
f 15633 15632 15631
f 15635 15636 15634
f 15635 15634 15633
f 15637 15638 15636
f 15637 15636 15635
f 15639 15640 15638
f 15639 15638 15637
f 15604 15603 15640
f 15604 15640 15639
f 15541 15603 15602
f 15541 15602 15542
f 15542 15602 15606
f 15542 15606 15543
f 15543 15606 15608
f 15543 15608 15544
f 15544 15608 15610
f 15544 15610 15545
f 15545 15610 15612
f 15545 15612 15546
f 15546 15612 15614
f 15546 15614 15547
f 15547 15614 15616
f 15547 15616 15548
f 15548 15616 15618
f 15548 15618 15549
f 15549 15618 15620
f 15549 15620 15550
f 15550 15620 15622
f 15550 15622 15551
f 15551 15622 15624
f 15551 15624 15552
f 15552 15624 15626
f 15552 15626 15553
f 15553 15626 15628
f 15553 15628 15554
f 15554 15628 15630
f 15554 15630 15555
f 15555 15630 15632
f 15555 15632 15556
f 15556 15632 15634
f 15556 15634 15557
f 15557 15634 15636
f 15557 15636 15558
f 15558 15636 15638
f 15558 15638 15559
f 15559 15638 15640
f 15559 15640 15560
f 15560 15640 15603
f 15560 15603 15541
f 15641 15601 15604
f 15641 15604 15642
f 15643 15605 15601
f 15643 15601 15641
f 15644 15607 15605
f 15644 15605 15643
f 15645 15609 15607
f 15645 15607 15644
f 15646 15611 15609
f 15646 15609 15645
f 15647 15613 15611
f 15647 15611 15646
f 15648 15615 15613
f 15648 15613 15647
f 15649 15617 15615
f 15649 15615 15648
f 15650 15619 15617
f 15650 15617 15649
f 15651 15621 15619
f 15651 15619 15650
f 15652 15623 15621
f 15652 15621 15651
f 15653 15625 15623
f 15653 15623 15652
f 15654 15627 15625
f 15654 15625 15653
f 15655 15629 15627
f 15655 15627 15654
f 15656 15631 15629
f 15656 15629 15655
f 15657 15633 15631
f 15657 15631 15656
f 15658 15635 15633
f 15658 15633 15657
f 15659 15637 15635
f 15659 15635 15658
f 15660 15639 15637
f 15660 15637 15659
f 15642 15604 15639
f 15642 15639 15660
f 15642 15661 15662
f 15642 15662 15641
f 15641 15662 15663
f 15641 15663 15643
f 15643 15663 15664
f 15643 15664 15644
f 15644 15664 15665
f 15644 15665 15645
f 15645 15665 15666
f 15645 15666 15646
f 15646 15666 15667
f 15646 15667 15647
f 15647 15667 15668
f 15647 15668 15648
f 15648 15668 15669
f 15648 15669 15649
f 15649 15669 15670
f 15649 15670 15650
f 15650 15670 15671
f 15650 15671 15651
f 15651 15671 15672
f 15651 15672 15652
f 15652 15672 15673
f 15652 15673 15653
f 15653 15673 15674
f 15653 15674 15654
f 15654 15674 15675
f 15654 15675 15655
f 15655 15675 15676
f 15655 15676 15656
f 15656 15676 15677
f 15656 15677 15657
f 15657 15677 15678
f 15657 15678 15658
f 15658 15678 15679
f 15658 15679 15659
f 15659 15679 15680
f 15659 15680 15660
f 15660 15680 15661
f 15660 15661 15642
f 15681 15682 15683
f 15681 15683 15684
f 15684 15683 15685
f 15684 15685 15686
f 15686 15685 15687
f 15686 15687 15688
f 15688 15687 15689
f 15688 15689 15690
f 15690 15689 15691
f 15690 15691 15692
f 15692 15691 15693
f 15692 15693 15694
f 15694 15693 15695
f 15694 15695 15696
f 15696 15695 15697
f 15696 15697 15698
f 15698 15697 15699
f 15698 15699 15700
f 15700 15699 15701
f 15700 15701 15702
f 15702 15701 15703
f 15702 15703 15704
f 15704 15703 15705
f 15704 15705 15706
f 15706 15705 15707
f 15706 15707 15708
f 15708 15707 15709
f 15708 15709 15710
f 15710 15709 15711
f 15710 15711 15712
f 15712 15711 15713
f 15712 15713 15714
f 15714 15713 15715
f 15714 15715 15716
f 15716 15715 15717
f 15716 15717 15718
f 15718 15717 15719
f 15718 15719 15720
f 15720 15719 15682
f 15720 15682 15681
f 15721 15722 15723
f 15721 15723 15724
f 15724 15723 15725
f 15724 15725 15726
f 15726 15725 15727
f 15726 15727 15728
f 15728 15727 15729
f 15728 15729 15730
f 15730 15729 15731
f 15730 15731 15732
f 15732 15731 15733
f 15732 15733 15734
f 15734 15733 15735
f 15734 15735 15736
f 15736 15735 15737
f 15736 15737 15738
f 15738 15737 15739
f 15738 15739 15740
f 15740 15739 15741
f 15740 15741 15742
f 15742 15741 15743
f 15742 15743 15744
f 15744 15743 15745
f 15744 15745 15746
f 15746 15745 15747
f 15746 15747 15748
f 15748 15747 15749
f 15748 15749 15750
f 15750 15749 15751
f 15750 15751 15752
f 15752 15751 15753
f 15752 15753 15754
f 15754 15753 15755
f 15754 15755 15756
f 15756 15755 15757
f 15756 15757 15758
f 15758 15757 15759
f 15758 15759 15760
f 15760 15759 15722
f 15760 15722 15721
f 15722 15761 15762
f 15722 15762 15723
f 15723 15762 15763
f 15723 15763 15725
f 15725 15763 15764
f 15725 15764 15727
f 15727 15764 15765
f 15727 15765 15729
f 15729 15765 15766
f 15729 15766 15731
f 15731 15766 15767
f 15731 15767 15733
f 15733 15767 15768
f 15733 15768 15735
f 15735 15768 15769
f 15735 15769 15737
f 15737 15769 15770
f 15737 15770 15739
f 15739 15770 15771
f 15739 15771 15741
f 15741 15771 15772
f 15741 15772 15743
f 15743 15772 15773
f 15743 15773 15745
f 15745 15773 15774
f 15745 15774 15747
f 15747 15774 15775
f 15747 15775 15749
f 15749 15775 15776
f 15749 15776 15751
f 15751 15776 15777
f 15751 15777 15753
f 15753 15777 15778
f 15753 15778 15755
f 15755 15778 15779
f 15755 15779 15757
f 15757 15779 15780
f 15757 15780 15759
f 15759 15780 15761
f 15759 15761 15722
f 15761 15781 15782
f 15761 15782 15762
f 15762 15782 15783
f 15762 15783 15763
f 15763 15783 15784
f 15763 15784 15764
f 15764 15784 15785
f 15764 15785 15765
f 15765 15785 15786
f 15765 15786 15766
f 15766 15786 15787
f 15766 15787 15767
f 15767 15787 15788
f 15767 15788 15768
f 15768 15788 15789
f 15768 15789 15769
f 15769 15789 15790
f 15769 15790 15770
f 15770 15790 15791
f 15770 15791 15771
f 15771 15791 15792
f 15771 15792 15772
f 15772 15792 15793
f 15772 15793 15773
f 15773 15793 15794
f 15773 15794 15774
f 15774 15794 15795
f 15774 15795 15775
f 15775 15795 15796
f 15775 15796 15776
f 15776 15796 15797
f 15776 15797 15777
f 15777 15797 15798
f 15777 15798 15778
f 15778 15798 15799
f 15778 15799 15779
f 15779 15799 15800
f 15779 15800 15780
f 15780 15800 15781
f 15780 15781 15761
f 15781 15801 15802
f 15781 15802 15782
f 15782 15802 15803
f 15782 15803 15783
f 15783 15803 15804
f 15783 15804 15784
f 15784 15804 15805
f 15784 15805 15785
f 15785 15805 15806
f 15785 15806 15786
f 15786 15806 15807
f 15786 15807 15787
f 15787 15807 15808
f 15787 15808 15788
f 15788 15808 15809
f 15788 15809 15789
f 15789 15809 15810
f 15789 15810 15790
f 15790 15810 15811
f 15790 15811 15791
f 15791 15811 15812
f 15791 15812 15792
f 15792 15812 15813
f 15792 15813 15793
f 15793 15813 15814
f 15793 15814 15794
f 15794 15814 15815
f 15794 15815 15795
f 15795 15815 15816
f 15795 15816 15796
f 15796 15816 15817
f 15796 15817 15797
f 15797 15817 15818
f 15797 15818 15798
f 15798 15818 15819
f 15798 15819 15799
f 15799 15819 15820
f 15799 15820 15800
f 15800 15820 15801
f 15800 15801 15781
f 15801 15821 15822
f 15801 15822 15802
f 15802 15822 15823
f 15802 15823 15803
f 15803 15823 15824
f 15803 15824 15804
f 15804 15824 15825
f 15804 15825 15805
f 15805 15825 15826
f 15805 15826 15806
f 15806 15826 15827
f 15806 15827 15807
f 15807 15827 15828
f 15807 15828 15808
f 15808 15828 15829
f 15808 15829 15809
f 15809 15829 15830
f 15809 15830 15810
f 15810 15830 15831
f 15810 15831 15811
f 15811 15831 15832
f 15811 15832 15812
f 15812 15832 15833
f 15812 15833 15813
f 15813 15833 15834
f 15813 15834 15814
f 15814 15834 15835
f 15814 15835 15815
f 15815 15835 15836
f 15815 15836 15816
f 15816 15836 15837
f 15816 15837 15817
f 15817 15837 15838
f 15817 15838 15818
f 15818 15838 15839
f 15818 15839 15819
f 15819 15839 15840
f 15819 15840 15820
f 15820 15840 15821
f 15820 15821 15801
f 15821 15841 15842
f 15821 15842 15822
f 15822 15842 15843
f 15822 15843 15823
f 15823 15843 15844
f 15823 15844 15824
f 15824 15844 15845
f 15824 15845 15825
f 15825 15845 15846
f 15825 15846 15826
f 15826 15846 15847
f 15826 15847 15827
f 15827 15847 15848
f 15827 15848 15828
f 15828 15848 15849
f 15828 15849 15829
f 15829 15849 15850
f 15829 15850 15830
f 15830 15850 15851
f 15830 15851 15831
f 15831 15851 15852
f 15831 15852 15832
f 15832 15852 15853
f 15832 15853 15833
f 15833 15853 15854
f 15833 15854 15834
f 15834 15854 15855
f 15834 15855 15835
f 15835 15855 15856
f 15835 15856 15836
f 15836 15856 15857
f 15836 15857 15837
f 15837 15857 15858
f 15837 15858 15838
f 15838 15858 15859
f 15838 15859 15839
f 15839 15859 15860
f 15839 15860 15840
f 15840 15860 15841
f 15840 15841 15821
f 15841 15681 15684
f 15841 15684 15842
f 15842 15684 15686
f 15842 15686 15843
f 15843 15686 15688
f 15843 15688 15844
f 15844 15688 15690
f 15844 15690 15845
f 15845 15690 15692
f 15845 15692 15846
f 15846 15692 15694
f 15846 15694 15847
f 15847 15694 15696
f 15847 15696 15848
f 15848 15696 15698
f 15848 15698 15849
f 15849 15698 15700
f 15849 15700 15850
f 15850 15700 15702
f 15850 15702 15851
f 15851 15702 15704
f 15851 15704 15852
f 15852 15704 15706
f 15852 15706 15853
f 15853 15706 15708
f 15853 15708 15854
f 15854 15708 15710
f 15854 15710 15855
f 15855 15710 15712
f 15855 15712 15856
f 15856 15712 15714
f 15856 15714 15857
f 15857 15714 15716
f 15857 15716 15858
f 15858 15716 15718
f 15858 15718 15859
f 15859 15718 15720
f 15859 15720 15860
f 15860 15720 15681
f 15860 15681 15841
f 15861 15862 15863
f 15861 15863 15864
f 15865 15866 15862
f 15865 15862 15861
f 15864 15863 15867
f 15864 15867 15868
f 15868 15867 15869
f 15868 15869 15870
f 15870 15869 15871
f 15870 15871 15872
f 15872 15871 15873
f 15872 15873 15874
f 15874 15873 15875
f 15874 15875 15876
f 15876 15875 15877
f 15876 15877 15878
f 15878 15877 15879
f 15878 15879 15880
f 15880 15879 15881
f 15880 15881 15882
f 15882 15881 15883
f 15882 15883 15884
f 15884 15883 15885
f 15884 15885 15886
f 15886 15885 15887
f 15886 15887 15888
f 15888 15887 15889
f 15888 15889 15890
f 15890 15889 15891
f 15890 15891 15892
f 15892 15891 15893
f 15892 15893 15894
f 15894 15893 15895
f 15894 15895 15896
f 15896 15895 15897
f 15896 15897 15898
f 15898 15897 15899
f 15898 15899 15900
f 15900 15899 15866
f 15900 15866 15865
f 15661 15561 15564
f 15661 15564 15662
f 15662 15564 15566
f 15662 15566 15663
f 15663 15566 15568
f 15663 15568 15664
f 15664 15568 15570
f 15664 15570 15665
f 15665 15570 15572
f 15665 15572 15666
f 15666 15572 15574
f 15666 15574 15667
f 15667 15574 15576
f 15667 15576 15668
f 15668 15576 15578
f 15668 15578 15669
f 15669 15578 15580
f 15669 15580 15670
f 15670 15580 15582
f 15670 15582 15671
f 15671 15582 15584
f 15671 15584 15672
f 15672 15584 15586
f 15672 15586 15673
f 15673 15586 15588
f 15673 15588 15674
f 15674 15588 15590
f 15674 15590 15675
f 15675 15590 15592
f 15675 15592 15676
f 15676 15592 15594
f 15676 15594 15677
f 15677 15594 15596
f 15677 15596 15678
f 15678 15596 15598
f 15678 15598 15679
f 15679 15598 15600
f 15679 15600 15680
f 15680 15600 15561
f 15680 15561 15661
f 15599 15901 15902
f 15599 15902 15562
f 15597 15903 15901
f 15597 15901 15599
f 15595 15904 15903
f 15595 15903 15597
f 15593 15905 15904
f 15593 15904 15595
f 15591 15906 15905
f 15591 15905 15593
f 15589 15907 15906
f 15589 15906 15591
f 15587 15908 15907
f 15587 15907 15589
f 15585 15909 15908
f 15585 15908 15587
f 15583 15910 15909
f 15583 15909 15585
f 15581 15911 15910
f 15581 15910 15583
f 15579 15912 15911
f 15579 15911 15581
f 15577 15913 15912
f 15577 15912 15579
f 15575 15914 15913
f 15575 15913 15577
f 15573 15915 15914
f 15573 15914 15575
f 15571 15916 15915
f 15571 15915 15573
f 15569 15917 15916
f 15569 15916 15571
f 15567 15918 15917
f 15567 15917 15569
f 15565 15919 15918
f 15565 15918 15567
f 15563 15920 15919
f 15563 15919 15565
f 15562 15902 15920
f 15562 15920 15563
f 15901 15921 15922
f 15901 15922 15902
f 15903 15923 15921
f 15903 15921 15901
f 15904 15924 15923
f 15904 15923 15903
f 15905 15925 15924
f 15905 15924 15904
f 15906 15926 15925
f 15906 15925 15905
f 15907 15927 15926
f 15907 15926 15906
f 15908 15928 15927
f 15908 15927 15907
f 15909 15929 15928
f 15909 15928 15908
f 15910 15930 15929
f 15910 15929 15909
f 15911 15931 15930
f 15911 15930 15910
f 15912 15932 15931
f 15912 15931 15911
f 15913 15933 15932
f 15913 15932 15912
f 15914 15934 15933
f 15914 15933 15913
f 15915 15935 15934
f 15915 15934 15914
f 15916 15936 15935
f 15916 15935 15915
f 15917 15937 15936
f 15917 15936 15916
f 15918 15938 15937
f 15918 15937 15917
f 15919 15939 15938
f 15919 15938 15918
f 15920 15940 15939
f 15920 15939 15919
f 15902 15922 15940
f 15902 15940 15920
f 15921 15941 15942
f 15921 15942 15922
f 15923 15943 15941
f 15923 15941 15921
f 15924 15944 15943
f 15924 15943 15923
f 15925 15945 15944
f 15925 15944 15924
f 15926 15946 15945
f 15926 15945 15925
f 15927 15947 15946
f 15927 15946 15926
f 15928 15948 15947
f 15928 15947 15927
f 15929 15949 15948
f 15929 15948 15928
f 15930 15950 15949
f 15930 15949 15929
f 15931 15951 15950
f 15931 15950 15930
f 15932 15952 15951
f 15932 15951 15931
f 15933 15953 15952
f 15933 15952 15932
f 15934 15954 15953
f 15934 15953 15933
f 15935 15955 15954
f 15935 15954 15934
f 15936 15956 15955
f 15936 15955 15935
f 15937 15957 15956
f 15937 15956 15936
f 15938 15958 15957
f 15938 15957 15937
f 15939 15959 15958
f 15939 15958 15938
f 15940 15960 15959
f 15940 15959 15939
f 15922 15942 15960
f 15922 15960 15940
f 15941 15873 15871
f 15941 15871 15942
f 15943 15875 15873
f 15943 15873 15941
f 15944 15877 15875
f 15944 15875 15943
f 15945 15879 15877
f 15945 15877 15944
f 15946 15881 15879
f 15946 15879 15945
f 15947 15883 15881
f 15947 15881 15946
f 15948 15885 15883
f 15948 15883 15947
f 15949 15887 15885
f 15949 15885 15948
f 15950 15889 15887
f 15950 15887 15949
f 15951 15891 15889
f 15951 15889 15950
f 15952 15893 15891
f 15952 15891 15951
f 15953 15895 15893
f 15953 15893 15952
f 15954 15897 15895
f 15954 15895 15953
f 15955 15899 15897
f 15955 15897 15954
f 15956 15866 15899
f 15956 15899 15955
f 15957 15862 15866
f 15957 15866 15956
f 15958 15863 15862
f 15958 15862 15957
f 15959 15867 15863
f 15959 15863 15958
f 15960 15869 15867
f 15960 15867 15959
f 15942 15871 15869
f 15942 15869 15960
f 15961 15864 15868
f 15961 15868 15962
f 15962 15868 15870
f 15962 15870 15963
f 15963 15870 15872
f 15963 15872 15964
f 15964 15872 15874
f 15964 15874 15965
f 15965 15874 15876
f 15965 15876 15966
f 15966 15876 15878
f 15966 15878 15967
f 15967 15878 15880
f 15967 15880 15968
f 15968 15880 15882
f 15968 15882 15969
f 15969 15882 15884
f 15969 15884 15970
f 15970 15884 15886
f 15970 15886 15971
f 15971 15886 15888
f 15971 15888 15972
f 15972 15888 15890
f 15972 15890 15973
f 15973 15890 15892
f 15973 15892 15974
f 15974 15892 15894
f 15974 15894 15975
f 15975 15894 15896
f 15975 15896 15976
f 15976 15896 15898
f 15976 15898 15977
f 15977 15898 15900
f 15977 15900 15978
f 15978 15900 15865
f 15978 15865 15979
f 15979 15865 15861
f 15979 15861 15980
f 15980 15861 15864
f 15980 15864 15961
f 15481 15501 15504
f 15481 15504 15482
f 15482 15504 15506
f 15482 15506 15483
f 15483 15506 15508
f 15483 15508 15484
f 15484 15508 15510
f 15484 15510 15485
f 15485 15510 15512
f 15485 15512 15486
f 15486 15512 15514
f 15486 15514 15487
f 15487 15514 15516
f 15487 15516 15488
f 15488 15516 15518
f 15488 15518 15489
f 15489 15518 15520
f 15489 15520 15490
f 15490 15520 15522
f 15490 15522 15491
f 15491 15522 15524
f 15491 15524 15492
f 15492 15524 15526
f 15492 15526 15493
f 15493 15526 15528
f 15493 15528 15494
f 15494 15528 15530
f 15494 15530 15495
f 15495 15530 15532
f 15495 15532 15496
f 15496 15532 15534
f 15496 15534 15497
f 15497 15534 15536
f 15497 15536 15498
f 15498 15536 15538
f 15498 15538 15499
f 15499 15538 15540
f 15499 15540 15500
f 15500 15540 15501
f 15500 15501 15481
f 15964 15721 15724
f 15964 15724 15963
f 15963 15724 15726
f 15963 15726 15962
f 15962 15726 15728
f 15962 15728 15961
f 15961 15728 15730
f 15961 15730 15980
f 15980 15730 15732
f 15980 15732 15979
f 15979 15732 15734
f 15979 15734 15978
f 15978 15734 15736
f 15978 15736 15977
f 15977 15736 15738
f 15977 15738 15976
f 15976 15738 15740
f 15976 15740 15975
f 15975 15740 15742
f 15975 15742 15974
f 15974 15742 15744
f 15974 15744 15973
f 15973 15744 15746
f 15973 15746 15972
f 15972 15746 15748
f 15972 15748 15971
f 15971 15748 15750
f 15971 15750 15970
f 15970 15750 15752
f 15970 15752 15969
f 15969 15752 15754
f 15969 15754 15968
f 15968 15754 15756
f 15968 15756 15967
f 15967 15756 15758
f 15967 15758 15966
f 15966 15758 15760
f 15966 15760 15965
f 15965 15760 15721
f 15965 15721 15964
f 15685 15707 15705
f 15685 15705 15687
f 15683 15709 15707
f 15683 15707 15685
f 15709 15683 15682
f 15709 15682 15711
f 15719 15713 15711
f 15719 15711 15682
f 15719 15717 15715
f 15719 15715 15713
f 15703 15689 15687
f 15703 15687 15705
f 15689 15703 15701
f 15689 15701 15691
f 15699 15693 15691
f 15699 15691 15701
f 15695 15693 15699
f 15695 15699 15697
f 15218 15220 15214
f 15218 15214 15216
f 15181 15212 15214
f 15181 15214 15220
f 15184 15210 15212
f 15184 15212 15181
f 15186 15208 15210
f 15186 15210 15184
f 15188 15206 15208
f 15188 15208 15186
f 15190 15204 15206
f 15190 15206 15188
f 15192 15202 15204
f 15192 15204 15190
f 15194 15200 15202
f 15194 15202 15192
f 15198 15200 15194
f 15198 15194 15196
f 15981 15982 15983
f 15981 15983 15984
f 15982 15985 15986
f 15982 15986 15983
f 15985 15987 15988
f 15985 15988 15986
f 15987 15989 15990
f 15987 15990 15988
f 15989 15991 15992
f 15989 15992 15990
f 15991 15993 15994
f 15991 15994 15992
f 15993 15995 15996
f 15993 15996 15994
f 15995 15997 15998
f 15995 15998 15996
f 15997 15999 16000
f 15997 16000 15998
f 15999 16001 16002
f 15999 16002 16000
f 16001 16003 16004
f 16001 16004 16002
f 16003 16005 16006
f 16003 16006 16004
f 16005 16007 16008
f 16005 16008 16006
f 16007 16009 16010
f 16007 16010 16008
f 16009 16011 16012
f 16009 16012 16010
f 16011 16013 16014
f 16011 16014 16012
f 16013 16015 16016
f 16013 16016 16014
f 16015 16017 16018
f 16015 16018 16016
f 16017 16019 16020
f 16017 16020 16018
f 16019 15981 15984
f 16019 15984 16020
f 15984 15983 16021
f 15984 16021 16022
f 15983 15986 16023
f 15983 16023 16021
f 15986 15988 16024
f 15986 16024 16023
f 15988 15990 16025
f 15988 16025 16024
f 15990 15992 16026
f 15990 16026 16025
f 15992 15994 16027
f 15992 16027 16026
f 15994 15996 16028
f 15994 16028 16027
f 15996 15998 16029
f 15996 16029 16028
f 15998 16000 16030
f 15998 16030 16029
f 16000 16002 16031
f 16000 16031 16030
f 16002 16004 16032
f 16002 16032 16031
f 16004 16006 16033
f 16004 16033 16032
f 16006 16008 16034
f 16006 16034 16033
f 16008 16010 16035
f 16008 16035 16034
f 16010 16012 16036
f 16010 16036 16035
f 16012 16014 16037
f 16012 16037 16036
f 16014 16016 16038
f 16014 16038 16037
f 16016 16018 16039
f 16016 16039 16038
f 16018 16020 16040
f 16018 16040 16039
f 16020 15984 16022
f 16020 16022 16040
f 16022 16021 16041
f 16022 16041 16042
f 16021 16023 16043
f 16021 16043 16041
f 16023 16024 16044
f 16023 16044 16043
f 16024 16025 16045
f 16024 16045 16044
f 16025 16026 16046
f 16025 16046 16045
f 16026 16027 16047
f 16026 16047 16046
f 16027 16028 16048
f 16027 16048 16047
f 16028 16029 16049
f 16028 16049 16048
f 16029 16030 16050
f 16029 16050 16049
f 16030 16031 16051
f 16030 16051 16050
f 16031 16032 16052
f 16031 16052 16051
f 16032 16033 16053
f 16032 16053 16052
f 16033 16034 16054
f 16033 16054 16053
f 16034 16035 16055
f 16034 16055 16054
f 16035 16036 16056
f 16035 16056 16055
f 16036 16037 16057
f 16036 16057 16056
f 16037 16038 16058
f 16037 16058 16057
f 16038 16039 16059
f 16038 16059 16058
f 16039 16040 16060
f 16039 16060 16059
f 16040 16022 16042
f 16040 16042 16060
f 16042 16041 16061
f 16042 16061 16062
f 16041 16043 16063
f 16041 16063 16061
f 16043 16044 16064
f 16043 16064 16063
f 16044 16045 16065
f 16044 16065 16064
f 16045 16046 16066
f 16045 16066 16065
f 16046 16047 16067
f 16046 16067 16066
f 16047 16048 16068
f 16047 16068 16067
f 16048 16049 16069
f 16048 16069 16068
f 16049 16050 16070
f 16049 16070 16069
f 16050 16051 16071
f 16050 16071 16070
f 16051 16052 16072
f 16051 16072 16071
f 16052 16053 16073
f 16052 16073 16072
f 16053 16054 16074
f 16053 16074 16073
f 16054 16055 16075
f 16054 16075 16074
f 16055 16056 16076
f 16055 16076 16075
f 16056 16057 16077
f 16056 16077 16076
f 16057 16058 16078
f 16057 16078 16077
f 16058 16059 16079
f 16058 16079 16078
f 16059 16060 16080
f 16059 16080 16079
f 16060 16042 16062
f 16060 16062 16080
f 16062 16061 16081
f 16062 16081 16082
f 16061 16063 16083
f 16061 16083 16081
f 16063 16064 16084
f 16063 16084 16083
f 16064 16065 16085
f 16064 16085 16084
f 16065 16066 16086
f 16065 16086 16085
f 16066 16067 16087
f 16066 16087 16086
f 16067 16068 16088
f 16067 16088 16087
f 16068 16069 16089
f 16068 16089 16088
f 16069 16070 16090
f 16069 16090 16089
f 16070 16071 16091
f 16070 16091 16090
f 16071 16072 16092
f 16071 16092 16091
f 16072 16073 16093
f 16072 16093 16092
f 16073 16074 16094
f 16073 16094 16093
f 16074 16075 16095
f 16074 16095 16094
f 16075 16076 16096
f 16075 16096 16095
f 16076 16077 16097
f 16076 16097 16096
f 16077 16078 16098
f 16077 16098 16097
f 16078 16079 16099
f 16078 16099 16098
f 16079 16080 16100
f 16079 16100 16099
f 16080 16062 16082
f 16080 16082 16100
f 16082 16081 16101
f 16082 16101 16102
f 16081 16083 16103
f 16081 16103 16101
f 16083 16084 16104
f 16083 16104 16103
f 16084 16085 16105
f 16084 16105 16104
f 16085 16086 16106
f 16085 16106 16105
f 16086 16087 16107
f 16086 16107 16106
f 16087 16088 16108
f 16087 16108 16107
f 16088 16089 16109
f 16088 16109 16108
f 16089 16090 16110
f 16089 16110 16109
f 16090 16091 16111
f 16090 16111 16110
f 16091 16092 16112
f 16091 16112 16111
f 16092 16093 16113
f 16092 16113 16112
f 16093 16094 16114
f 16093 16114 16113
f 16094 16095 16115
f 16094 16115 16114
f 16095 16096 16116
f 16095 16116 16115
f 16096 16097 16117
f 16096 16117 16116
f 16097 16098 16118
f 16097 16118 16117
f 16098 16099 16119
f 16098 16119 16118
f 16099 16100 16120
f 16099 16120 16119
f 16100 16082 16102
f 16100 16102 16120
f 16102 16101 16121
f 16102 16121 16122
f 16101 16103 16123
f 16101 16123 16121
f 16103 16104 16124
f 16103 16124 16123
f 16104 16105 16125
f 16104 16125 16124
f 16105 16106 16126
f 16105 16126 16125
f 16106 16107 16127
f 16106 16127 16126
f 16107 16108 16128
f 16107 16128 16127
f 16108 16109 16129
f 16108 16129 16128
f 16109 16110 16130
f 16109 16130 16129
f 16110 16111 16131
f 16110 16131 16130
f 16111 16112 16132
f 16111 16132 16131
f 16112 16113 16133
f 16112 16133 16132
f 16113 16114 16134
f 16113 16134 16133
f 16114 16115 16135
f 16114 16135 16134
f 16115 16116 16136
f 16115 16136 16135
f 16116 16117 16137
f 16116 16137 16136
f 16117 16118 16138
f 16117 16138 16137
f 16118 16119 16139
f 16118 16139 16138
f 16119 16120 16140
f 16119 16140 16139
f 16120 16102 16122
f 16120 16122 16140
f 16122 16121 16141
f 16122 16141 16142
f 16121 16123 16143
f 16121 16143 16141
f 16123 16124 16144
f 16123 16144 16143
f 16124 16125 16145
f 16124 16145 16144
f 16125 16126 16146
f 16125 16146 16145
f 16126 16127 16147
f 16126 16147 16146
f 16127 16128 16148
f 16127 16148 16147
f 16128 16129 16149
f 16128 16149 16148
f 16129 16130 16150
f 16129 16150 16149
f 16130 16131 16151
f 16130 16151 16150
f 16131 16132 16152
f 16131 16152 16151
f 16132 16133 16153
f 16132 16153 16152
f 16133 16134 16154
f 16133 16154 16153
f 16134 16135 16155
f 16134 16155 16154
f 16135 16136 16156
f 16135 16156 16155
f 16136 16137 16157
f 16136 16157 16156
f 16137 16138 16158
f 16137 16158 16157
f 16138 16139 16159
f 16138 16159 16158
f 16139 16140 16160
f 16139 16160 16159
f 16140 16122 16142
f 16140 16142 16160
f 16142 16141 16161
f 16142 16161 16162
f 16141 16143 16163
f 16141 16163 16161
f 16143 16144 16164
f 16143 16164 16163
f 16144 16145 16165
f 16144 16165 16164
f 16145 16146 16166
f 16145 16166 16165
f 16146 16147 16167
f 16146 16167 16166
f 16147 16148 16168
f 16147 16168 16167
f 16148 16149 16169
f 16148 16169 16168
f 16149 16150 16170
f 16149 16170 16169
f 16150 16151 16171
f 16150 16171 16170
f 16151 16152 16172
f 16151 16172 16171
f 16152 16153 16173
f 16152 16173 16172
f 16153 16154 16174
f 16153 16174 16173
f 16154 16155 16175
f 16154 16175 16174
f 16155 16156 16176
f 16155 16176 16175
f 16156 16157 16177
f 16156 16177 16176
f 16157 16158 16178
f 16157 16178 16177
f 16158 16159 16179
f 16158 16179 16178
f 16159 16160 16180
f 16159 16180 16179
f 16160 16142 16162
f 16160 16162 16180
f 16162 16161 16181
f 16162 16181 16182
f 16161 16163 16183
f 16161 16183 16181
f 16163 16164 16184
f 16163 16184 16183
f 16164 16165 16185
f 16164 16185 16184
f 16165 16166 16186
f 16165 16186 16185
f 16166 16167 16187
f 16166 16187 16186
f 16167 16168 16188
f 16167 16188 16187
f 16168 16169 16189
f 16168 16189 16188
f 16169 16170 16190
f 16169 16190 16189
f 16170 16171 16191
f 16170 16191 16190
f 16171 16172 16192
f 16171 16192 16191
f 16172 16173 16193
f 16172 16193 16192
f 16173 16174 16194
f 16173 16194 16193
f 16174 16175 16195
f 16174 16195 16194
f 16175 16176 16196
f 16175 16196 16195
f 16176 16177 16197
f 16176 16197 16196
f 16177 16178 16198
f 16177 16198 16197
f 16178 16179 16199
f 16178 16199 16198
f 16179 16180 16200
f 16179 16200 16199
f 16180 16162 16182
f 16180 16182 16200
f 16182 16181 16201
f 16182 16201 16202
f 16181 16183 16203
f 16181 16203 16201
f 16183 16184 16204
f 16183 16204 16203
f 16184 16185 16205
f 16184 16205 16204
f 16185 16186 16206
f 16185 16206 16205
f 16186 16187 16207
f 16186 16207 16206
f 16187 16188 16208
f 16187 16208 16207
f 16188 16189 16209
f 16188 16209 16208
f 16189 16190 16210
f 16189 16210 16209
f 16190 16191 16211
f 16190 16211 16210
f 16191 16192 16212
f 16191 16212 16211
f 16192 16193 16213
f 16192 16213 16212
f 16193 16194 16214
f 16193 16214 16213
f 16194 16195 16215
f 16194 16215 16214
f 16195 16196 16216
f 16195 16216 16215
f 16196 16197 16217
f 16196 16217 16216
f 16197 16198 16218
f 16197 16218 16217
f 16198 16199 16219
f 16198 16219 16218
f 16199 16200 16220
f 16199 16220 16219
f 16200 16182 16202
f 16200 16202 16220
f 16202 16201 16221
f 16202 16221 16222
f 16201 16203 16223
f 16201 16223 16221
f 16203 16204 16224
f 16203 16224 16223
f 16204 16205 16225
f 16204 16225 16224
f 16205 16206 16226
f 16205 16226 16225
f 16206 16207 16227
f 16206 16227 16226
f 16207 16208 16228
f 16207 16228 16227
f 16208 16209 16229
f 16208 16229 16228
f 16209 16210 16230
f 16209 16230 16229
f 16210 16211 16231
f 16210 16231 16230
f 16211 16212 16232
f 16211 16232 16231
f 16212 16213 16233
f 16212 16233 16232
f 16213 16214 16234
f 16213 16234 16233
f 16214 16215 16235
f 16214 16235 16234
f 16215 16216 16236
f 16215 16236 16235
f 16216 16217 16237
f 16216 16237 16236
f 16217 16218 16238
f 16217 16238 16237
f 16218 16219 16239
f 16218 16239 16238
f 16219 16220 16240
f 16219 16240 16239
f 16220 16202 16222
f 16220 16222 16240
f 16222 16221 16241
f 16222 16241 16242
f 16221 16223 16243
f 16221 16243 16241
f 16223 16224 16244
f 16223 16244 16243
f 16224 16225 16245
f 16224 16245 16244
f 16225 16226 16246
f 16225 16246 16245
f 16226 16227 16247
f 16226 16247 16246
f 16227 16228 16248
f 16227 16248 16247
f 16228 16229 16249
f 16228 16249 16248
f 16229 16230 16250
f 16229 16250 16249
f 16230 16231 16251
f 16230 16251 16250
f 16231 16232 16252
f 16231 16252 16251
f 16232 16233 16253
f 16232 16253 16252
f 16233 16234 16254
f 16233 16254 16253
f 16234 16235 16255
f 16234 16255 16254
f 16235 16236 16256
f 16235 16256 16255
f 16236 16237 16257
f 16236 16257 16256
f 16237 16238 16258
f 16237 16258 16257
f 16238 16239 16259
f 16238 16259 16258
f 16239 16240 16260
f 16239 16260 16259
f 16240 16222 16242
f 16240 16242 16260
f 16242 16241 16261
f 16242 16261 16262
f 16241 16243 16263
f 16241 16263 16261
f 16243 16244 16264
f 16243 16264 16263
f 16244 16245 16265
f 16244 16265 16264
f 16245 16246 16266
f 16245 16266 16265
f 16246 16247 16267
f 16246 16267 16266
f 16247 16248 16268
f 16247 16268 16267
f 16248 16249 16269
f 16248 16269 16268
f 16249 16250 16270
f 16249 16270 16269
f 16250 16251 16271
f 16250 16271 16270
f 16251 16252 16272
f 16251 16272 16271
f 16252 16253 16273
f 16252 16273 16272
f 16253 16254 16274
f 16253 16274 16273
f 16254 16255 16275
f 16254 16275 16274
f 16255 16256 16276
f 16255 16276 16275
f 16256 16257 16277
f 16256 16277 16276
f 16257 16258 16278
f 16257 16278 16277
f 16258 16259 16279
f 16258 16279 16278
f 16259 16260 16280
f 16259 16280 16279
f 16260 16242 16262
f 16260 16262 16280
f 16262 16261 16281
f 16262 16281 16282
f 16261 16263 16283
f 16261 16283 16281
f 16263 16264 16284
f 16263 16284 16283
f 16264 16265 16285
f 16264 16285 16284
f 16265 16266 16286
f 16265 16286 16285
f 16266 16267 16287
f 16266 16287 16286
f 16267 16268 16288
f 16267 16288 16287
f 16268 16269 16289
f 16268 16289 16288
f 16269 16270 16290
f 16269 16290 16289
f 16270 16271 16291
f 16270 16291 16290
f 16271 16272 16292
f 16271 16292 16291
f 16272 16273 16293
f 16272 16293 16292
f 16273 16274 16294
f 16273 16294 16293
f 16274 16275 16295
f 16274 16295 16294
f 16275 16276 16296
f 16275 16296 16295
f 16276 16277 16297
f 16276 16297 16296
f 16277 16278 16298
f 16277 16298 16297
f 16278 16279 16299
f 16278 16299 16298
f 16279 16280 16300
f 16279 16300 16299
f 16280 16262 16282
f 16280 16282 16300
f 16301 16302 16303
f 16301 16303 16304
f 16302 16305 16306
f 16302 16306 16303
f 16305 16307 16308
f 16305 16308 16306
f 16307 16309 16310
f 16307 16310 16308
f 16309 16311 16312
f 16309 16312 16310
f 16311 16313 16314
f 16311 16314 16312
f 16313 16315 16316
f 16313 16316 16314
f 16315 16317 16318
f 16315 16318 16316
f 16317 16319 16320
f 16317 16320 16318
f 16319 16321 16322
f 16319 16322 16320
f 16321 16323 16324
f 16321 16324 16322
f 16323 16325 16326
f 16323 16326 16324
f 16325 16327 16328
f 16325 16328 16326
f 16327 16329 16330
f 16327 16330 16328
f 16329 16331 16332
f 16329 16332 16330
f 16331 16333 16334
f 16331 16334 16332
f 16333 16335 16336
f 16333 16336 16334
f 16335 16337 16338
f 16335 16338 16336
f 16337 16339 16340
f 16337 16340 16338
f 16339 16301 16304
f 16339 16304 16340
f 16304 16303 16341
f 16304 16341 16342
f 16303 16306 16343
f 16303 16343 16341
f 16306 16308 16344
f 16306 16344 16343
f 16308 16310 16345
f 16308 16345 16344
f 16310 16312 16346
f 16310 16346 16345
f 16312 16314 16347
f 16312 16347 16346
f 16314 16316 16348
f 16314 16348 16347
f 16316 16318 16349
f 16316 16349 16348
f 16318 16320 16350
f 16318 16350 16349
f 16320 16322 16351
f 16320 16351 16350
f 16322 16324 16352
f 16322 16352 16351
f 16324 16326 16353
f 16324 16353 16352
f 16326 16328 16354
f 16326 16354 16353
f 16328 16330 16355
f 16328 16355 16354
f 16330 16332 16356
f 16330 16356 16355
f 16332 16334 16357
f 16332 16357 16356
f 16334 16336 16358
f 16334 16358 16357
f 16336 16338 16359
f 16336 16359 16358
f 16338 16340 16360
f 16338 16360 16359
f 16340 16304 16342
f 16340 16342 16360
f 16361 16362 16363
f 16361 16363 16364
f 16362 16365 16366
f 16362 16366 16363
f 16365 16367 16368
f 16365 16368 16366
f 16367 16369 16370
f 16367 16370 16368
f 16369 16371 16372
f 16369 16372 16370
f 16371 16373 16374
f 16371 16374 16372
f 16373 16375 16376
f 16373 16376 16374
f 16375 16377 16378
f 16375 16378 16376
f 16377 16379 16380
f 16377 16380 16378
f 16379 16381 16382
f 16379 16382 16380
f 16381 16383 16384
f 16381 16384 16382
f 16383 16385 16386
f 16383 16386 16384
f 16385 16387 16388
f 16385 16388 16386
f 16387 16389 16390
f 16387 16390 16388
f 16389 16391 16392
f 16389 16392 16390
f 16391 16393 16394
f 16391 16394 16392
f 16393 16395 16396
f 16393 16396 16394
f 16395 16397 16398
f 16395 16398 16396
f 16397 16399 16400
f 16397 16400 16398
f 16399 16361 16364
f 16399 16364 16400
f 16401 16402 16403
f 16401 16403 16404
f 16405 16401 16404
f 16405 16404 16406
f 16407 16405 16406
f 16407 16406 16408
f 16409 16407 16408
f 16409 16408 16410
f 16411 16409 16410
f 16411 16410 16412
f 16413 16411 16412
f 16413 16412 16414
f 16415 16413 16414
f 16415 16414 16416
f 16417 16415 16416
f 16417 16416 16418
f 16419 16417 16418
f 16419 16418 16420
f 16421 16419 16420
f 16421 16420 16422
f 16423 16421 16422
f 16423 16422 16424
f 16425 16423 16424
f 16425 16424 16426
f 16427 16425 16426
f 16427 16426 16428
f 16429 16427 16428
f 16429 16428 16430
f 16431 16429 16430
f 16431 16430 16432
f 16433 16431 16432
f 16433 16432 16434
f 16435 16433 16434
f 16435 16434 16436
f 16437 16435 16436
f 16437 16436 16438
f 16439 16437 16438
f 16439 16438 16440
f 16402 16439 16440
f 16402 16440 16403
f 16342 16341 16404
f 16342 16404 16403
f 16341 16343 16406
f 16341 16406 16404
f 16343 16344 16408
f 16343 16408 16406
f 16344 16345 16410
f 16344 16410 16408
f 16345 16346 16412
f 16345 16412 16410
f 16346 16347 16414
f 16346 16414 16412
f 16347 16348 16416
f 16347 16416 16414
f 16348 16349 16418
f 16348 16418 16416
f 16349 16350 16420
f 16349 16420 16418
f 16350 16351 16422
f 16350 16422 16420
f 16351 16352 16424
f 16351 16424 16422
f 16352 16353 16426
f 16352 16426 16424
f 16353 16354 16428
f 16353 16428 16426
f 16354 16355 16430
f 16354 16430 16428
f 16355 16356 16432
f 16355 16432 16430
f 16356 16357 16434
f 16356 16434 16432
f 16357 16358 16436
f 16357 16436 16434
f 16358 16359 16438
f 16358 16438 16436
f 16359 16360 16440
f 16359 16440 16438
f 16360 16342 16403
f 16360 16403 16440
f 16441 16442 16402
f 16441 16402 16401
f 16443 16441 16401
f 16443 16401 16405
f 16444 16443 16405
f 16444 16405 16407
f 16445 16444 16407
f 16445 16407 16409
f 16446 16445 16409
f 16446 16409 16411
f 16447 16446 16411
f 16447 16411 16413
f 16448 16447 16413
f 16448 16413 16415
f 16449 16448 16415
f 16449 16415 16417
f 16450 16449 16417
f 16450 16417 16419
f 16451 16450 16419
f 16451 16419 16421
f 16452 16451 16421
f 16452 16421 16423
f 16453 16452 16423
f 16453 16423 16425
f 16454 16453 16425
f 16454 16425 16427
f 16455 16454 16427
f 16455 16427 16429
f 16456 16455 16429
f 16456 16429 16431
f 16457 16456 16431
f 16457 16431 16433
f 16458 16457 16433
f 16458 16433 16435
f 16459 16458 16435
f 16459 16435 16437
f 16460 16459 16437
f 16460 16437 16439
f 16442 16460 16439
f 16442 16439 16402
f 16442 16441 16461
f 16442 16461 16462
f 16441 16443 16463
f 16441 16463 16461
f 16443 16444 16464
f 16443 16464 16463
f 16444 16445 16465
f 16444 16465 16464
f 16445 16446 16466
f 16445 16466 16465
f 16446 16447 16467
f 16446 16467 16466
f 16447 16448 16468
f 16447 16468 16467
f 16448 16449 16469
f 16448 16469 16468
f 16449 16450 16470
f 16449 16470 16469
f 16450 16451 16471
f 16450 16471 16470
f 16451 16452 16472
f 16451 16472 16471
f 16452 16453 16473
f 16452 16473 16472
f 16453 16454 16474
f 16453 16474 16473
f 16454 16455 16475
f 16454 16475 16474
f 16455 16456 16476
f 16455 16476 16475
f 16456 16457 16477
f 16456 16477 16476
f 16457 16458 16478
f 16457 16478 16477
f 16458 16459 16479
f 16458 16479 16478
f 16459 16460 16480
f 16459 16480 16479
f 16460 16442 16462
f 16460 16462 16480
f 16481 16482 16483
f 16481 16483 16484
f 16482 16485 16486
f 16482 16486 16483
f 16485 16487 16488
f 16485 16488 16486
f 16487 16489 16490
f 16487 16490 16488
f 16489 16491 16492
f 16489 16492 16490
f 16491 16493 16494
f 16491 16494 16492
f 16493 16495 16496
f 16493 16496 16494
f 16495 16497 16498
f 16495 16498 16496
f 16497 16499 16500
f 16497 16500 16498
f 16499 16501 16502
f 16499 16502 16500
f 16501 16503 16504
f 16501 16504 16502
f 16503 16505 16506
f 16503 16506 16504
f 16505 16507 16508
f 16505 16508 16506
f 16507 16509 16510
f 16507 16510 16508
f 16509 16511 16512
f 16509 16512 16510
f 16511 16513 16514
f 16511 16514 16512
f 16513 16515 16516
f 16513 16516 16514
f 16515 16517 16518
f 16515 16518 16516
f 16517 16519 16520
f 16517 16520 16518
f 16519 16481 16484
f 16519 16484 16520
f 16521 16522 16523
f 16521 16523 16524
f 16522 16525 16526
f 16522 16526 16523
f 16525 16527 16528
f 16525 16528 16526
f 16527 16529 16530
f 16527 16530 16528
f 16529 16531 16532
f 16529 16532 16530
f 16531 16533 16534
f 16531 16534 16532
f 16533 16535 16536
f 16533 16536 16534
f 16535 16537 16538
f 16535 16538 16536
f 16537 16539 16540
f 16537 16540 16538
f 16539 16541 16542
f 16539 16542 16540
f 16541 16543 16544
f 16541 16544 16542
f 16543 16545 16546
f 16543 16546 16544
f 16545 16547 16548
f 16545 16548 16546
f 16547 16549 16550
f 16547 16550 16548
f 16549 16551 16552
f 16549 16552 16550
f 16551 16553 16554
f 16551 16554 16552
f 16553 16555 16556
f 16553 16556 16554
f 16555 16557 16558
f 16555 16558 16556
f 16557 16559 16560
f 16557 16560 16558
f 16559 16521 16524
f 16559 16524 16560
f 16524 16523 16561
f 16524 16561 16562
f 16523 16526 16563
f 16523 16563 16561
f 16526 16528 16564
f 16526 16564 16563
f 16528 16530 16565
f 16528 16565 16564
f 16530 16532 16566
f 16530 16566 16565
f 16532 16534 16567
f 16532 16567 16566
f 16534 16536 16568
f 16534 16568 16567
f 16536 16538 16569
f 16536 16569 16568
f 16538 16540 16570
f 16538 16570 16569
f 16540 16542 16571
f 16540 16571 16570
f 16542 16544 16572
f 16542 16572 16571
f 16544 16546 16573
f 16544 16573 16572
f 16546 16548 16574
f 16546 16574 16573
f 16548 16550 16575
f 16548 16575 16574
f 16550 16552 16576
f 16550 16576 16575
f 16552 16554 16577
f 16552 16577 16576
f 16554 16556 16578
f 16554 16578 16577
f 16556 16558 16579
f 16556 16579 16578
f 16558 16560 16580
f 16558 16580 16579
f 16560 16524 16562
f 16560 16562 16580
f 16562 16561 16581
f 16562 16581 16582
f 16561 16563 16583
f 16561 16583 16581
f 16563 16564 16584
f 16563 16584 16583
f 16564 16565 16585
f 16564 16585 16584
f 16565 16566 16586
f 16565 16586 16585
f 16566 16567 16587
f 16566 16587 16586
f 16567 16568 16588
f 16567 16588 16587
f 16568 16569 16589
f 16568 16589 16588
f 16569 16570 16590
f 16569 16590 16589
f 16570 16571 16591
f 16570 16591 16590
f 16571 16572 16592
f 16571 16592 16591
f 16572 16573 16593
f 16572 16593 16592
f 16573 16574 16594
f 16573 16594 16593
f 16574 16575 16595
f 16574 16595 16594
f 16575 16576 16596
f 16575 16596 16595
f 16576 16577 16597
f 16576 16597 16596
f 16577 16578 16598
f 16577 16598 16597
f 16578 16579 16599
f 16578 16599 16598
f 16579 16580 16600
f 16579 16600 16599
f 16580 16562 16582
f 16580 16582 16600
f 16582 16581 16601
f 16582 16601 16602
f 16581 16583 16603
f 16581 16603 16601
f 16583 16584 16604
f 16583 16604 16603
f 16584 16585 16605
f 16584 16605 16604
f 16585 16586 16606
f 16585 16606 16605
f 16586 16587 16607
f 16586 16607 16606
f 16587 16588 16608
f 16587 16608 16607
f 16588 16589 16609
f 16588 16609 16608
f 16589 16590 16610
f 16589 16610 16609
f 16590 16591 16611
f 16590 16611 16610
f 16591 16592 16612
f 16591 16612 16611
f 16592 16593 16613
f 16592 16613 16612
f 16593 16594 16614
f 16593 16614 16613
f 16594 16595 16615
f 16594 16615 16614
f 16595 16596 16616
f 16595 16616 16615
f 16596 16597 16617
f 16596 16617 16616
f 16597 16598 16618
f 16597 16618 16617
f 16598 16599 16619
f 16598 16619 16618
f 16599 16600 16620
f 16599 16620 16619
f 16600 16582 16602
f 16600 16602 16620
f 16602 16601 16621
f 16602 16621 16622
f 16601 16603 16623
f 16601 16623 16621
f 16603 16604 16624
f 16603 16624 16623
f 16604 16605 16625
f 16604 16625 16624
f 16605 16606 16626
f 16605 16626 16625
f 16606 16607 16627
f 16606 16627 16626
f 16607 16608 16628
f 16607 16628 16627
f 16608 16609 16629
f 16608 16629 16628
f 16609 16610 16630
f 16609 16630 16629
f 16610 16611 16631
f 16610 16631 16630
f 16611 16612 16632
f 16611 16632 16631
f 16612 16613 16633
f 16612 16633 16632
f 16613 16614 16634
f 16613 16634 16633
f 16614 16615 16635
f 16614 16635 16634
f 16615 16616 16636
f 16615 16636 16635
f 16616 16617 16637
f 16616 16637 16636
f 16617 16618 16638
f 16617 16638 16637
f 16618 16619 16639
f 16618 16639 16638
f 16619 16620 16640
f 16619 16640 16639
f 16620 16602 16622
f 16620 16622 16640
f 16622 16621 16641
f 16622 16641 16642
f 16621 16623 16643
f 16621 16643 16641
f 16623 16624 16644
f 16623 16644 16643
f 16624 16625 16645
f 16624 16645 16644
f 16625 16626 16646
f 16625 16646 16645
f 16626 16627 16647
f 16626 16647 16646
f 16627 16628 16648
f 16627 16648 16647
f 16628 16629 16649
f 16628 16649 16648
f 16629 16630 16650
f 16629 16650 16649
f 16630 16631 16651
f 16630 16651 16650
f 16631 16632 16652
f 16631 16652 16651
f 16632 16633 16653
f 16632 16653 16652
f 16633 16634 16654
f 16633 16654 16653
f 16634 16635 16655
f 16634 16655 16654
f 16635 16636 16656
f 16635 16656 16655
f 16636 16637 16657
f 16636 16657 16656
f 16637 16638 16658
f 16637 16658 16657
f 16638 16639 16659
f 16638 16659 16658
f 16639 16640 16660
f 16639 16660 16659
f 16640 16622 16642
f 16640 16642 16660
f 16642 16641 16482
f 16642 16482 16481
f 16641 16643 16485
f 16641 16485 16482
f 16643 16644 16487
f 16643 16487 16485
f 16644 16645 16489
f 16644 16489 16487
f 16645 16646 16491
f 16645 16491 16489
f 16646 16647 16493
f 16646 16493 16491
f 16647 16648 16495
f 16647 16495 16493
f 16648 16649 16497
f 16648 16497 16495
f 16649 16650 16499
f 16649 16499 16497
f 16650 16651 16501
f 16650 16501 16499
f 16651 16652 16503
f 16651 16503 16501
f 16652 16653 16505
f 16652 16505 16503
f 16653 16654 16507
f 16653 16507 16505
f 16654 16655 16509
f 16654 16509 16507
f 16655 16656 16511
f 16655 16511 16509
f 16656 16657 16513
f 16656 16513 16511
f 16657 16658 16515
f 16657 16515 16513
f 16658 16659 16517
f 16658 16517 16515
f 16659 16660 16519
f 16659 16519 16517
f 16660 16642 16481
f 16660 16481 16519
f 16661 16662 16663
f 16661 16663 16664
f 16665 16661 16664
f 16665 16664 16666
f 16662 16667 16668
f 16662 16668 16663
f 16667 16669 16670
f 16667 16670 16668
f 16669 16671 16672
f 16669 16672 16670
f 16671 16673 16674
f 16671 16674 16672
f 16673 16675 16676
f 16673 16676 16674
f 16675 16677 16678
f 16675 16678 16676
f 16677 16679 16680
f 16677 16680 16678
f 16679 16681 16682
f 16679 16682 16680
f 16681 16683 16684
f 16681 16684 16682
f 16683 16685 16686
f 16683 16686 16684
f 16685 16687 16688
f 16685 16688 16686
f 16687 16689 16690
f 16687 16690 16688
f 16689 16691 16692
f 16689 16692 16690
f 16691 16693 16694
f 16691 16694 16692
f 16693 16695 16696
f 16693 16696 16694
f 16695 16697 16698
f 16695 16698 16696
f 16697 16699 16700
f 16697 16700 16698
f 16699 16665 16666
f 16699 16666 16700
f 16462 16461 16362
f 16462 16362 16361
f 16461 16463 16365
f 16461 16365 16362
f 16463 16464 16367
f 16463 16367 16365
f 16464 16465 16369
f 16464 16369 16367
f 16465 16466 16371
f 16465 16371 16369
f 16466 16467 16373
f 16466 16373 16371
f 16467 16468 16375
f 16467 16375 16373
f 16468 16469 16377
f 16468 16377 16375
f 16469 16470 16379
f 16469 16379 16377
f 16470 16471 16381
f 16470 16381 16379
f 16471 16472 16383
f 16471 16383 16381
f 16472 16473 16385
f 16472 16385 16383
f 16473 16474 16387
f 16473 16387 16385
f 16474 16475 16389
f 16474 16389 16387
f 16475 16476 16391
f 16475 16391 16389
f 16476 16477 16393
f 16476 16393 16391
f 16477 16478 16395
f 16477 16395 16393
f 16478 16479 16397
f 16478 16397 16395
f 16479 16480 16399
f 16479 16399 16397
f 16480 16462 16361
f 16480 16361 16399
f 16400 16364 16701
f 16400 16701 16702
f 16398 16400 16702
f 16398 16702 16703
f 16396 16398 16703
f 16396 16703 16704
f 16394 16396 16704
f 16394 16704 16705
f 16392 16394 16705
f 16392 16705 16706
f 16390 16392 16706
f 16390 16706 16707
f 16388 16390 16707
f 16388 16707 16708
f 16386 16388 16708
f 16386 16708 16709
f 16384 16386 16709
f 16384 16709 16710
f 16382 16384 16710
f 16382 16710 16711
f 16380 16382 16711
f 16380 16711 16712
f 16378 16380 16712
f 16378 16712 16713
f 16376 16378 16713
f 16376 16713 16714
f 16374 16376 16714
f 16374 16714 16715
f 16372 16374 16715
f 16372 16715 16716
f 16370 16372 16716
f 16370 16716 16717
f 16368 16370 16717
f 16368 16717 16718
f 16366 16368 16718
f 16366 16718 16719
f 16363 16366 16719
f 16363 16719 16720
f 16364 16363 16720
f 16364 16720 16701
f 16702 16701 16721
f 16702 16721 16722
f 16703 16702 16722
f 16703 16722 16723
f 16704 16703 16723
f 16704 16723 16724
f 16705 16704 16724
f 16705 16724 16725
f 16706 16705 16725
f 16706 16725 16726
f 16707 16706 16726
f 16707 16726 16727
f 16708 16707 16727
f 16708 16727 16728
f 16709 16708 16728
f 16709 16728 16729
f 16710 16709 16729
f 16710 16729 16730
f 16711 16710 16730
f 16711 16730 16731
f 16712 16711 16731
f 16712 16731 16732
f 16713 16712 16732
f 16713 16732 16733
f 16714 16713 16733
f 16714 16733 16734
f 16715 16714 16734
f 16715 16734 16735
f 16716 16715 16735
f 16716 16735 16736
f 16717 16716 16736
f 16717 16736 16737
f 16718 16717 16737
f 16718 16737 16738
f 16719 16718 16738
f 16719 16738 16739
f 16720 16719 16739
f 16720 16739 16740
f 16701 16720 16740
f 16701 16740 16721
f 16722 16721 16741
f 16722 16741 16742
f 16723 16722 16742
f 16723 16742 16743
f 16724 16723 16743
f 16724 16743 16744
f 16725 16724 16744
f 16725 16744 16745
f 16726 16725 16745
f 16726 16745 16746
f 16727 16726 16746
f 16727 16746 16747
f 16728 16727 16747
f 16728 16747 16748
f 16729 16728 16748
f 16729 16748 16749
f 16730 16729 16749
f 16730 16749 16750
f 16731 16730 16750
f 16731 16750 16751
f 16732 16731 16751
f 16732 16751 16752
f 16733 16732 16752
f 16733 16752 16753
f 16734 16733 16753
f 16734 16753 16754
f 16735 16734 16754
f 16735 16754 16755
f 16736 16735 16755
f 16736 16755 16756
f 16737 16736 16756
f 16737 16756 16757
f 16738 16737 16757
f 16738 16757 16758
f 16739 16738 16758
f 16739 16758 16759
f 16740 16739 16759
f 16740 16759 16760
f 16721 16740 16760
f 16721 16760 16741
f 16742 16741 16672
f 16742 16672 16674
f 16743 16742 16674
f 16743 16674 16676
f 16744 16743 16676
f 16744 16676 16678
f 16745 16744 16678
f 16745 16678 16680
f 16746 16745 16680
f 16746 16680 16682
f 16747 16746 16682
f 16747 16682 16684
f 16748 16747 16684
f 16748 16684 16686
f 16749 16748 16686
f 16749 16686 16688
f 16750 16749 16688
f 16750 16688 16690
f 16751 16750 16690
f 16751 16690 16692
f 16752 16751 16692
f 16752 16692 16694
f 16753 16752 16694
f 16753 16694 16696
f 16754 16753 16696
f 16754 16696 16698
f 16755 16754 16698
f 16755 16698 16700
f 16756 16755 16700
f 16756 16700 16666
f 16757 16756 16666
f 16757 16666 16664
f 16758 16757 16664
f 16758 16664 16663
f 16759 16758 16663
f 16759 16663 16668
f 16760 16759 16668
f 16760 16668 16670
f 16741 16760 16670
f 16741 16670 16672
f 16761 16762 16667
f 16761 16667 16662
f 16762 16763 16669
f 16762 16669 16667
f 16763 16764 16671
f 16763 16671 16669
f 16764 16765 16673
f 16764 16673 16671
f 16765 16766 16675
f 16765 16675 16673
f 16766 16767 16677
f 16766 16677 16675
f 16767 16768 16679
f 16767 16679 16677
f 16768 16769 16681
f 16768 16681 16679
f 16769 16770 16683
f 16769 16683 16681
f 16770 16771 16685
f 16770 16685 16683
f 16771 16772 16687
f 16771 16687 16685
f 16772 16773 16689
f 16772 16689 16687
f 16773 16774 16691
f 16773 16691 16689
f 16774 16775 16693
f 16774 16693 16691
f 16775 16776 16695
f 16775 16695 16693
f 16776 16777 16697
f 16776 16697 16695
f 16777 16778 16699
f 16777 16699 16697
f 16778 16779 16665
f 16778 16665 16699
f 16779 16780 16661
f 16779 16661 16665
f 16780 16761 16662
f 16780 16662 16661
f 16282 16281 16302
f 16282 16302 16301
f 16281 16283 16305
f 16281 16305 16302
f 16283 16284 16307
f 16283 16307 16305
f 16284 16285 16309
f 16284 16309 16307
f 16285 16286 16311
f 16285 16311 16309
f 16286 16287 16313
f 16286 16313 16311
f 16287 16288 16315
f 16287 16315 16313
f 16288 16289 16317
f 16288 16317 16315
f 16289 16290 16319
f 16289 16319 16317
f 16290 16291 16321
f 16290 16321 16319
f 16291 16292 16323
f 16291 16323 16321
f 16292 16293 16325
f 16292 16325 16323
f 16293 16294 16327
f 16293 16327 16325
f 16294 16295 16329
f 16294 16329 16327
f 16295 16296 16331
f 16295 16331 16329
f 16296 16297 16333
f 16296 16333 16331
f 16297 16298 16335
f 16297 16335 16333
f 16298 16299 16337
f 16298 16337 16335
f 16299 16300 16339
f 16299 16339 16337
f 16300 16282 16301
f 16300 16301 16339
f 16764 16763 16522
f 16764 16522 16521
f 16763 16762 16525
f 16763 16525 16522
f 16762 16761 16527
f 16762 16527 16525
f 16761 16780 16529
f 16761 16529 16527
f 16780 16779 16531
f 16780 16531 16529
f 16779 16778 16533
f 16779 16533 16531
f 16778 16777 16535
f 16778 16535 16533
f 16777 16776 16537
f 16777 16537 16535
f 16776 16775 16539
f 16776 16539 16537
f 16775 16774 16541
f 16775 16541 16539
f 16774 16773 16543
f 16774 16543 16541
f 16773 16772 16545
f 16773 16545 16543
f 16772 16771 16547
f 16772 16547 16545
f 16771 16770 16549
f 16771 16549 16547
f 16770 16769 16551
f 16770 16551 16549
f 16769 16768 16553
f 16769 16553 16551
f 16768 16767 16555
f 16768 16555 16553
f 16767 16766 16557
f 16767 16557 16555
f 16766 16765 16559
f 16766 16559 16557
f 16765 16764 16521
f 16765 16521 16559
f 16486 16488 16506
f 16486 16506 16508
f 16483 16486 16508
f 16483 16508 16510
f 16510 16512 16484
f 16510 16484 16483
f 16520 16484 16512
f 16520 16512 16514
f 16520 16514 16516
f 16520 16516 16518
f 16504 16506 16488
f 16504 16488 16490
f 16490 16492 16502
f 16490 16502 16504
f 16500 16502 16492
f 16500 16492 16494
f 16496 16498 16500
f 16496 16500 16494
f 16017 16015 16013
f 16017 16013 16019
f 15981 16019 16013
f 15981 16013 16011
f 15982 15981 16011
f 15982 16011 16009
f 15985 15982 16009
f 15985 16009 16007
f 15987 15985 16007
f 15987 16007 16005
f 15989 15987 16005
f 15989 16005 16003
f 15991 15989 16003
f 15991 16003 16001
f 15993 15991 16001
f 15993 16001 15999
f 15997 15995 15993
f 15997 15993 15999
